ID,age,Education,education_level,Marital_Status,Income,Kidhome,Teenhome,household_size,Dt_Customer,tenure_days,Recency,MntWines,MntFruits,MntMeatProducts,MntFishProducts,MntSweetProducts,MntGoldProds,total_spend,campaign_type,NumWebPurchases,NumCatalogPurchases,NumStorePurchases,NumDealsPurchases,total_purchases,dominant_channel,ch_catalog,ch_deals,ch_store,ch_web,AcceptedCmp1,AcceptedCmp2,AcceptedCmp3,AcceptedCmp4,AcceptedCmp5,Response,campaign_acceptance_count,engagement_rate,NumWebVisitsMonth,Complain
5524,67,Graduation,2,Single,58138.0,0,0,1,2012-09-04,4136,58,635,88,546,172,88,88,1617,high_value,8,10,4,3,25,catalog,True,False,False,False,0,0,0,0,0,1,1,0.16666666666666666,7,0
2174,70,Graduation,2,Single,46344.0,1,1,3,2014-03-08,3586,38,11,1,6,2,1,6,27,low_value,1,1,2,2,6,store,False,False,True,False,0,0,0,0,0,0,0,0.0,5,0
4141,59,Graduation,2,Together,71613.0,0,0,1,2013-08-21,3785,26,426,49,127,111,21,42,776,mid_value,8,2,10,1,21,store,False,False,True,False,0,0,0,0,0,0,0,0.0,4,0
6182,40,Graduation,2,Together,26646.0,1,0,2,2014-02-10,3612,26,11,4,20,10,3,5,53,low_value,2,0,4,2,8,store,False,False,True,False,0,0,0,0,0,0,0,0.0,6,0
5324,43,Phd,4,Married,58293.0,1,0,2,2014-01-19,3634,94,173,43,118,46,27,15,422,mid_value,5,3,6,5,19,store,False,False,True,False,0,0,0,0,0,0,0,0.0,5,0
7446,57,Master,3,Together,62513.0,0,1,2,2013-09-09,3766,16,520,42,98,0,42,14,716,mid_value,6,4,10,2,22,store,False,False,True,False,0,0,0,0,0,0,0,0.0,6,0
965,53,Graduation,2,Divorced,55635.0,0,1,2,2012-11-13,4066,34,235,65,164,50,49,27,590,mid_value,7,3,7,4,21,web,False,False,False,True,0,0,0,0,0,0,0,0.0,6,0
6177,39,Phd,4,Married,33454.0,1,0,2,2013-05-08,3890,32,76,10,56,3,1,23,169,mid_value,4,0,4,2,10,web,False,False,False,True,0,0,0,0,0,0,0,0.0,8,0
4855,50,Phd,4,Together,30351.0,1,0,2,2013-06-06,3861,19,14,0,24,3,3,2,46,low_value,3,0,2,1,6,web,False,False,False,True,0,0,0,0,0,1,1,0.16666666666666666,9,0
5899,74,Phd,4,Together,5648.0,1,1,3,2014-03-13,3581,68,28,0,6,1,1,13,49,low_value,1,0,0,1,2,web,False,False,False,True,0,0,1,0,0,0,1,0.16666666666666666,20,0
387,48,Basic,0,Married,7500.0,0,0,1,2012-11-13,4066,59,6,16,11,11,1,16,61,low_value,2,0,3,1,6,store,False,False,True,False,0,0,0,0,0,0,0,0.0,8,0
2125,65,Graduation,2,Divorced,63033.0,0,0,1,2013-11-15,3699,82,194,61,480,225,112,30,1102,high_value,3,4,8,1,16,store,False,False,True,False,0,0,0,0,0,0,0,0.0,2,0
8180,72,Master,3,Divorced,59354.0,1,1,3,2013-11-15,3699,53,233,2,53,3,5,14,310,mid_value,6,1,5,3,15,web,False,False,False,True,0,0,0,0,0,0,0,0.0,6,0
2569,37,Graduation,2,Married,17323.0,0,0,1,2012-10-10,4100,38,3,14,17,6,1,5,46,low_value,1,0,3,1,5,store,False,False,True,False,0,0,0,0,0,0,0,0.0,8,0
2114,78,Phd,4,Single,82800.0,0,0,1,2012-11-24,4055,23,1006,22,115,59,68,45,1315,high_value,7,6,12,1,26,store,False,False,True,False,1,0,0,0,1,1,3,0.5,3,0
9736,44,Graduation,2,Married,41850.0,1,1,3,2012-12-24,4025,51,53,5,19,2,13,4,96,low_value,3,0,3,3,9,web,False,False,False,True,0,0,0,0,0,0,0,0.0,8,0
4939,78,Graduation,2,Together,37760.0,0,0,1,2012-08-31,4140,20,84,5,38,150,12,28,317,mid_value,4,1,6,2,13,store,False,False,True,False,0,0,0,0,0,0,0,0.0,7,0
6565,75,Master,3,Married,76995.0,0,1,2,2013-03-28,3931,91,1012,80,498,0,16,176,1782,high_value,11,4,9,2,26,web,False,False,False,True,1,0,0,0,0,0,1,0.16666666666666666,5,0
2278,39,2N Cycle,1,Single,33812.0,1,0,2,2012-11-03,4076,86,4,17,19,30,24,39,133,mid_value,2,1,3,2,8,store,False,False,True,False,0,0,0,0,0,0,0,0.0,6,0
9360,42,Graduation,2,Married,37040.0,0,0,1,2012-08-08,4163,41,86,2,73,69,38,48,316,mid_value,4,2,5,1,12,store,False,False,True,False,0,0,0,0,0,0,0,0.0,8,0
5376,45,Graduation,2,Married,2447.0,1,0,2,2013-01-06,4012,42,1,1,1725,1,1,1,1730,high_value,0,28,0,15,43,catalog,True,False,False,False,0,0,0,0,0,0,0,0.0,1,0
1993,75,Phd,4,Married,58607.0,0,1,2,2012-12-23,4026,63,867,0,86,0,0,19,972,high_value,2,3,9,3,17,store,False,False,True,False,0,0,0,1,0,0,1,0.16666666666666666,8,0
4047,70,Phd,4,Married,65324.0,0,1,2,2014-01-11,3642,0,384,0,102,21,32,5,544,mid_value,6,2,9,3,20,store,False,False,True,False,0,0,0,0,0,0,0,0.0,4,0
1409,73,Graduation,2,Together,40689.0,0,1,2,2013-03-18,3941,69,270,3,27,39,6,99,444,mid_value,7,1,5,7,20,web,False,False,False,True,0,0,0,0,0,0,0,0.0,8,0
7892,55,Graduation,2,Single,18589.0,0,0,1,2013-01-02,4016,89,6,4,25,15,12,13,75,low_value,2,1,3,2,8,store,False,False,True,False,0,0,0,0,0,0,0,0.0,7,0
2404,48,Graduation,2,Married,53359.0,1,1,3,2013-05-27,3871,4,173,4,30,3,6,41,257,mid_value,5,1,4,4,14,web,False,False,False,True,0,0,0,0,0,0,0,0.0,7,0
9422,35,Graduation,2,Married,38360.0,1,0,2,2013-05-31,3867,26,36,2,42,20,21,10,131,mid_value,2,1,4,2,9,store,False,False,True,False,0,0,0,0,0,0,0,0.0,3,0
1966,59,Phd,4,Married,84618.0,0,0,1,2013-11-22,3692,96,684,100,801,21,66,0,1672,high_value,6,9,10,1,26,store,False,False,True,False,0,0,0,0,1,0,1,0.16666666666666666,2,0
6864,35,Master,3,Divorced,10979.0,0,0,1,2014-05-22,3511,34,8,4,10,2,2,4,30,low_value,3,0,3,2,8,web,False,False,False,True,0,0,0,0,0,0,0,0.0,5,0
3033,61,Master,3,Together,38620.0,0,0,1,2013-05-11,3887,56,112,17,44,34,22,89,318,mid_value,2,5,3,1,11,catalog,True,False,False,False,0,0,0,0,0,0,0,0.0,3,0
5710,54,Graduation,2,Together,40548.0,0,1,2,2012-10-10,4100,31,110,0,5,2,0,3,120,mid_value,2,1,4,2,9,store,False,False,True,False,0,0,0,1,0,0,1,0.16666666666666666,5,0
7373,72,Phd,4,Divorced,46610.0,0,2,3,2012-10-29,4081,8,96,12,96,33,22,43,302,mid_value,4,1,6,6,17,store,False,False,True,False,0,0,0,0,0,1,1,0.16666666666666666,6,0
8755,78,Master,3,Married,68657.0,0,0,1,2013-02-20,3967,4,482,34,471,119,68,22,1196,high_value,3,5,9,1,18,store,False,False,True,False,0,0,0,0,0,0,0,0.0,7,0
10738,73,Master,3,Single,49389.0,1,1,3,2013-08-29,3777,55,40,0,19,2,1,3,65,low_value,2,0,3,1,6,store,False,False,True,False,0,0,0,0,0,0,0,0.0,7,0
4339,54,Phd,4,Married,67353.0,0,1,2,2013-12-31,3653,37,702,17,151,0,8,35,913,high_value,5,6,12,5,28,store,False,False,True,False,0,0,0,0,0,0,0,0.0,2,0
10755,48,2N Cycle,1,Married,23718.0,1,0,2,2013-09-02,3773,76,6,3,14,15,7,36,81,low_value,3,1,2,3,9,web,False,False,False,True,0,0,0,0,0,0,0,0.0,7,0
8595,51,Graduation,2,Widow,42429.0,0,1,2,2014-02-11,3611,99,55,0,6,2,0,4,67,low_value,1,1,3,2,7,store,False,False,True,False,0,0,0,0,0,0,0,0.0,5,0
2968,81,Phd,4,Divorced,48948.0,0,0,1,2013-02-01,3986,53,437,8,206,160,49,42,902,high_value,7,10,5,2,24,catalog,True,False,False,False,0,0,1,0,0,1,2,0.3333333333333333,6,0
8601,44,Graduation,2,Married,80011.0,0,1,2,2013-04-29,3899,3,421,76,536,82,178,102,1395,high_value,8,6,5,2,21,web,False,False,False,True,0,0,0,0,0,0,0,0.0,4,0
503,39,Master,3,Married,20559.0,1,0,2,2013-03-12,3947,88,13,1,29,3,0,7,53,low_value,2,0,3,2,7,store,False,False,True,False,0,0,0,0,0,0,0,0.0,8,0
8430,67,Graduation,2,Together,21994.0,0,1,2,2012-12-24,4025,4,9,0,6,3,1,3,22,low_value,0,0,3,1,4,store,False,False,True,False,0,0,0,0,0,0,0,0.0,5,0
2139,49,Master,3,Married,7500.0,1,0,2,2013-10-02,3743,19,3,1,10,3,2,12,31,low_value,2,0,3,3,8,store,False,False,True,False,0,0,0,0,0,0,0,0.0,5,0
1371,48,Graduation,2,Single,79941.0,0,0,1,2014-06-28,3474,72,123,164,266,227,30,174,984,high_value,2,4,9,1,16,store,False,False,True,False,0,0,0,0,0,0,0,0.0,1,0
9909,28,2N Cycle,1,Married,7500.0,0,0,1,2012-11-09,4070,24,3,18,14,15,22,50,122,mid_value,3,1,3,3,10,web,False,False,False,True,0,0,0,0,0,1,1,0.16666666666666666,9,0
7286,56,Graduation,2,Together,41728.0,1,0,2,2013-05-24,3874,92,13,6,15,3,5,13,55,low_value,2,0,2,1,5,web,False,False,False,True,0,0,0,0,0,0,0,0.0,10,0
6566,70,Phd,4,Married,72550.0,1,1,3,2012-11-08,4071,39,826,50,317,50,38,38,1319,high_value,5,2,12,9,28,store,False,False,True,False,0,0,0,0,0,0,0,0.0,8,0
8614,67,Graduation,2,Widow,65486.0,0,1,2,2014-05-12,3521,29,245,19,125,37,67,14,507,mid_value,4,2,10,1,17,store,False,False,True,False,0,0,0,0,0,0,0,0.0,2,0
4114,60,Master,3,Married,79143.0,0,0,1,2012-08-11,4160,2,650,37,780,27,167,32,1693,high_value,6,9,13,1,29,store,False,False,True,False,0,0,0,0,0,0,0,0.0,3,0
1331,47,Graduation,2,Single,35790.0,1,0,2,2013-01-02,4016,54,12,6,20,30,1,3,72,low_value,2,0,3,2,7,store,False,False,True,False,0,0,0,0,0,0,0,0.0,7,0
2225,47,Graduation,2,Divorced,82582.0,0,0,1,2014-06-07,3495,54,510,120,550,156,40,241,1617,high_value,4,9,7,1,21,catalog,True,False,False,False,1,0,1,0,0,1,3,0.5,1,0
9381,46,Graduation,2,Married,66373.0,1,1,3,2013-06-12,3855,57,328,9,124,12,24,109,606,mid_value,4,2,10,7,23,store,False,False,True,False,0,0,0,0,0,0,0,0.0,3,0
6260,69,Master,3,Together,82384.0,0,0,1,2012-11-19,4060,55,984,51,432,180,120,190,1957,high_value,3,10,13,1,27,store,False,False,True,False,0,0,0,0,1,1,2,0.3333333333333333,1,0
10383,58,Graduation,2,Divorced,70287.0,0,0,1,2013-04-02,3926,30,295,35,482,121,120,40,1093,high_value,5,5,10,1,21,store,False,False,True,False,0,0,0,0,0,1,1,0.16666666666666666,3,0
7437,36,Graduation,2,Single,27938.0,1,0,2,2014-04-28,3535,31,13,0,8,2,1,5,29,low_value,1,0,4,1,6,store,False,False,True,False,0,0,0,0,0,0,0,0.0,3,0
8375,56,Phd,4,Married,55954.0,0,1,2,2014-03-03,3591,63,447,0,28,0,0,43,518,mid_value,8,2,6,3,19,web,False,False,False,True,0,0,0,0,0,0,0,0.0,7,0
6853,42,Master,3,Single,75777.0,0,0,1,2013-07-04,3833,12,712,26,538,69,13,80,1438,high_value,3,6,11,1,21,store,False,False,True,False,0,0,0,1,1,1,3,0.5,1,0
3076,49,Graduation,2,Together,66653.0,1,1,3,2012-09-07,4133,18,452,18,102,16,18,6,612,mid_value,4,2,12,4,22,store,False,False,True,False,0,0,0,0,0,0,0,0.0,3,0
1012,72,Graduation,2,Single,61823.0,0,1,2,2013-02-18,3969,26,523,7,134,37,14,169,884,high_value,8,2,10,4,24,store,False,False,True,False,0,0,0,0,0,0,0,0.0,7,0
6518,73,Phd,4,Widow,67680.0,0,1,2,2013-06-11,3856,8,546,0,48,0,6,6,606,mid_value,7,3,8,1,19,store,False,False,True,False,0,0,0,0,0,0,0,0.0,5,0
4137,76,Graduation,2,Together,70666.0,0,0,1,2013-12-06,3678,29,398,40,367,119,122,30,1076,high_value,7,4,4,1,16,web,False,False,False,True,0,0,0,0,0,0,0,0.0,4,0
8082,53,Graduation,2,Married,25721.0,1,0,2,2013-05-21,3877,75,1,3,6,3,6,15,34,low_value,1,1,2,1,5,store,False,False,True,False,0,0,0,0,0,1,1,0.16666666666666666,7,0
1386,57,Graduation,2,Together,32474.0,1,1,3,2014-05-11,3522,0,10,0,1,0,0,0,11,low_value,1,0,2,1,4,store,False,False,True,False,0,0,0,0,0,0,0,0.0,7,0
9369,45,2N Cycle,1,Single,88194.0,0,1,2,2014-03-19,3575,19,688,14,309,201,24,38,1274,high_value,11,10,10,1,32,web,False,False,False,True,1,0,1,0,0,1,3,0.5,5,0
4477,66,Graduation,2,Together,69096.0,0,1,2,2013-09-27,3748,4,247,49,159,7,82,109,653,mid_value,5,2,10,1,18,store,False,False,True,False,0,0,0,0,0,0,0,0.0,4,0
1357,54,Graduation,2,Together,74854.0,1,2,4,2013-04-08,3920,90,856,59,487,58,29,73,1562,high_value,2,5,5,7,19,deals,False,True,False,False,0,0,0,0,0,0,0,0.0,5,0
1402,70,Master,3,Married,66991.0,0,0,1,2012-09-11,4129,1,496,36,460,189,60,12,1253,high_value,4,8,6,3,21,catalog,True,False,False,False,0,0,0,0,0,0,0,0.0,3,0
6312,65,Graduation,2,Married,65031.0,0,1,2,2013-03-17,3942,29,258,107,291,84,37,86,863,high_value,10,3,13,4,30,store,False,False,True,False,0,0,0,0,0,0,0,0.0,7,0
8132,49,Phd,4,Married,60631.0,1,1,3,2013-04-05,3923,88,565,6,65,0,6,19,661,mid_value,9,2,8,5,24,web,False,False,False,True,0,0,0,1,0,0,1,0.16666666666666666,7,0
1050,72,Graduation,2,Married,28332.0,0,0,1,2014-04-30,3533,58,14,10,13,4,15,9,65,low_value,2,1,4,1,8,store,False,False,True,False,0,0,0,0,0,0,0,0.0,2,0
5846,47,Graduation,2,Divorced,40246.0,1,0,2,2012-12-19,4030,68,2,1,6,2,1,1,13,low_value,1,0,2,1,4,store,False,False,True,False,0,0,0,0,0,0,0,0.0,6,0
1859,52,Master,3,Married,75251.0,0,0,1,2012-08-27,4144,34,721,111,925,97,18,18,1890,high_value,7,6,5,1,19,web,False,False,False,True,0,0,0,0,0,1,1,0.16666666666666666,5,0
7503,48,Graduation,2,Single,75825.0,0,0,1,2012-10-12,4098,40,1032,105,779,137,105,51,2209,high_value,5,8,9,0,22,store,False,False,True,False,0,0,1,0,0,1,2,0.3333333333333333,4,0
10401,48,2N Cycle,1,Together,26326.0,0,0,1,2013-09-04,3771,12,1,0,5,0,3,9,18,low_value,0,0,3,1,4,store,False,False,True,False,0,0,0,0,0,0,0,0.0,3,1
1618,59,Graduation,2,Together,56046.0,0,0,1,2013-01-02,4016,9,577,0,64,0,0,51,692,mid_value,10,1,8,2,21,web,False,False,False,True,0,0,1,0,0,1,2,0.3333333333333333,8,0
3332,39,Graduation,2,Single,29760.0,1,0,2,2012-08-29,4142,87,64,4,68,7,5,17,165,mid_value,3,1,4,4,12,store,False,False,True,False,0,0,0,0,0,0,0,0.0,8,0
2261,55,Graduation,2,Married,26304.0,1,0,2,2013-06-23,3844,5,4,1,5,2,0,4,16,low_value,1,0,2,1,4,store,False,False,True,False,0,0,0,0,0,0,0,0.0,7,0
5346,51,2N Cycle,1,Married,23559.0,1,0,2,2013-07-03,3834,87,25,5,19,7,0,23,79,low_value,3,0,3,3,9,web,False,False,False,True,0,0,0,0,0,0,0,0.0,7,0
4119,61,Master,3,Together,38620.0,0,0,1,2013-05-11,3887,56,112,17,44,34,22,89,318,mid_value,2,5,3,1,11,catalog,True,False,False,False,0,0,0,0,0,0,0,0.0,3,0
535,37,Graduation,2,Divorced,81361.0,0,0,1,2014-02-25,3597,18,163,23,424,27,65,76,778,mid_value,3,10,13,1,27,store,False,False,True,False,0,0,0,0,0,0,0,0.0,1,0
5268,64,Graduation,2,Married,29440.0,1,1,3,2013-08-11,3795,95,17,8,14,10,4,3,56,low_value,1,0,4,2,7,store,False,False,True,False,0,0,0,0,0,0,0,0.0,7,0
273,54,Master,3,Married,36138.0,1,1,3,2013-07-16,3821,48,130,0,16,0,0,5,151,mid_value,3,1,4,5,13,deals,False,True,False,False,0,0,0,1,0,0,1,0.16666666666666666,7,0
4452,67,Graduation,2,Single,50388.0,0,1,2,2014-05-28,3505,3,292,6,37,0,3,34,372,mid_value,6,1,6,4,17,web,False,False,False,True,1,0,0,1,0,1,3,0.5,7,0
8504,51,Graduation,2,Married,79593.0,0,0,1,2014-05-12,3521,70,350,60,568,110,133,145,1366,high_value,5,6,7,1,19,store,False,False,True,False,0,0,0,0,1,0,1,0.16666666666666666,2,0
771,57,Graduation,2,Together,54178.0,0,1,2,2014-01-21,3632,79,135,9,39,4,0,7,194,mid_value,2,2,5,1,10,store,False,False,True,False,0,0,0,0,0,0,0,0.0,2,0
11178,52,Master,3,Single,42394.0,1,0,2,2014-03-23,3571,69,15,2,10,0,1,4,32,low_value,1,0,3,1,5,store,False,False,True,False,0,0,0,0,0,0,0,0.0,7,0
2230,54,Phd,4,Married,23626.0,1,0,2,2014-05-24,3509,84,27,2,14,0,0,0,43,low_value,3,1,3,3,10,web,False,False,False,True,0,0,0,0,0,0,0,0.0,5,0
7516,41,Graduation,2,Married,30096.0,1,0,2,2014-05-22,3511,30,5,3,11,12,5,9,45,low_value,2,0,3,1,6,store,False,False,True,False,0,0,0,0,0,0,0,0.0,6,0
7247,64,Graduation,2,Widow,47916.0,0,1,2,2012-11-22,4057,72,505,0,26,0,0,75,606,mid_value,7,4,6,5,22,web,False,False,False,True,0,0,0,1,0,0,1,0.16666666666666666,6,0
11100,52,Graduation,2,Divorced,51813.0,1,1,3,2013-04-11,3917,37,51,2,7,0,1,2,63,low_value,2,0,3,2,7,store,False,False,True,False,0,0,0,0,0,0,0,0.0,7,0
4646,73,2N Cycle,1,Married,78497.0,0,0,1,2013-12-01,3683,44,207,26,447,75,0,223,978,high_value,5,7,12,1,25,store,False,False,True,False,1,0,0,0,0,0,1,0.16666666666666666,2,0
3037,41,Phd,4,Married,50150.0,0,0,1,2013-06-20,3847,32,135,46,92,65,61,11,410,mid_value,5,2,7,2,16,store,False,False,True,False,0,0,0,0,0,0,0,0.0,5,0
1473,64,2N Cycle,1,Single,47823.0,0,1,2,2013-07-23,3814,0,53,1,5,2,1,10,72,low_value,2,0,3,2,7,store,False,False,True,False,0,0,0,0,0,0,0,0.0,8,0
1016,65,Phd,4,Single,34554.0,0,1,2,2014-03-30,3564,43,41,1,6,2,0,5,55,low_value,2,0,3,2,7,store,False,False,True,False,0,0,0,0,0,0,0,0.0,6,0
4518,45,Graduation,2,Together,85693.0,0,1,2,2013-04-20,3908,59,386,172,183,185,132,111,1169,high_value,9,5,11,2,27,store,False,False,True,False,0,0,0,0,0,0,0,0.0,5,0
9370,79,Phd,4,Married,65846.0,0,0,1,2013-05-17,3881,68,562,81,276,80,40,81,1120,high_value,6,3,6,1,16,web,False,False,False,True,0,0,0,0,0,0,0,0.0,4,0
8908,65,Graduation,2,Married,87195.0,0,0,1,2014-05-08,3525,35,217,76,690,50,26,38,1097,high_value,3,11,5,1,20,catalog,True,False,False,False,0,0,0,0,0,1,1,0.16666666666666666,1,0
8373,45,Basic,0,Together,24594.0,1,0,2,2013-12-10,3674,94,1,3,6,10,0,9,29,low_value,1,0,3,1,5,store,False,False,True,False,0,0,0,0,0,0,0,0.0,5,0
7533,60,Graduation,2,Married,49096.0,1,1,3,2013-09-24,3751,15,144,1,32,2,1,7,187,mid_value,4,1,4,4,13,web,False,False,False,True,0,0,0,0,0,0,0,0.0,7,0
2683,55,Graduation,2,Married,52413.0,0,2,3,2013-02-02,3985,56,295,106,271,75,98,65,910,high_value,6,4,12,4,26,store,False,False,True,False,0,0,0,0,0,0,0,0.0,6,0
3629,46,Graduation,2,Single,38557.0,1,0,2,2012-12-19,4030,17,76,3,31,4,4,27,145,mid_value,3,1,3,2,9,web,False,False,False,True,0,0,0,0,0,0,0,0.0,7,0
10991,64,Master,3,Married,89058.0,0,0,1,2012-12-07,4042,18,454,194,106,31,22,43,850,high_value,5,4,4,1,14,web,False,False,False,True,0,0,0,0,0,0,0,0.0,2,0
5077,45,Graduation,2,Together,77298.0,0,1,2,2013-11-02,3712,46,425,115,292,23,35,79,969,high_value,6,6,11,1,24,store,False,False,True,False,0,0,0,0,0,0,0,0.0,3,0
7431,33,Phd,4,Single,68126.0,0,0,1,2012-11-10,4069,40,1332,17,311,23,51,86,1820,high_value,7,4,5,1,17,web,False,False,False,True,0,0,0,1,0,1,2,0.3333333333333333,9,0
3267,61,Master,3,Together,57288.0,0,1,2,2014-06-25,3477,27,527,0,21,0,0,60,608,mid_value,8,1,8,3,20,web,False,False,False,True,0,0,0,1,0,0,1,0.16666666666666666,6,0
999,33,Graduation,2,Single,86037.0,0,0,1,2013-01-02,4016,95,490,44,125,29,20,22,730,mid_value,6,7,11,1,25,store,False,False,True,False,0,0,0,1,1,1,3,0.5,3,0
9215,44,Phd,4,Married,43974.0,1,0,2,2012-12-12,4037,19,378,0,101,0,0,72,551,mid_value,6,4,6,5,21,web,False,False,False,True,0,0,0,0,0,0,0,0.0,7,0
2286,62,Graduation,2,Single,50785.0,1,1,3,2013-09-10,3765,27,64,1,21,0,1,27,114,low_value,2,1,3,2,8,store,False,False,True,False,0,0,0,0,0,0,0,0.0,6,0
1592,54,Graduation,2,Married,90765.0,0,0,1,2014-01-24,3629,25,547,99,812,151,82,33,1724,high_value,4,6,5,0,15,catalog,True,False,False,False,1,0,0,0,1,0,2,0.3333333333333333,1,0
367,46,2N Cycle,1,Married,36550.0,1,0,2,2013-02-19,3968,74,47,90,94,123,103,120,577,mid_value,9,1,5,5,20,web,False,False,False,True,0,0,0,0,0,0,0,0.0,9,0
5234,57,2N Cycle,1,Together,30753.0,1,1,3,2013-07-11,3826,85,12,5,25,0,9,30,81,low_value,1,1,3,2,7,store,False,False,True,False,0,0,0,0,0,0,0,0.0,5,0
9862,55,Graduation,2,Together,21918.0,1,0,2,2013-11-14,3700,37,1,6,7,11,5,3,33,low_value,2,0,3,2,7,store,False,False,True,False,0,0,0,0,0,0,0,0.0,6,0
9805,71,Master,3,Together,56129.0,0,1,2,2013-06-20,3847,65,320,48,133,39,72,48,660,mid_value,6,2,10,4,22,store,False,False,True,False,0,0,0,0,0,0,0,0.0,4,0
6205,57,Master,3,Single,32557.0,1,0,2,2014-02-24,3598,13,34,3,29,0,4,10,80,low_value,2,1,3,3,9,store,False,False,True,False,0,0,0,0,0,1,1,0.16666666666666666,5,0
8442,39,Master,3,Married,19510.0,2,0,3,2013-09-04,3771,63,9,0,7,3,4,7,30,low_value,1,0,3,2,6,store,False,False,True,False,0,0,0,0,0,0,0,0.0,7,0
7386,48,Graduation,2,Divorced,30992.0,1,0,2,2013-04-22,3906,83,17,0,14,7,3,2,43,low_value,1,0,3,1,5,store,False,False,True,False,0,0,0,0,0,0,0,0.0,7,0
7215,41,Graduation,2,Single,101970.0,0,0,1,2013-03-12,3947,69,722,27,102,44,72,168,1135,high_value,6,8,13,0,27,store,False,False,True,False,1,0,0,1,1,1,4,0.6666666666666666,2,0
1491,59,2N Cycle,1,Together,71488.0,0,0,1,2013-02-18,3969,87,162,33,124,40,28,172,559,mid_value,3,4,7,2,16,store,False,False,True,False,0,0,0,0,0,0,0,0.0,1,0
11071,40,Graduation,2,Single,79607.0,0,0,1,2013-04-21,3907,37,450,133,951,173,0,216,1923,high_value,3,6,6,1,16,catalog,True,False,False,False,0,0,0,0,0,1,1,0.16666666666666666,1,0
3381,71,Master,3,Married,54348.0,1,1,3,2014-06-08,3494,51,70,0,16,0,0,4,90,low_value,2,0,4,2,8,store,False,False,True,False,0,0,0,0,0,0,0,0.0,6,0
11051,68,Phd,4,Together,77376.0,1,1,3,2014-05-10,3523,72,492,19,110,16,12,12,661,mid_value,6,3,10,4,23,store,False,False,True,False,0,0,0,0,0,0,0,0.0,4,0
8026,72,Graduation,2,Married,62998.0,0,1,2,2013-09-30,3745,10,120,58,73,65,89,58,463,mid_value,5,4,5,5,19,web,False,False,False,True,0,0,0,0,0,0,0,0.0,5,0
433,66,Master,3,Single,61331.0,1,1,3,2013-03-10,3949,42,534,5,47,0,5,41,632,mid_value,11,1,6,5,23,web,False,False,False,True,0,0,0,0,0,0,0,0.0,8,0
9597,55,Graduation,2,Married,73448.0,0,0,1,2014-02-10,3612,10,236,106,189,23,41,130,725,mid_value,7,2,9,1,19,store,False,False,True,False,0,0,0,0,0,0,0,0.0,4,0
5290,60,Phd,4,Married,41551.0,1,1,3,2013-08-14,3792,51,220,0,33,3,0,23,279,mid_value,5,1,5,5,16,web,False,False,False,True,0,0,0,0,0,0,0,0.0,8,0
1685,57,Phd,4,Together,62981.0,0,0,1,2013-03-17,3942,21,796,14,590,38,44,0,1482,high_value,4,5,13,1,23,store,False,False,True,False,0,0,0,1,0,0,1,0.16666666666666666,3,0
5342,48,Basic,0,Divorced,9548.0,1,0,2,2012-08-08,4163,31,0,1,3,10,6,9,29,low_value,1,0,3,2,6,store,False,False,True,False,0,0,0,0,0,0,0,0.0,8,0
9579,65,Phd,4,Married,33762.0,2,1,4,2013-07-07,3830,61,53,1,34,2,0,16,106,low_value,2,2,2,3,9,deals,False,True,False,False,0,0,0,0,0,0,0,0.0,8,0
7660,51,Phd,4,Single,35860.0,1,1,3,2014-05-19,3514,37,15,0,8,4,2,20,49,low_value,1,1,2,2,6,store,False,False,True,False,0,0,1,0,0,1,2,0.3333333333333333,5,0
1461,59,Phd,4,Divorced,36921.0,1,1,3,2013-07-28,3809,74,17,1,12,3,1,4,38,low_value,2,0,3,2,7,store,False,False,True,False,0,0,0,0,0,0,0,0.0,7,0
821,32,Master,3,Single,92859.0,0,0,1,2012-10-19,4091,46,962,61,921,52,61,20,2077,high_value,5,4,12,1,22,store,False,False,True,False,0,0,0,0,0,0,0,0.0,2,0
11084,48,Master,3,Together,65104.0,0,1,2,2013-11-14,3700,4,738,0,232,13,20,50,1053,high_value,3,5,7,2,17,store,False,False,True,False,0,0,0,0,0,1,1,0.16666666666666666,7,0
8690,62,Graduation,2,Married,86111.0,0,0,1,2013-04-19,3909,73,399,28,756,36,40,126,1385,high_value,5,7,10,1,23,store,False,False,True,False,0,0,0,0,0,0,0,0.0,2,0
2937,50,Phd,4,Single,68352.0,0,1,2,2013-08-28,3778,47,614,16,132,43,33,33,871,high_value,8,5,9,3,25,store,False,False,True,False,0,0,0,0,0,0,0,0.0,6,0
9701,36,Graduation,2,Together,41883.0,1,0,2,2013-03-19,3940,13,32,34,41,73,16,116,312,mid_value,4,2,3,3,12,web,False,False,False,True,0,0,0,0,0,0,0,0.0,7,0
9949,48,Graduation,2,Married,59809.0,0,2,3,2012-10-18,4092,36,598,16,141,32,41,49,877,high_value,3,3,6,3,15,store,False,False,True,False,0,0,0,0,0,0,0,0.0,8,0
10837,49,Graduation,2,Married,23957.0,1,0,2,2012-10-28,4082,47,2,1,18,20,11,16,68,low_value,2,0,3,1,6,store,False,False,True,False,0,0,0,0,0,1,1,0.16666666666666666,6,0
3120,43,Graduation,2,Together,38547.0,1,0,2,2013-08-28,3778,49,6,1,10,0,1,4,22,low_value,1,0,2,1,4,store,False,False,True,False,0,0,0,0,0,0,0,0.0,8,1
5885,51,2N Cycle,1,Married,35688.0,2,1,4,2012-08-22,4149,94,73,3,90,12,1,32,211,mid_value,4,1,4,7,16,deals,False,True,False,False,0,0,0,0,0,0,0,0.0,8,0
4050,58,Master,3,Married,49605.0,0,0,1,2014-06-21,3481,65,42,16,29,12,20,8,127,mid_value,2,1,4,1,8,store,False,False,True,False,0,0,0,0,0,0,0,0.0,3,0
3830,71,Master,3,Married,59354.0,0,2,3,2014-04-24,3539,59,295,21,78,39,13,13,459,mid_value,4,4,7,1,16,store,False,False,True,False,0,0,0,0,0,0,0,0.0,3,0
7987,55,Graduation,2,Married,65747.0,0,1,2,2014-03-07,3587,96,346,17,48,23,13,13,460,mid_value,8,1,6,4,19,web,False,False,False,True,0,0,0,1,0,0,1,0.16666666666666666,6,0
7798,52,2N Cycle,1,Together,46344.0,0,1,2,2012-12-14,4035,28,233,20,57,8,20,91,429,mid_value,7,1,5,4,17,web,False,False,False,True,0,0,0,0,0,0,0,0.0,7,0
92,36,Graduation,2,Single,34176.0,1,0,2,2014-05-12,3521,12,5,7,24,19,14,20,89,low_value,3,0,4,4,11,store,False,False,True,False,0,0,0,0,0,0,0,0.0,6,0
7055,72,Phd,4,Together,61010.0,0,1,2,2012-10-09,4101,57,888,0,57,0,0,76,1021,high_value,8,5,11,2,26,store,False,False,True,False,0,0,0,0,0,0,0,0.0,5,0
10240,75,Graduation,2,Together,69372.0,0,0,1,2013-02-19,3968,10,997,26,269,34,13,42,1381,high_value,10,4,6,1,21,web,False,False,False,True,0,0,0,1,1,1,3,0.5,4,0
3025,66,Graduation,2,Single,49967.0,0,1,2,2013-07-08,3829,4,212,6,69,4,12,3,306,mid_value,6,1,5,3,15,web,False,False,False,True,0,0,0,0,0,0,0,0.0,7,0
9283,46,Graduation,2,Single,60199.0,1,2,4,2013-09-12,3763,49,8,1,7,2,0,0,18,low_value,0,0,3,1,4,store,False,False,True,False,0,0,0,0,0,0,0,0.0,4,0
9970,47,Graduation,2,Together,55375.0,0,1,2,2013-10-17,3728,3,42,11,57,10,28,14,162,mid_value,1,1,6,1,9,store,False,False,True,False,0,0,0,0,0,0,0,0.0,2,0
2730,69,Graduation,2,Single,80317.0,0,0,1,2013-08-20,3786,64,536,11,387,149,91,57,1231,high_value,3,4,10,1,18,store,False,False,True,False,0,0,0,0,0,0,0,0.0,1,0
2795,66,Master,3,Single,30523.0,2,1,4,2013-07-01,3836,0,5,0,3,0,0,5,13,low_value,1,0,2,1,4,store,False,False,True,False,0,0,0,0,0,0,0,0.0,7,0
9260,79,Phd,4,Married,70356.0,0,0,1,2012-11-05,4074,20,1349,16,249,43,16,33,1706,high_value,10,6,9,2,27,web,False,False,False,True,0,0,0,0,0,0,0,0.0,6,0
8182,40,Graduation,2,Married,23228.0,1,0,2,2014-01-05,3648,91,53,3,49,7,4,5,121,mid_value,3,0,4,4,11,store,False,False,True,False,0,0,0,0,0,0,0,0.0,8,0
10095,49,Phd,4,Divorced,74165.0,0,0,1,2013-05-01,3897,9,1001,12,240,16,12,12,1293,high_value,5,4,10,1,20,store,False,False,True,False,0,0,0,0,0,0,0,0.0,2,0
8475,51,Phd,4,Married,157243.0,0,1,2,2014-03-01,3593,98,20,2,1582,1,2,1,1608,high_value,0,22,0,15,37,catalog,True,False,False,False,0,0,0,0,0,0,0,0.0,0,0
4370,58,Graduation,2,Together,43482.0,2,1,4,2013-11-13,3701,83,18,1,32,6,3,28,88,low_value,2,0,4,3,9,store,False,False,True,False,0,0,0,0,0,0,0,0.0,6,0
10573,71,Graduation,2,Divorced,62551.0,0,0,1,2013-11-18,3696,27,125,16,98,134,21,27,421,mid_value,6,7,4,1,18,catalog,True,False,False,False,0,0,1,0,0,0,1,0.16666666666666666,3,0
3712,65,Graduation,2,Divorced,52332.0,0,0,1,2013-08-28,3778,63,212,5,33,7,0,2,259,mid_value,3,2,6,1,12,store,False,False,True,False,0,0,0,1,0,0,1,0.16666666666666666,4,0
6637,36,Graduation,2,Single,66951.0,0,0,1,2013-11-02,3712,46,277,162,305,173,76,124,1117,high_value,3,4,7,1,15,store,False,False,True,False,0,0,0,0,0,0,0,0.0,1,0
3152,67,Graduation,2,Together,26091.0,1,1,3,2014-02-25,3597,84,15,10,19,8,17,20,89,low_value,2,1,3,3,9,store,False,False,True,False,0,0,0,0,0,0,0,0.0,5,0
5610,59,Graduation,2,Together,33456.0,1,1,3,2014-04-21,3542,58,7,3,10,8,1,7,36,low_value,1,0,3,2,6,store,False,False,True,False,0,0,0,0,0,0,0,0.0,7,0
6460,42,Graduation,2,Married,28718.0,1,0,2,2013-07-13,3824,78,12,4,6,11,8,16,57,low_value,2,0,3,2,7,store,False,False,True,False,0,0,0,0,0,0,0,0.0,8,0
1349,54,Graduation,2,Married,50447.0,2,0,3,2014-04-21,3542,4,85,7,24,2,3,27,148,mid_value,3,1,3,1,8,web,False,False,False,True,0,0,0,0,0,0,0,0.0,6,0
1880,65,Phd,4,Together,53537.0,1,1,3,2014-01-30,3623,17,81,0,6,0,0,6,93,low_value,2,1,3,2,8,store,False,False,True,False,0,0,0,0,0,0,0,0.0,5,0
641,57,Graduation,2,Single,52074.0,0,1,2,2014-04-04,3559,77,59,0,12,0,0,48,119,mid_value,2,2,2,1,7,web,False,False,False,True,0,0,1,0,0,0,1,0.16666666666666666,4,0
8717,49,Phd,4,Married,80427.0,0,1,2,2012-09-12,4128,56,1149,71,449,69,71,26,1835,high_value,11,8,8,1,28,web,False,False,False,True,0,0,0,0,0,0,0,0.0,5,0
10314,76,Phd,4,Married,83837.0,0,0,1,2012-12-16,4033,79,847,66,119,86,89,111,1318,high_value,9,10,5,1,25,catalog,True,False,False,False,1,0,0,1,0,1,3,0.5,4,0
10854,54,Phd,4,Married,38853.0,1,1,3,2014-05-23,3510,90,29,0,14,0,0,2,45,low_value,2,0,3,2,7,store,False,False,True,False,0,0,0,0,0,0,0,0.0,7,0
10492,65,Graduation,2,Together,38285.0,2,1,4,2014-06-24,3478,96,2,0,5,2,0,1,10,low_value,0,0,3,1,4,store,False,False,True,False,0,0,0,0,0,0,0,0.0,2,0
6935,73,2N Cycle,1,Married,78497.0,0,0,1,2013-12-01,3683,44,207,26,447,75,0,223,978,high_value,5,7,12,1,25,store,False,False,True,False,1,0,0,0,0,0,1,0.16666666666666666,2,0
7698,48,Phd,4,Married,51650.0,0,1,2,2014-05-11,3522,81,152,3,22,2,5,7,191,mid_value,4,1,4,1,10,web,False,False,False,True,0,0,0,0,0,0,0,0.0,5,0
3559,36,2N Cycle,1,Married,16248.0,1,0,2,2014-05-10,3523,77,12,11,10,3,12,9,57,low_value,2,1,3,3,9,store,False,False,True,False,0,0,0,0,0,0,0,0.0,6,0
10562,78,Master,3,Married,66835.0,0,0,1,2013-09-28,3747,21,620,26,195,34,17,141,1033,high_value,6,4,13,1,24,store,False,False,True,False,0,0,0,0,0,0,0,0.0,2,0
10796,40,Master,3,Married,30477.0,1,0,2,2014-01-22,3631,16,47,1,6,0,0,12,66,low_value,1,1,3,1,6,store,False,False,True,False,0,0,0,0,0,0,0,0.0,6,0
2563,63,Basic,0,Married,28249.0,0,0,1,2014-06-15,3487,80,1,9,7,2,14,10,43,low_value,2,0,3,1,6,store,False,False,True,False,0,0,0,0,0,0,0,0.0,6,0
3518,41,Graduation,2,Married,25271.0,1,0,2,2012-12-05,4044,45,10,1,18,10,4,7,50,low_value,1,1,2,1,5,store,False,False,True,False,0,0,0,0,0,0,0,0.0,9,0
5823,54,Phd,4,Single,32303.0,0,1,2,2014-03-08,3586,63,35,0,2,0,0,2,39,low_value,1,0,4,2,7,store,False,False,True,False,0,0,0,0,0,0,0,0.0,5,0
3934,58,Graduation,2,Married,61286.0,0,1,2,2013-08-02,3804,34,356,0,107,19,9,117,608,mid_value,7,1,8,2,18,store,False,False,True,False,0,0,0,0,0,0,0,0.0,5,0
6982,48,Graduation,2,Married,74068.0,0,0,1,2013-03-19,3940,14,783,30,537,140,76,15,1581,high_value,4,10,9,1,24,catalog,True,False,False,False,0,0,0,0,0,0,0,0.0,2,0
6431,60,Phd,4,Married,45759.0,1,1,3,2013-02-23,3964,13,42,1,18,3,0,4,68,low_value,2,0,3,2,7,store,False,False,True,False,0,0,0,0,0,0,0,0.0,7,0
9733,46,Basic,0,Together,24882.0,1,0,2,2012-09-09,4131,52,1,4,10,29,0,36,80,low_value,1,1,2,1,5,store,False,False,True,False,0,0,1,0,0,0,1,0.16666666666666666,6,0
5602,35,Phd,4,Together,66973.0,0,0,1,2013-05-17,3881,98,466,22,432,147,113,102,1282,high_value,8,7,12,1,28,store,False,False,True,False,0,0,0,0,0,0,0,0.0,3,0
1324,36,Graduation,2,Married,38872.0,1,0,2,2013-05-30,3868,93,23,3,21,3,19,22,91,low_value,3,0,3,2,8,web,False,False,False,True,0,0,0,0,0,0,0,0.0,8,0
326,51,Graduation,2,Married,51148.0,1,1,3,2013-02-18,3969,38,235,6,45,8,9,12,315,mid_value,5,1,6,4,16,store,False,False,True,False,0,0,0,0,0,0,0,0.0,6,0
7224,47,Graduation,2,Married,31353.0,1,1,3,2013-12-29,3655,24,10,0,10,3,1,7,31,low_value,1,1,2,2,6,store,False,False,True,False,0,0,0,0,0,0,0,0.0,8,0
6999,44,Master,3,Married,69661.0,0,0,1,2014-05-13,3520,80,656,16,106,32,16,8,834,high_value,7,3,12,1,23,store,False,False,True,False,0,0,0,0,0,0,0,0.0,3,0
9938,70,Graduation,2,Married,80067.0,0,0,1,2013-09-19,3756,82,519,17,813,27,173,51,1600,high_value,4,6,6,1,17,catalog,True,False,False,False,0,0,0,0,1,0,1,0.16666666666666666,2,0
6422,70,Graduation,2,Married,86718.0,0,0,1,2013-01-17,4001,20,344,189,482,50,33,172,1270,high_value,5,6,5,1,17,catalog,True,False,False,False,0,0,0,0,0,0,0,0.0,2,0
3182,51,Phd,4,Single,46854.0,1,1,3,2014-03-31,3563,81,96,1,79,7,1,79,263,mid_value,5,1,3,6,15,deals,False,True,False,False,0,0,1,0,0,1,2,0.3333333333333333,8,0
7300,72,Graduation,2,Divorced,69142.0,0,1,2,2014-06-29,3473,50,448,4,34,6,4,39,535,mid_value,8,1,7,3,19,web,False,False,False,True,0,0,0,1,0,0,1,0.16666666666666666,5,0
10424,56,Graduation,2,Single,75922.0,0,0,1,2013-12-09,3675,60,265,138,553,224,23,92,1295,high_value,4,4,9,1,18,store,False,False,True,False,0,0,0,0,0,0,0,0.0,1,0
8727,46,Graduation,2,Divorced,63693.0,0,1,2,2013-10-14,3731,63,587,43,337,42,87,54,1150,high_value,11,6,9,3,29,web,False,False,False,True,0,0,0,0,0,0,0,0.0,6,0
2798,47,Phd,4,Together,102160.0,0,0,1,2012-11-02,4077,54,763,29,138,76,176,58,1240,high_value,7,9,10,0,26,store,False,False,True,False,1,0,0,1,1,1,4,0.6666666666666666,4,0
1030,59,Phd,4,Single,40637.0,1,1,3,2013-07-17,3820,72,22,0,13,0,0,3,38,low_value,1,0,3,2,6,store,False,False,True,False,0,0,0,0,0,0,0,0.0,7,0
624,40,Master,3,Single,18890.0,0,0,1,2012-11-10,4069,5,6,4,1,7,2,15,35,low_value,0,1,2,1,4,store,False,False,True,False,0,0,1,0,0,1,2,0.3333333333333333,6,0
5176,36,Graduation,2,Together,29604.0,1,0,2,2013-12-08,3676,88,7,6,13,7,6,14,53,low_value,1,0,3,1,5,store,False,False,True,False,0,0,1,0,0,0,1,0.16666666666666666,9,0
5552,61,Master,3,Divorced,48721.0,1,1,3,2013-05-13,3885,50,81,18,113,47,13,21,293,mid_value,4,2,5,6,17,deals,False,True,False,False,0,0,0,0,0,0,0,0.0,6,0
868,58,Graduation,2,Married,44794.0,0,1,2,2014-06-08,3494,99,54,0,7,0,0,4,65,low_value,2,0,3,1,6,store,False,False,True,False,0,0,0,0,0,0,0,0.0,6,0
380,70,Graduation,2,Divorced,64497.0,0,1,2,2012-09-10,4130,17,1170,48,320,42,32,192,1804,high_value,11,4,9,5,29,web,False,False,False,True,0,0,1,0,0,1,2,0.3333333333333333,8,0
2677,68,Graduation,2,Together,46097.0,0,1,2,2013-03-31,3928,11,72,24,68,65,4,8,241,mid_value,3,1,6,5,15,store,False,False,True,False,0,0,0,0,0,0,0,0.0,4,0
6521,70,Graduation,2,Together,77972.0,0,0,1,2014-03-18,3576,18,613,22,319,33,102,12,1101,high_value,4,6,9,1,20,store,False,False,True,False,0,0,0,0,0,0,0,0.0,1,0
6927,56,Phd,4,Married,44377.0,1,1,3,2012-10-05,4105,70,224,0,30,0,0,10,264,mid_value,5,1,5,8,19,deals,False,True,False,False,0,0,0,0,0,0,0,0.0,8,0
2877,50,Master,3,Together,46014.0,1,1,3,2013-01-21,3997,21,410,0,59,19,9,44,541,mid_value,7,1,8,10,26,deals,False,True,False,False,0,0,0,0,0,0,0,0.0,7,0
0,39,Graduation,2,Married,70951.0,0,0,1,2013-05-04,3894,66,239,10,554,254,87,54,1198,high_value,3,4,9,1,17,store,False,False,True,False,0,0,0,0,0,0,0,0.0,1,0
1584,47,Graduation,2,Married,41443.0,1,0,2,2014-04-01,3562,79,171,7,171,25,19,89,482,mid_value,8,1,5,6,20,web,False,False,False,True,0,0,0,0,0,0,0,0.0,8,0
7264,46,2N Cycle,1,Single,52195.0,2,1,4,2014-05-12,3521,2,12,0,4,0,0,1,17,low_value,1,0,2,1,4,store,False,False,True,False,0,0,0,0,0,0,0,0.0,8,0
6274,76,Master,3,Married,83790.0,0,0,1,2013-11-15,3699,81,1076,16,417,42,48,16,1615,high_value,8,10,6,1,25,catalog,True,False,False,False,0,0,0,1,1,0,2,0.3333333333333333,3,0
1377,70,Master,3,Widow,44551.0,0,1,2,2013-08-31,3775,24,182,4,33,0,0,66,285,mid_value,4,1,5,2,12,store,False,False,True,False,0,0,0,0,0,0,0,0.0,7,0
454,44,Graduation,2,Together,69508.0,1,0,2,2012-11-14,4065,48,824,32,162,42,32,43,1135,high_value,11,4,11,2,28,web,False,False,False,True,0,0,0,0,0,0,0,0.0,6,0
1755,36,2N Cycle,1,Together,45204.0,1,0,2,2014-04-11,3552,93,30,11,25,29,1,18,114,low_value,1,1,4,1,7,store,False,False,True,False,0,0,0,0,0,0,0,0.0,3,0
2075,55,Graduation,2,Married,72460.0,0,0,1,2013-11-14,3700,56,377,10,540,80,30,10,1047,high_value,3,5,7,1,16,store,False,False,True,False,0,0,0,0,0,0,0,0.0,1,0
4785,54,Phd,4,Together,77622.0,0,2,3,2014-04-14,3549,3,520,7,154,19,0,14,714,mid_value,6,3,11,2,22,store,False,False,True,False,0,0,0,0,0,0,0,0.0,3,0
9076,44,Phd,4,Married,30732.0,1,0,2,2013-01-05,4013,44,155,1,25,0,1,3,185,mid_value,4,1,4,4,13,web,False,False,False,True,0,0,0,0,0,0,0,0.0,8,0
7079,62,Graduation,2,Divorced,63887.0,0,1,2,2012-09-08,4132,38,897,23,207,15,11,92,1245,high_value,9,6,12,5,32,store,False,False,True,False,0,0,0,0,0,0,0,0.0,6,0
4653,46,Graduation,2,Together,42011.0,1,0,2,2013-03-26,3933,46,131,0,16,2,1,39,189,mid_value,3,1,4,4,12,store,False,False,True,False,0,0,0,0,0,0,0,0.0,8,0
7375,48,Graduation,2,Together,51369.0,0,1,2,2012-10-25,4085,84,297,7,79,0,11,182,576,mid_value,8,2,4,2,16,web,False,False,False,True,0,0,0,0,0,0,0,0.0,8,0
709,72,Graduation,2,Divorced,51537.0,0,1,2,2012-12-09,4040,27,787,20,204,0,0,92,1103,high_value,2,2,11,3,18,store,False,False,True,False,0,0,0,0,0,0,0,0.0,8,0
460,52,Phd,4,Married,79930.0,0,0,1,2012-08-08,4163,72,792,86,740,67,51,17,1753,high_value,3,5,8,1,17,store,False,False,True,False,0,0,0,0,0,0,0,0.0,2,0
3726,38,Phd,4,Together,34320.0,1,0,2,2014-02-16,3606,66,4,1,9,3,0,0,17,low_value,1,0,2,1,4,store,False,False,True,False,0,0,0,0,0,0,0,0.0,8,0
6798,58,Graduation,2,Single,37070.0,1,1,3,2013-03-20,3939,30,231,7,137,4,15,39,433,mid_value,5,1,8,9,23,deals,False,True,False,False,0,0,0,0,0,1,1,0.16666666666666666,7,0
5341,62,2N Cycle,1,Divorced,81975.0,0,1,2,2013-01-05,4013,2,983,76,184,180,138,27,1588,high_value,6,3,4,1,14,web,False,False,False,True,0,0,0,0,1,0,1,0.16666666666666666,7,0
1606,53,Graduation,2,Together,38590.0,1,0,2,2013-05-15,3883,65,3,1,8,4,3,3,22,low_value,1,0,2,1,4,store,False,False,True,False,0,0,0,0,0,0,0,0.0,8,0
9617,73,Graduation,2,Single,15033.0,0,0,1,2014-04-16,3547,37,0,4,5,6,0,4,19,low_value,1,0,3,1,5,store,False,False,True,False,0,0,0,0,0,0,0,0.0,3,0
3233,59,Phd,4,Married,62745.0,0,1,2,2013-03-23,3936,89,562,21,464,28,10,32,1117,high_value,7,8,11,3,29,store,False,False,True,False,0,0,0,0,0,0,0,0.0,5,0
89,49,2N Cycle,1,Married,22212.0,1,0,2,2013-12-09,3675,49,5,9,20,6,8,21,69,low_value,2,0,4,2,8,store,False,False,True,False,0,0,0,0,0,0,0,0.0,6,0
2936,42,Master,3,Together,23661.0,1,0,2,2013-12-04,3680,46,18,0,4,0,0,1,23,low_value,1,0,3,1,5,store,False,False,True,False,0,0,0,0,0,0,0,0.0,7,0
9449,66,Phd,4,Single,79761.0,0,1,2,2013-10-04,3741,32,415,5,124,15,35,11,605,mid_value,5,2,11,1,19,store,False,False,True,False,0,0,0,0,0,0,0,0.0,3,0
7297,51,Graduation,2,Single,7500.0,1,0,2,2013-12-26,3658,54,5,3,10,12,7,20,57,low_value,3,1,3,4,11,deals,False,True,False,False,0,0,0,0,0,0,0,0.0,7,0
313,56,Graduation,2,Widow,73455.0,0,0,1,2013-10-28,3717,98,901,61,757,186,163,20,2088,high_value,6,5,10,1,22,store,False,False,True,False,0,0,0,1,0,0,1,0.16666666666666666,3,0
9940,66,Graduation,2,Together,64961.0,0,1,2,2012-12-23,4026,97,382,114,276,75,124,38,1009,high_value,6,4,4,2,16,web,False,False,False,True,0,0,0,0,0,0,0,0.0,3,0
10735,53,Graduation,2,Single,22804.0,1,0,2,2013-07-31,3806,75,14,1,7,2,1,1,26,low_value,2,0,2,1,5,web,False,False,False,True,0,0,0,0,0,0,0,0.0,9,0
9529,34,Graduation,2,Married,73687.0,0,0,1,2013-11-28,3686,8,559,153,503,218,13,181,1627,high_value,3,9,9,1,22,catalog,True,False,False,False,1,0,0,0,0,1,2,0.3333333333333333,2,0
6439,66,Graduation,2,Married,61074.0,0,1,2,2012-08-17,4154,37,789,0,133,0,28,152,1102,high_value,11,5,8,7,31,web,False,False,False,True,0,0,0,0,0,0,0,0.0,7,0
7411,60,Phd,4,Married,31686.0,1,1,3,2014-06-05,3497,31,11,0,5,0,0,1,17,low_value,1,0,3,2,6,store,False,False,True,False,0,0,0,0,0,0,0,0.0,6,0
2176,52,Graduation,2,Married,80134.0,1,0,2,2013-05-20,3878,40,1218,16,272,104,0,80,1690,high_value,5,3,6,2,16,store,False,False,True,False,1,0,0,1,1,1,4,0.6666666666666666,6,0
9265,71,Graduation,2,Married,75027.0,0,1,2,2013-01-09,4009,74,925,64,179,133,12,77,1390,high_value,9,4,6,2,21,web,False,False,False,True,0,0,0,0,0,0,0,0.0,5,0
8867,36,Phd,4,Married,67546.0,0,0,1,2012-08-31,4140,90,864,134,768,150,38,172,2126,high_value,4,10,5,1,20,catalog,True,False,False,False,0,0,0,0,0,0,0,0.0,3,0
8932,55,Master,3,Together,65176.0,0,1,2,2012-10-29,4081,57,960,28,183,220,70,70,1531,high_value,9,6,6,4,25,web,False,False,False,True,0,0,0,0,0,0,0,0.0,6,0
10236,49,Master,3,Single,31160.0,1,0,2,2013-09-16,3759,59,16,3,25,6,1,13,64,low_value,2,0,3,2,7,store,False,False,True,False,0,0,0,0,0,0,0,0.0,8,0
6340,39,Graduation,2,Single,29938.0,1,0,2,2013-10-27,3718,52,3,3,7,0,2,11,26,low_value,1,0,3,2,6,store,False,False,True,False,0,0,0,0,0,0,0,0.0,6,0
10089,50,Graduation,2,Divorced,102692.0,0,0,1,2013-04-05,3923,5,168,148,444,32,172,148,1112,high_value,6,9,13,1,29,store,False,False,True,False,1,1,0,1,1,1,5,0.8333333333333334,2,0
2227,66,2N Cycle,1,Together,26490.0,0,0,1,2012-09-22,4118,92,45,47,52,21,20,25,210,mid_value,3,1,5,2,11,store,False,False,True,False,0,0,0,0,0,0,0,0.0,6,0
10992,57,Graduation,2,Together,75702.0,1,1,3,2012-08-29,4142,77,650,28,353,45,42,30,1148,high_value,4,6,11,5,26,store,False,False,True,False,0,0,0,0,0,0,0,0.0,8,0
5304,50,Phd,4,Single,30899.0,1,0,2,2012-10-13,4097,35,24,0,8,0,0,1,33,low_value,1,0,3,2,6,store,False,False,True,False,0,0,0,0,0,0,0,0.0,6,0
309,63,Phd,4,Together,63342.0,0,1,2,2012-10-16,4094,48,918,21,118,13,10,21,1101,high_value,8,3,5,3,19,web,False,False,False,True,0,0,0,1,0,0,1,0.16666666666666666,6,0
3406,60,Graduation,2,Single,45989.0,0,1,2,2012-10-22,4088,97,138,33,87,28,24,12,322,mid_value,3,2,7,4,16,store,False,False,True,False,0,0,0,0,0,0,0,0.0,3,0
2661,60,Graduation,2,Single,18701.0,1,1,3,2013-06-04,3863,95,12,4,2,10,6,10,44,low_value,2,0,4,4,10,store,False,False,True,False,0,0,0,0,0,0,0,0.0,5,0
3153,67,Phd,4,Single,40737.0,2,1,4,2013-12-08,3676,24,11,0,4,0,0,2,17,low_value,1,0,2,1,4,store,False,False,True,False,0,0,0,0,0,0,0,0.0,8,0
10264,45,Graduation,2,Divorced,15287.0,1,0,2,2012-10-10,4100,60,1,2,8,4,3,13,31,low_value,1,1,2,2,6,store,False,False,True,False,0,0,1,0,0,1,2,0.3333333333333333,7,0
1184,56,Phd,4,Divorced,69674.0,0,2,3,2013-05-22,3876,46,554,41,215,11,0,24,845,high_value,10,2,10,3,25,web,False,False,False,True,0,0,0,0,0,0,0,0.0,5,0
4200,54,Master,3,Married,44159.0,1,0,2,2014-06-17,3485,85,167,2,62,24,13,7,275,mid_value,4,1,6,4,15,store,False,False,True,False,0,0,0,0,0,0,0,0.0,5,0
9396,46,Phd,4,Married,37717.0,1,0,2,2012-11-23,4056,31,9,0,6,4,1,5,25,low_value,1,0,2,1,4,store,False,False,True,False,0,0,0,0,0,0,0,0.0,9,0
2387,72,Master,3,Together,43776.0,1,1,3,2013-02-03,3984,9,177,2,71,3,2,20,275,mid_value,5,2,4,6,17,deals,False,True,False,False,0,0,0,0,0,1,1,0.16666666666666666,8,0
6690,58,Master,3,Married,38179.0,1,1,3,2013-03-14,3945,30,38,4,22,4,2,20,90,low_value,3,1,3,4,11,deals,False,True,False,False,0,0,0,0,0,0,0,0.0,7,0
1225,61,Graduation,2,Married,80124.0,0,0,1,2014-06-26,3476,47,483,84,398,205,84,241,1495,high_value,3,7,8,1,19,store,False,False,True,False,0,0,1,0,0,0,1,0.16666666666666666,1,0
9703,54,Phd,4,Married,38097.0,1,1,3,2012-10-15,4095,70,77,2,35,0,1,69,184,mid_value,3,2,2,4,11,deals,False,True,False,False,0,0,1,0,0,1,2,0.3333333333333333,7,0
291,54,Graduation,2,Married,72940.0,0,0,1,2013-06-19,3848,13,182,74,298,162,149,116,981,high_value,3,3,6,1,13,store,False,False,True,False,0,0,0,0,0,0,0,0.0,1,0
4557,54,Graduation,2,Together,22070.0,1,0,2,2013-10-04,3741,11,10,7,19,8,2,21,67,low_value,2,2,2,2,8,web,False,False,False,True,0,0,0,0,0,0,0,0.0,6,0
2379,71,Graduation,2,Single,69267.0,0,0,1,2012-09-22,4118,31,778,44,499,95,73,146,1635,high_value,3,4,5,2,14,store,False,False,True,False,0,0,0,0,0,1,1,0.16666666666666666,7,0
5726,41,Master,3,Single,31788.0,1,0,2,2014-03-20,3574,15,16,7,23,0,8,6,60,low_value,3,0,4,3,10,store,False,False,True,False,0,0,0,0,0,0,0,0.0,5,1
3066,49,Phd,4,Together,61905.0,0,1,2,2014-02-04,3618,2,167,0,43,6,2,13,231,mid_value,4,2,4,2,12,web,False,False,False,True,0,0,0,0,0,0,0,0.0,5,0
6336,64,Graduation,2,Married,29315.0,1,1,3,2014-04-06,3557,55,13,2,14,8,7,4,48,low_value,2,0,4,4,10,store,False,False,True,False,0,0,0,0,0,0,0,0.0,6,0
10967,61,Graduation,2,Divorced,33378.0,1,1,3,2013-02-06,3981,38,33,6,40,3,7,10,99,low_value,2,0,4,3,9,store,False,False,True,False,0,0,0,0,0,0,0,0.0,7,0
2304,61,Phd,4,Together,66313.0,0,1,2,2013-09-16,3759,86,625,7,99,10,22,7,770,mid_value,6,3,12,2,23,store,False,False,True,False,0,0,0,0,0,0,0,0.0,4,0
3445,68,Graduation,2,Single,60714.0,0,0,1,2013-01-17,4001,56,216,162,224,101,92,162,957,high_value,7,4,10,2,23,store,False,False,True,False,0,0,0,0,0,1,1,0.16666666666666666,5,0
7828,43,Master,3,Together,77882.0,0,0,1,2014-04-30,3533,29,68,129,396,188,22,15,818,mid_value,3,3,5,1,12,store,False,False,True,False,0,0,0,0,0,0,0,0.0,1,0
3762,38,Phd,4,Single,69867.0,0,0,1,2013-04-02,3926,30,196,0,512,33,130,54,925,high_value,3,5,8,1,17,store,False,False,True,False,1,0,0,0,0,1,2,0.3333333333333333,1,0
4391,56,Master,3,Divorced,63841.0,0,1,2,2013-04-21,3907,64,635,15,100,20,7,131,908,high_value,9,3,9,1,22,web,False,False,False,True,0,0,0,0,0,0,0,0.0,6,0
4669,43,Basic,0,Married,24480.0,1,0,2,2013-02-11,3976,46,4,19,9,28,25,17,102,low_value,3,0,4,3,10,store,False,False,True,False,0,0,0,0,0,0,0,0.0,7,0
10144,48,Graduation,2,Together,51369.0,0,1,2,2012-10-25,4085,84,297,7,79,0,11,182,576,mid_value,8,2,4,2,16,web,False,False,False,True,0,0,0,0,0,0,0,0.0,8,0
8652,78,Graduation,2,Together,37760.0,0,0,1,2012-08-31,4140,20,84,5,38,150,12,28,317,mid_value,4,1,6,2,13,store,False,False,True,False,0,0,0,0,0,0,0,0.0,7,0
1672,50,Phd,4,Together,65640.0,0,1,2,2014-03-01,3593,74,204,7,149,20,15,66,461,mid_value,5,1,8,1,15,store,False,False,True,False,0,0,0,0,0,0,0,0.0,2,0
8962,49,Master,3,Married,44319.0,1,1,3,2014-04-17,3546,18,26,0,8,0,0,3,37,low_value,2,0,3,2,7,store,False,False,True,False,0,0,0,0,0,0,0,0.0,5,0
9974,50,Graduation,2,Married,30631.0,1,0,2,2013-07-12,3825,75,15,6,20,4,5,20,70,low_value,3,1,2,1,7,web,False,False,False,True,0,0,0,0,0,0,0,0.0,7,0
10983,72,Graduation,2,Together,75278.0,0,0,1,2013-01-29,3989,17,304,98,230,150,74,74,930,high_value,6,3,13,1,23,store,False,False,True,False,0,0,0,0,0,0,0,0.0,3,0
8148,68,Master,3,Together,50898.0,1,1,3,2013-01-08,4010,88,285,28,242,55,114,135,859,high_value,6,2,12,13,33,deals,False,True,False,False,0,0,0,0,0,0,0,0.0,5,0
10102,58,Graduation,2,Widow,79946.0,0,0,1,2014-05-12,3521,19,395,183,565,166,141,28,1478,high_value,5,11,5,1,22,catalog,True,False,False,False,0,0,0,0,0,0,0,0.0,3,0
4697,75,Master,3,Divorced,35416.0,0,0,1,2013-06-13,3854,62,248,3,81,4,3,51,390,mid_value,7,1,5,3,16,web,False,False,False,True,0,0,0,0,0,0,0,0.0,8,0
9262,40,2N Cycle,1,Together,32414.0,0,0,1,2013-07-04,3833,11,20,6,5,0,9,12,52,low_value,1,0,3,1,5,store,False,False,True,False,0,0,1,0,0,0,1,0.16666666666666666,7,0
7254,55,Graduation,2,Together,38361.0,1,0,2,2013-12-27,3657,74,39,0,56,20,8,14,137,mid_value,3,1,3,3,10,web,False,False,False,True,0,0,0,0,0,0,0,0.0,7,0
4543,44,Graduation,2,Married,82497.0,0,0,1,2012-10-31,4079,32,777,129,573,216,21,203,1919,high_value,2,7,9,1,19,store,False,False,True,False,0,0,0,0,1,0,1,0.16666666666666666,4,0
4927,53,Graduation,2,Together,16626.0,2,0,3,2014-01-15,3638,76,8,3,22,21,1,13,68,low_value,3,0,3,3,9,web,False,False,False,True,0,0,0,0,0,0,0,0.0,9,0
10451,59,Graduation,2,Together,29672.0,1,1,3,2013-03-12,3947,6,9,1,3,0,4,8,25,low_value,0,0,3,1,4,store,False,False,True,False,0,0,0,0,0,0,0,0.0,6,0
2926,72,Master,3,Together,55951.0,0,1,2,2012-08-23,4148,62,1241,0,80,0,13,40,1374,high_value,3,6,11,3,23,store,False,False,True,False,0,1,0,1,0,0,2,0.3333333333333333,8,0
2874,36,2N Cycle,1,Divorced,35388.0,1,0,2,2013-03-07,3952,20,6,4,7,4,3,8,32,low_value,1,0,3,1,5,store,False,False,True,False,0,0,0,0,0,0,0,0.0,7,0
9738,38,Master,3,Together,42386.0,1,0,2,2013-01-13,4005,43,65,4,16,0,4,11,100,low_value,3,0,3,1,7,web,False,False,False,True,0,0,0,0,0,0,0,0.0,8,0
7119,42,Graduation,2,Single,68627.0,0,0,1,2013-01-12,4006,45,395,15,263,60,54,38,825,mid_value,2,3,6,1,12,store,False,False,True,False,0,0,0,0,0,0,0,0.0,1,0
3924,59,Phd,4,Divorced,57912.0,0,1,2,2014-03-17,3577,34,801,0,80,0,0,35,916,high_value,8,3,12,5,28,store,False,False,True,False,0,0,0,1,0,0,1,0.16666666666666666,5,0
5827,66,Graduation,2,Divorced,35246.0,1,1,3,2014-04-16,3547,53,36,0,12,2,2,10,62,low_value,3,1,3,4,11,deals,False,True,False,False,0,0,0,0,0,0,0,0.0,5,0
5596,68,2N Cycle,1,Together,58821.0,0,1,2,2013-10-12,3733,44,513,14,154,19,0,28,728,mid_value,9,2,9,1,21,web,False,False,False,True,0,0,0,0,0,0,0,0.0,6,0
10812,46,Phd,4,Married,46377.0,1,0,2,2014-03-01,3593,89,37,0,46,4,3,0,90,low_value,2,1,3,1,7,store,False,False,True,False,0,0,0,0,0,0,0,0.0,4,0
1717,36,Graduation,2,Single,39747.0,1,0,2,2014-04-13,3550,43,80,15,93,20,13,52,273,mid_value,5,1,4,3,13,web,False,False,False,True,0,0,0,0,0,0,0,0.0,8,0
9491,40,Graduation,2,Together,23976.0,1,0,2,2013-12-27,3657,68,14,1,21,2,3,25,66,low_value,3,1,3,3,10,web,False,False,False,True,0,0,0,0,0,0,0,0.0,7,0
9274,63,Master,3,Married,80950.0,0,0,1,2013-03-28,3931,44,525,147,112,219,147,63,1213,high_value,6,7,9,1,23,store,False,False,True,False,1,0,0,0,0,0,1,0.16666666666666666,2,0
6609,58,Graduation,2,Widow,27038.0,0,0,1,2012-09-18,4122,64,1,26,25,17,23,15,107,low_value,3,0,3,1,7,web,False,False,False,True,0,0,0,0,0,1,1,0.16666666666666666,9,0
6963,77,Graduation,2,Single,77457.0,0,0,1,2014-03-05,3589,85,675,11,400,15,45,11,1157,high_value,2,5,10,1,18,store,False,False,True,False,0,0,0,0,1,0,1,0.16666666666666666,1,0
4440,60,Master,3,Married,64100.0,0,1,2,2013-09-10,3765,93,509,0,27,0,0,10,546,mid_value,8,3,6,1,18,web,False,False,False,True,0,0,0,1,0,0,1,0.16666666666666666,7,0
1379,32,Master,3,Together,42670.0,0,0,1,2013-04-27,3901,12,154,2,46,20,4,15,241,mid_value,4,2,4,1,11,web,False,False,False,True,0,0,0,0,0,0,0,0.0,4,0
10032,48,Graduation,2,Divorced,12571.0,1,0,2,2014-01-18,3635,86,3,5,14,2,12,17,53,low_value,3,1,3,4,11,deals,False,True,False,False,0,0,0,0,0,0,0,0.0,6,0
2826,57,Graduation,2,Married,22574.0,2,1,4,2013-10-28,3717,28,25,0,8,2,0,2,37,low_value,2,0,3,2,7,store,False,False,True,False,0,0,0,0,0,0,0,0.0,7,0
6320,48,Master,3,Single,70893.0,0,0,1,2013-02-06,3981,42,768,44,561,77,44,14,1508,high_value,6,6,10,1,23,store,False,False,True,False,0,0,0,0,0,0,0,0.0,3,0
3050,58,Graduation,2,Married,54198.0,1,1,3,2013-12-17,3667,13,185,0,28,3,2,17,235,mid_value,3,1,6,6,16,store,False,False,True,False,0,0,0,0,0,0,0,0.0,4,0
231,68,Master,3,Together,28839.0,1,1,3,2014-03-11,3583,86,24,0,7,0,0,1,32,low_value,2,0,3,2,7,store,False,False,True,False,0,0,0,0,0,0,0,0.0,5,0
2392,52,Graduation,2,Married,40321.0,1,1,3,2013-07-29,3808,59,44,4,21,6,0,27,102,low_value,3,0,3,2,8,web,False,False,False,True,0,0,0,0,0,0,0,0.0,7,0
9478,39,Graduation,2,Single,66503.0,1,0,2,2012-08-14,4157,30,91,64,128,65,3,50,401,mid_value,4,3,6,2,15,store,False,False,True,False,0,0,0,0,0,0,0,0.0,3,0
113,73,Graduation,2,Married,30833.0,1,1,3,2013-07-16,3821,33,11,0,7,3,1,6,28,low_value,1,0,3,2,6,store,False,False,True,False,0,0,0,0,0,0,0,0.0,5,0
1802,53,Graduation,2,Married,64795.0,0,1,2,2013-01-17,4001,23,412,5,119,38,29,77,680,mid_value,3,3,12,3,21,store,False,False,True,False,0,0,0,0,0,0,0,0.0,2,0
520,50,Graduation,2,Married,34421.0,1,0,2,2013-07-01,3836,81,3,3,7,6,2,9,30,low_value,1,0,2,1,4,store,False,False,True,False,0,0,0,0,0,0,0,0.0,7,0
8275,59,Phd,4,Divorced,47025.0,1,1,3,2014-02-09,3613,6,16,0,3,0,0,1,20,low_value,1,0,2,1,4,store,False,False,True,False,0,0,0,0,0,0,0,0.0,7,0
9750,63,Phd,4,Divorced,64325.0,0,1,2,2013-02-07,3980,41,731,60,353,78,12,73,1307,high_value,10,3,5,5,23,web,False,False,False,True,0,0,0,0,0,0,0,0.0,7,0
2607,71,Graduation,2,Single,40464.0,0,1,2,2013-01-11,4007,78,424,17,118,7,23,41,630,mid_value,8,2,8,6,24,web,False,False,False,True,0,0,0,0,0,0,0,0.0,8,0
7214,67,Graduation,2,Married,62187.0,0,0,1,2013-07-05,3832,49,792,0,275,45,45,126,1283,high_value,4,8,5,1,18,catalog,True,False,False,False,0,0,0,0,0,0,0,0.0,3,0
5835,48,Phd,4,Divorced,14849.0,1,0,2,2013-07-02,3835,39,21,2,28,3,2,9,65,low_value,2,0,4,3,9,store,False,False,True,False,0,0,0,0,0,0,0,0.0,8,0
3896,40,Graduation,2,Married,27255.0,1,0,2,2013-11-07,3707,3,22,1,11,0,1,2,37,low_value,1,0,3,1,5,store,False,False,True,False,0,0,0,0,0,0,0,0.0,7,0
10350,74,Phd,4,Married,54432.0,2,1,4,2013-05-09,3889,37,33,0,5,0,0,0,38,low_value,1,0,3,1,5,store,False,False,True,False,0,0,0,0,0,0,0,0.0,4,0
7786,38,Phd,4,Single,29999.0,1,0,2,2013-02-13,3974,22,68,7,59,10,5,11,160,mid_value,3,1,4,4,12,store,False,False,True,False,0,0,0,0,0,0,0,0.0,8,0
2861,41,Graduation,2,Single,24072.0,1,0,2,2013-04-16,3912,79,9,1,6,3,0,4,23,low_value,1,0,2,1,4,store,False,False,True,False,0,0,0,0,0,0,0,0.0,8,0
663,35,Phd,4,Single,33996.0,0,0,1,2013-09-11,3764,46,40,2,15,8,0,6,71,low_value,1,1,3,1,6,store,False,False,True,False,0,0,0,0,0,0,0,0.0,4,0
10675,68,Phd,4,Married,66334.0,0,1,2,2013-04-03,3925,82,909,11,218,0,0,23,1161,high_value,9,3,5,2,19,web,False,False,False,True,0,0,0,0,0,1,1,0.16666666666666666,5,0
2521,53,Master,3,Married,35178.0,1,0,2,2013-01-10,4008,10,23,1,13,2,2,18,59,low_value,1,1,2,1,5,store,False,False,True,False,0,0,1,0,0,1,2,0.3333333333333333,7,0
9592,41,Graduation,2,Together,22010.0,1,0,2,2013-06-30,3837,51,11,2,9,3,0,8,33,low_value,2,0,3,2,7,store,False,False,True,False,0,0,0,0,0,0,0,0.0,8,0
10151,64,Graduation,2,Divorced,62204.0,0,2,3,2012-09-12,4128,38,317,46,247,151,46,139,946,high_value,4,5,12,1,22,store,False,False,True,False,0,0,0,0,0,0,0,0.0,3,0
7381,56,Graduation,2,Divorced,75693.0,0,0,1,2012-12-06,4043,10,797,153,293,72,97,30,1442,high_value,11,4,6,1,22,web,False,False,False,True,1,0,0,1,1,1,4,0.6666666666666666,4,0
4099,52,Graduation,2,Married,30675.0,1,0,2,2012-11-12,4067,14,10,2,16,11,2,21,62,low_value,1,0,3,1,5,store,False,False,True,False,0,0,0,0,0,0,0,0.0,8,0
9560,59,Graduation,2,Together,83003.0,0,0,1,2013-03-03,3956,18,856,61,570,40,25,122,1674,high_value,7,6,8,1,22,store,False,False,True,False,0,0,0,0,1,1,2,0.3333333333333333,3,0
10172,36,Graduation,2,Single,68655.0,0,0,1,2012-08-10,4161,95,456,19,832,75,118,38,1538,high_value,4,5,11,1,21,store,False,False,True,False,0,0,0,0,0,0,0,0.0,3,0
11191,38,Graduation,2,Divorced,41411.0,0,0,1,2013-12-07,3677,11,37,32,38,11,3,18,139,mid_value,2,1,4,1,8,store,False,False,True,False,0,0,0,0,0,0,0,0.0,6,0
9707,55,Phd,4,Married,55212.0,0,1,2,2012-11-23,4056,65,1103,0,45,0,0,34,1182,high_value,4,2,11,3,20,store,False,False,True,False,0,1,0,1,0,0,2,0.3333333333333333,8,0
6245,74,Phd,4,Together,59292.0,0,1,2,2013-06-13,3854,71,378,14,68,19,14,14,507,mid_value,3,5,8,2,18,store,False,False,True,False,0,0,0,0,0,0,0,0.0,3,0
8234,51,Basic,0,Together,27190.0,1,0,2,2013-08-15,3791,13,1,6,7,0,1,3,18,low_value,1,0,2,1,4,store,False,False,True,False,0,0,1,0,0,1,2,0.3333333333333333,8,0
1411,72,Graduation,2,Divorced,82623.0,0,0,1,2013-11-10,3704,58,204,34,204,172,153,173,940,high_value,2,9,4,1,16,catalog,True,False,False,False,0,0,0,0,0,0,0,0.0,1,0
8553,59,Graduation,2,Married,44300.0,1,1,3,2013-06-23,3844,65,30,0,9,0,0,3,42,low_value,1,0,3,2,6,store,False,False,True,False,0,0,0,0,0,0,0,0.0,6,0
1826,54,Graduation,2,Divorced,84835.0,0,0,1,2014-06-16,3486,0,189,104,379,111,189,218,1190,high_value,4,4,6,1,15,store,False,False,True,False,0,0,0,0,0,1,1,0.16666666666666666,1,0
8842,53,Graduation,2,Widow,30372.0,1,1,3,2012-12-25,4024,33,15,0,12,7,3,7,44,low_value,2,0,3,3,8,store,False,False,True,False,0,0,0,0,0,0,0,0.0,7,0
11030,48,Master,3,Married,33181.0,1,0,2,2014-01-03,3650,90,9,0,3,0,0,4,16,low_value,1,0,2,1,4,store,False,False,True,False,0,0,1,0,0,0,1,0.16666666666666666,6,0
2579,67,Graduation,2,Married,71113.0,0,1,2,2013-12-17,3667,95,495,33,255,11,33,8,835,high_value,6,7,9,4,26,store,False,False,True,False,0,0,0,0,0,0,0,0.0,4,0
175,38,Graduation,2,Married,71952.0,1,0,2,2013-01-10,4008,93,656,80,455,52,107,93,1443,high_value,8,4,8,2,22,web,False,False,False,True,0,0,1,0,1,0,2,0.3333333333333333,4,0
9185,58,Phd,4,Single,69759.0,0,0,1,2013-10-28,3717,38,452,20,514,13,30,0,1029,high_value,4,6,5,3,18,catalog,True,False,False,False,0,0,0,0,0,1,1,0.16666666666666666,3,0
11056,50,Graduation,2,Married,72099.0,0,0,1,2012-10-27,4083,18,546,91,410,119,0,22,1188,high_value,3,4,10,1,18,store,False,False,True,False,0,0,0,0,0,0,0,0.0,1,0
9365,48,Phd,4,Single,60000.0,0,1,2,2012-12-22,4027,57,1048,0,217,0,0,12,1277,high_value,11,3,5,5,24,web,False,False,False,True,0,0,0,0,0,0,0,0.0,6,0
6201,46,Graduation,2,Single,38643.0,1,1,3,2013-11-29,3685,45,22,2,14,0,1,10,49,low_value,2,0,3,2,7,store,False,False,True,False,0,0,0,0,0,0,0,0.0,7,1
2061,69,Graduation,2,Married,50737.0,0,1,2,2013-05-11,3887,61,78,0,11,0,0,10,99,low_value,2,0,4,1,7,store,False,False,True,False,0,0,0,1,0,0,1,0.16666666666666666,6,0
6184,55,Phd,4,Married,68462.0,0,0,1,2012-12-12,4037,6,561,64,785,84,128,48,1670,high_value,3,3,8,1,15,store,False,False,True,False,0,0,0,0,0,0,0,0.0,1,0
6142,81,Master,3,Married,65073.0,0,0,1,2013-08-20,3786,65,629,17,177,69,0,8,900,high_value,5,3,5,1,14,web,False,False,False,True,0,0,0,0,0,0,0,0.0,2,1
4107,76,Phd,4,Together,46681.0,0,2,3,2013-10-08,3737,52,269,15,69,15,19,38,425,mid_value,4,6,4,2,16,catalog,True,False,False,False,0,0,0,0,0,0,0,0.0,5,0
7274,67,Graduation,2,Married,78618.0,0,0,1,2012-09-28,4112,87,736,163,818,212,163,61,2153,high_value,4,7,10,1,22,store,False,False,True,False,0,0,0,1,0,0,1,0.16666666666666666,2,0
9336,55,Phd,4,Widow,62187.0,0,1,2,2014-03-22,3572,38,512,0,83,0,0,41,636,mid_value,6,2,10,3,21,store,False,False,True,False,0,0,0,0,0,0,0,0.0,4,0
2958,46,Graduation,2,Married,28442.0,2,0,3,2014-02-24,3598,53,19,3,10,11,8,6,57,low_value,2,1,4,3,10,store,False,False,True,False,0,0,0,0,0,0,0,0.0,4,0
933,46,Phd,4,Married,37717.0,1,0,2,2012-11-23,4056,31,9,0,6,4,1,5,25,low_value,1,0,2,1,4,store,False,False,True,False,0,0,0,0,0,0,0,0.0,9,0
5837,57,Graduation,2,Married,51479.0,1,1,3,2012-12-28,4021,67,247,8,160,6,8,65,494,mid_value,6,3,6,7,22,deals,False,True,False,False,0,0,0,0,0,0,0,0.0,7,0
10704,55,Graduation,2,Single,54803.0,0,1,2,2012-08-21,4150,65,404,0,92,28,27,142,693,mid_value,6,2,9,2,19,store,False,False,True,False,0,0,0,0,0,0,0,0.0,4,0
5125,64,Graduation,2,Married,79530.0,0,0,1,2013-05-17,3881,64,333,0,815,129,42,29,1348,high_value,4,10,11,1,26,store,False,False,True,False,0,0,0,0,0,0,0,0.0,2,0
4432,48,Graduation,2,Divorced,31615.0,1,0,2,2013-03-16,3943,82,2,3,20,6,11,9,51,low_value,2,0,3,2,7,store,False,False,True,False,0,0,0,0,0,0,0,0.0,7,0
5955,62,Graduation,2,Together,72025.0,0,0,1,2012-11-17,4062,27,833,33,549,151,133,233,1932,high_value,4,3,8,1,16,store,False,False,True,False,0,0,0,0,0,0,0,0.0,3,0
2928,49,Phd,4,Single,52614.0,0,1,2,2012-12-01,4048,63,789,0,142,12,9,38,990,high_value,2,4,8,2,16,store,False,False,True,False,0,0,0,0,0,0,0,0.0,8,0
5680,40,2N Cycle,1,Married,35684.0,1,0,2,2014-04-22,3541,66,10,4,7,0,6,3,30,low_value,1,0,3,1,5,store,False,False,True,False,0,0,0,0,0,0,0,0.0,6,0
10313,49,Graduation,2,Married,48178.0,1,1,3,2012-10-28,4082,69,159,4,45,6,2,38,254,mid_value,5,1,4,6,16,deals,False,True,False,False,0,0,0,0,0,0,0,0.0,8,0
2557,54,Master,3,Single,29548.0,1,0,2,2013-08-29,3777,52,7,1,6,3,1,11,29,low_value,1,1,2,1,5,store,False,False,True,False,0,0,1,0,0,0,1,0.16666666666666666,4,0
1245,58,Graduation,2,Single,63810.0,0,1,2,2012-11-11,4068,45,977,12,253,16,12,101,1371,high_value,4,3,12,4,23,store,False,False,True,False,0,0,0,1,0,0,1,0.16666666666666666,8,0
1519,52,Phd,4,Single,38578.0,1,1,3,2013-06-22,3845,2,38,4,22,3,3,3,73,low_value,3,0,3,3,9,web,False,False,False,True,0,0,0,0,0,1,1,0.16666666666666666,8,0
10703,49,Master,3,Single,46098.0,1,1,3,2012-08-18,4153,86,57,0,27,0,0,36,120,mid_value,3,2,2,4,11,deals,False,True,False,False,0,0,0,0,0,0,0,0.0,8,0
1726,54,Graduation,2,Single,22585.0,0,0,1,2013-03-18,3941,23,3,9,15,13,2,39,81,low_value,1,1,2,1,5,store,False,False,True,False,0,0,1,0,0,1,2,0.3333333333333333,9,0
4459,35,Graduation,2,Single,30279.0,1,0,2,2012-12-30,4019,13,10,4,14,4,4,1,37,low_value,1,0,3,1,5,store,False,False,True,False,0,0,0,0,0,0,0,0.0,8,0
1729,63,Phd,4,Together,66426.0,0,1,2,2013-10-02,3743,14,1043,24,97,32,24,157,1377,high_value,3,5,10,2,20,store,False,False,True,False,0,0,0,0,0,0,0,0.0,6,0
1517,55,Graduation,2,Single,30822.0,1,0,2,2013-06-14,3853,92,3,9,13,2,12,12,51,low_value,1,0,3,1,5,store,False,False,True,False,0,0,0,0,0,0,0,0.0,7,0
2098,55,Phd,4,Married,33581.0,2,0,3,2013-01-08,4010,38,11,0,5,0,0,1,17,low_value,1,0,2,1,4,store,False,False,True,False,0,0,0,0,0,0,0,0.0,8,0
9543,39,Graduation,2,Married,19986.0,1,0,2,2013-11-14,3700,74,3,6,5,0,2,6,22,low_value,0,0,3,1,4,store,False,False,True,False,0,0,0,0,0,0,0,0.0,7,0
6878,70,Graduation,2,Widow,27421.0,0,0,1,2012-12-12,4037,14,43,12,96,78,40,55,324,mid_value,4,1,6,3,14,store,False,False,True,False,0,0,0,0,0,0,0,0.0,7,0
3310,51,2N Cycle,1,Married,35688.0,2,1,4,2012-08-22,4149,94,73,3,90,12,1,32,211,mid_value,4,1,4,7,16,deals,False,True,False,False,0,0,0,0,0,0,0,0.0,8,0
2724,43,Master,3,Single,36143.0,1,0,2,2014-03-30,3564,33,12,0,1,0,0,6,19,low_value,0,1,2,1,4,store,False,False,True,False,0,0,0,0,0,0,0,0.0,3,0
948,53,Graduation,2,Single,10245.0,1,0,2,2013-05-15,3883,32,4,7,7,6,4,13,41,low_value,1,2,2,3,8,deals,False,True,False,False,0,0,0,0,0,0,0,0.0,5,0
6720,56,Master,3,Together,43795.0,0,1,2,2013-10-16,3729,11,314,11,53,4,3,107,492,mid_value,7,3,4,3,17,web,False,False,False,True,0,0,0,1,0,1,2,0.3333333333333333,7,0
6202,64,Graduation,2,Together,63381.0,0,1,2,2012-10-05,4105,78,571,50,142,33,50,159,1005,high_value,4,5,13,4,26,store,False,False,True,False,0,0,0,0,0,0,0,0.0,2,0
2066,75,Graduation,2,Together,38823.0,0,1,2,2012-08-30,4141,56,70,0,11,2,8,23,114,low_value,2,1,3,1,7,store,False,False,True,False,0,0,0,0,0,0,0,0.0,6,0
9799,56,Phd,4,Divorced,83664.0,1,1,3,2013-05-08,3890,57,866,21,151,28,21,86,1173,high_value,2,2,12,3,19,store,False,False,True,False,0,0,0,0,0,0,0,0.0,5,0
8318,45,Graduation,2,Together,90300.0,0,0,1,2014-01-03,3650,7,594,134,786,33,134,57,1738,high_value,5,6,8,0,19,store,False,False,True,False,0,0,0,0,1,0,1,0.16666666666666666,1,0
5642,45,Master,3,Together,62499.0,1,0,2,2013-12-09,3675,0,140,4,61,0,13,4,222,mid_value,3,1,6,2,12,store,False,False,True,False,0,0,0,0,0,0,0,0.0,4,0
2669,31,Graduation,2,Single,74293.0,0,0,1,2014-05-04,3529,66,375,152,335,93,91,81,1127,high_value,5,4,6,1,16,store,False,False,True,False,0,0,0,0,0,0,0,0.0,2,0
455,78,Phd,4,Married,51012.0,0,0,1,2013-04-18,3910,86,102,9,63,2,9,24,209,mid_value,4,1,4,1,10,web,False,False,False,True,0,0,0,0,0,0,0,0.0,6,0
7683,56,Master,3,Married,70777.0,0,1,2,2014-02-25,3597,80,554,35,113,0,7,78,787,mid_value,5,3,12,3,23,store,False,False,True,False,0,0,0,0,0,0,0,0.0,3,0
3428,33,Phd,4,Together,68682.0,0,0,1,2013-10-06,3739,56,919,0,505,99,30,45,1598,high_value,4,9,10,1,24,store,False,False,True,False,0,0,0,0,0,0,0,0.0,2,0
7414,53,Graduation,2,Married,43824.0,1,1,3,2012-09-15,4125,18,96,1,42,12,3,32,186,mid_value,3,1,4,4,12,store,False,False,True,False,0,0,0,0,0,0,0,0.0,8,0
6354,40,Graduation,2,Together,15345.0,1,0,2,2012-08-31,4140,51,5,2,16,3,2,19,47,low_value,1,1,2,2,6,store,False,False,True,False,0,0,0,0,0,1,1,0.16666666666666666,8,0
798,37,Graduation,2,Single,23442.0,1,0,2,2012-12-24,4025,71,2,0,6,8,6,5,27,low_value,1,0,3,1,5,store,False,False,True,False,0,0,0,0,0,0,0,0.0,7,0
8213,44,2N Cycle,1,Together,14515.0,1,0,2,2012-11-09,4070,71,6,4,9,6,36,35,96,low_value,2,2,3,4,11,deals,False,True,False,False,0,0,0,0,0,1,1,0.16666666666666666,7,0
2488,68,2N Cycle,1,Divorced,31395.0,1,1,3,2013-03-23,3936,80,23,1,25,0,8,7,64,low_value,2,1,3,4,10,deals,False,True,False,False,0,0,0,0,0,0,0,0.0,6,0
9999,59,Graduation,2,Together,75276.0,0,0,1,2012-09-27,4113,2,610,105,125,137,42,21,1040,high_value,9,4,9,1,23,web,False,False,False,True,0,0,0,0,0,0,0,0.0,5,0
7617,50,Graduation,2,Single,42373.0,1,1,3,2013-08-15,3791,83,67,5,61,3,8,19,163,mid_value,2,1,5,5,13,store,False,False,True,False,0,0,0,0,0,0,0,0.0,5,0
615,64,Graduation,2,Together,30507.0,0,0,1,2013-03-11,3948,29,65,36,74,38,20,110,343,mid_value,5,1,4,1,11,web,False,False,False,True,0,0,0,0,0,0,0,0.0,7,0
2552,69,Phd,4,Single,55521.0,1,2,4,2013-10-22,3723,11,416,0,26,0,0,4,446,mid_value,6,3,6,9,24,deals,False,True,False,False,0,0,0,1,0,1,2,0.3333333333333333,7,0
194,59,Graduation,2,Married,48006.0,1,1,3,2014-06-09,3493,55,23,0,11,3,2,2,41,low_value,1,0,3,1,5,store,False,False,True,False,0,0,0,0,0,0,0,0.0,6,0
3645,52,Phd,4,Single,27213.0,1,0,2,2012-08-30,4141,19,19,3,26,10,9,3,70,low_value,2,0,4,3,9,store,False,False,True,False,0,0,0,0,0,1,1,0.16666666666666666,8,0
8890,53,Phd,4,Divorced,65808.0,1,1,3,2014-05-30,3503,1,155,7,80,13,7,10,272,mid_value,5,1,5,3,14,web,False,False,False,True,0,0,0,0,0,0,0,0.0,6,0
5049,50,Phd,4,Together,30351.0,1,0,2,2013-06-06,3861,19,14,0,24,3,3,2,46,low_value,3,0,2,1,6,web,False,False,False,True,0,0,0,0,0,0,0,0.0,9,0
9973,61,Graduation,2,Married,50437.0,0,2,3,2012-10-17,4093,28,370,9,92,6,9,4,490,mid_value,7,1,8,3,19,store,False,False,True,False,0,0,0,0,0,0,0,0.0,7,0
7301,42,2N Cycle,1,Single,23616.0,1,0,2,2012-11-17,4062,76,4,22,11,3,7,32,79,low_value,3,0,3,2,8,web,False,False,False,True,0,0,0,0,0,1,1,0.16666666666666666,8,0
10882,48,Graduation,2,Married,53858.0,0,1,2,2012-11-09,4070,50,407,53,221,58,150,26,915,high_value,4,3,6,4,17,store,False,False,True,False,0,0,0,0,0,0,0,0.0,4,0
7030,69,Phd,4,Married,66465.0,0,1,2,2013-03-30,3929,1,1200,0,204,38,29,14,1485,high_value,11,9,12,3,35,store,False,False,True,False,1,0,0,0,0,0,1,0.16666666666666666,6,0
7422,37,Graduation,2,Single,46923.0,1,0,2,2012-08-22,4149,90,85,44,54,102,78,6,369,mid_value,5,1,7,3,16,store,False,False,True,False,0,0,0,0,0,0,0,0.0,7,0
3523,62,Graduation,2,Together,75072.0,0,1,2,2013-01-23,3995,83,583,34,309,0,22,125,1073,high_value,5,4,8,2,19,store,False,False,True,False,0,0,0,0,0,0,0,0.0,3,0
7106,81,Phd,4,Married,75865.0,0,0,1,2014-03-31,3563,73,483,0,591,156,0,12,1242,high_value,3,5,10,1,19,store,False,False,True,False,0,0,0,0,0,0,0,0.0,1,0
6504,49,2N Cycle,1,Together,19789.0,1,0,2,2013-11-20,3694,24,2,5,9,28,6,28,78,low_value,2,1,3,3,9,store,False,False,True,False,0,0,1,0,0,0,1,0.16666666666666666,5,0
5067,30,Graduation,2,Together,80134.0,0,0,1,2014-02-14,3608,11,966,26,282,52,26,26,1378,high_value,2,7,11,1,21,store,False,False,True,False,1,1,0,1,1,0,4,0.6666666666666666,5,0
4216,43,Graduation,2,Single,91065.0,0,0,1,2013-02-22,3965,33,822,114,108,179,137,114,1474,high_value,7,9,9,1,26,catalog,True,False,False,False,1,0,0,0,1,1,3,0.5,3,0
8581,53,Master,3,Married,49505.0,1,1,3,2013-03-05,3954,4,604,0,100,19,0,28,751,mid_value,10,2,8,9,29,web,False,False,False,True,0,0,0,0,0,0,0,0.0,8,0
5929,51,Phd,4,Married,37401.0,1,0,2,2014-05-06,3527,14,19,3,19,3,1,3,48,low_value,2,0,3,2,7,store,False,False,True,False,0,0,0,0,0,0,0,0.0,7,0
3129,41,Graduation,2,Married,30096.0,1,0,2,2014-05-22,3511,30,5,3,11,12,5,9,45,low_value,2,0,3,1,6,store,False,False,True,False,0,0,0,0,0,0,0,0.0,6,0
6528,42,Master,3,Together,18492.0,1,0,2,2014-06-05,3497,75,2,2,2,2,1,1,10,low_value,1,0,2,1,4,store,False,False,True,False,0,0,0,0,0,0,0,0.0,8,0
1361,50,Master,3,Married,82584.0,0,0,1,2013-06-04,3863,26,1076,68,103,29,91,68,1435,high_value,3,4,8,1,16,store,False,False,True,False,0,0,0,1,1,1,3,0.5,1,0
6932,83,Phd,4,Married,93027.0,0,0,1,2013-04-13,3915,77,1285,42,716,55,0,21,2119,high_value,7,10,5,0,22,catalog,True,False,False,False,0,0,0,0,1,0,1,0.16666666666666666,2,0
7284,71,Graduation,2,Married,48686.0,1,2,4,2013-12-04,3680,8,10,0,7,2,0,1,20,low_value,1,0,2,1,4,store,False,False,True,False,0,0,0,0,0,0,0,0.0,8,0
1340,38,Graduation,2,Married,92910.0,0,0,1,2014-04-24,3539,42,551,137,792,179,103,33,1795,high_value,6,7,13,1,27,store,False,False,True,False,1,0,0,1,1,0,3,0.5,1,0
8746,35,Graduation,2,Married,75433.0,1,0,2,2014-04-05,3558,28,800,0,297,0,34,57,1188,high_value,2,5,10,2,19,store,False,False,True,False,1,0,0,1,0,0,2,0.3333333333333333,6,0
5987,35,2N Cycle,1,Together,10404.0,1,0,2,2014-05-04,3529,52,2,2,11,10,6,12,43,low_value,1,0,4,2,7,store,False,False,True,False,0,0,0,0,0,0,0,0.0,5,0
3767,56,Graduation,2,Married,61314.0,0,1,2,2013-04-25,3903,1,378,0,189,97,172,172,1008,high_value,5,5,12,2,24,store,False,False,True,False,0,0,0,0,0,0,0,0.0,3,0
3725,63,Phd,4,Single,84865.0,0,0,1,2013-05-09,3889,1,1248,16,349,43,16,16,1688,high_value,2,4,9,1,16,store,False,False,True,False,1,1,0,1,1,1,5,0.8333333333333334,4,0
4324,35,Graduation,2,Married,42387.0,1,0,2,2012-10-29,4081,42,235,0,235,19,4,191,684,mid_value,8,1,7,5,21,web,False,False,False,True,0,0,0,0,0,0,0,0.0,8,0
238,57,2N Cycle,1,Together,67309.0,1,1,3,2013-01-23,3995,76,515,47,181,149,95,95,1082,high_value,9,6,9,15,39,deals,False,True,False,False,0,0,0,0,0,0,0,0.0,7,0
6694,60,Graduation,2,Married,75236.0,0,1,2,2013-11-25,3689,27,438,66,400,12,38,114,1068,high_value,8,3,13,1,25,store,False,False,True,False,0,0,0,0,0,0,0,0.0,4,0
498,54,Graduation,2,Single,30015.0,1,0,2,2014-02-02,3620,28,25,0,22,2,3,5,57,low_value,1,0,4,2,7,store,False,False,True,False,0,0,0,0,0,0,0,0.0,5,0
9347,68,Master,3,Together,50943.0,0,1,2,2013-06-21,3846,49,31,0,7,2,0,6,46,low_value,1,0,3,1,5,store,False,False,True,False,0,0,0,0,0,0,0,0.0,5,0
9699,58,Graduation,2,Divorced,67272.0,0,1,2,2013-12-21,3663,12,357,35,271,28,28,14,733,mid_value,6,2,12,3,23,store,False,False,True,False,0,0,0,0,0,0,0,0.0,5,0
10664,75,Master,3,Widow,51529.0,0,1,2,2013-09-07,3768,14,400,4,35,6,0,22,467,mid_value,9,1,5,2,17,web,False,False,False,True,0,0,0,0,0,0,0,0.0,8,0
5455,53,Phd,4,Married,32011.0,1,0,2,2013-08-22,3784,89,99,0,15,2,1,5,122,mid_value,2,1,4,3,10,store,False,False,True,False,0,0,0,0,0,0,0,0.0,7,0
456,38,2N Cycle,1,Married,7500.0,1,0,2,2013-02-07,3980,96,1,11,5,4,6,9,36,low_value,2,0,3,2,7,store,False,False,True,False,0,0,0,0,0,0,0,0.0,8,0
5012,35,Graduation,2,Married,28691.0,1,0,2,2013-07-04,3833,56,5,4,13,8,0,4,34,low_value,1,0,3,1,5,store,False,False,True,False,0,0,0,0,0,0,0,0.0,8,0
7495,76,Phd,4,Married,56223.0,0,1,2,2013-12-20,3664,72,77,28,31,16,0,4,156,mid_value,2,1,5,2,10,store,False,False,True,False,0,0,0,0,0,0,0,0.0,4,0
5029,78,Graduation,2,Married,18100.0,0,0,1,2013-08-06,3800,14,3,1,2,4,3,1,14,low_value,0,0,3,1,4,store,False,False,True,False,0,0,0,0,0,0,0,0.0,5,0
10642,35,Graduation,2,Single,30279.0,1,0,2,2012-12-30,4019,13,10,4,14,4,4,1,37,low_value,1,0,3,1,5,store,False,False,True,False,0,0,0,0,0,0,0,0.0,8,0
2106,50,2N Cycle,1,Married,20130.0,0,0,1,2014-03-17,3577,99,0,6,3,7,6,12,34,low_value,1,0,3,1,5,store,False,False,True,False,0,0,0,0,0,0,0,0.0,8,0
10364,65,Graduation,2,Divorced,23295.0,0,0,1,2013-07-13,3824,72,0,0,1,2,12,5,20,low_value,1,0,2,1,4,store,False,False,True,False,0,0,0,0,0,0,0,0.0,8,0
5954,52,Master,3,Divorced,42618.0,1,0,2,2013-10-09,3736,92,76,14,74,13,5,10,192,mid_value,5,0,4,2,11,web,False,False,False,True,0,0,0,0,0,0,0,0.0,8,0
1137,60,Graduation,2,Single,81246.0,0,0,1,2013-12-29,3655,87,398,190,537,61,156,37,1379,high_value,4,5,7,1,17,store,False,False,True,False,1,0,1,0,0,0,2,0.3333333333333333,1,0
2541,48,Graduation,2,Married,24027.0,1,0,2,2013-06-09,3858,7,14,7,11,11,0,5,48,low_value,2,0,3,2,7,store,False,False,True,False,0,0,0,0,0,0,0,0.0,8,0
1142,71,Phd,4,Married,55707.0,0,1,2,2013-12-22,3662,91,208,7,82,30,66,35,428,mid_value,3,2,9,2,16,store,False,False,True,False,0,0,0,0,0,0,0,0.0,3,0
2276,69,Graduation,2,Single,57959.0,0,1,2,2013-05-02,3896,71,430,16,322,43,24,33,868,high_value,4,7,11,5,27,store,False,False,True,False,0,0,0,0,0,0,0,0.0,3,0
2807,55,Graduation,2,Married,56796.0,0,1,2,2013-02-16,3971,24,656,38,161,62,47,37,1001,high_value,8,9,7,3,27,catalog,True,False,False,False,0,0,0,0,0,0,0,0.0,7,0
6471,53,Master,3,Single,36230.0,1,0,2,2013-10-17,3728,17,14,2,30,8,2,3,59,low_value,2,0,4,1,7,store,False,False,True,False,0,0,0,0,0,0,0,0.0,5,0
6131,44,2N Cycle,1,Married,70829.0,1,1,3,2013-12-01,3683,87,141,70,106,72,19,23,431,mid_value,4,2,8,2,16,store,False,False,True,False,0,0,0,0,0,0,0,0.0,3,0
6233,48,Graduation,2,Married,65991.0,0,1,2,2012-09-07,4133,21,507,19,364,25,47,9,971,high_value,9,5,10,3,27,store,False,False,True,False,0,0,0,0,0,0,0,0.0,7,0
4148,52,Graduation,2,Married,38988.0,1,2,4,2012-08-20,4151,90,164,24,103,12,3,42,348,mid_value,5,1,6,7,19,deals,False,True,False,False,0,0,0,0,0,0,0,0.0,8,0
4947,58,2N Cycle,1,Single,89572.0,0,0,1,2012-09-15,4125,44,606,24,974,197,194,64,2059,high_value,7,7,9,1,24,store,False,False,True,False,1,0,0,1,0,1,3,0.5,4,0
3225,40,Master,3,Married,42207.0,1,0,2,2013-04-01,3927,71,116,11,72,3,17,46,265,mid_value,4,1,5,4,14,store,False,False,True,False,0,0,1,0,0,1,2,0.3333333333333333,6,0
7540,72,Graduation,2,Married,50300.0,0,1,2,2014-05-25,3508,52,143,15,60,24,23,5,270,mid_value,2,1,8,2,13,store,False,False,True,False,0,0,0,0,0,0,0,0.0,2,0
10648,42,2N Cycle,1,Together,66664.0,0,0,1,2012-09-25,4115,78,398,96,447,220,96,32,1289,high_value,5,7,6,1,19,catalog,True,False,False,False,0,0,0,0,0,0,0,0.0,3,0
1992,60,Graduation,2,Married,60597.0,0,1,2,2014-01-01,3652,2,522,0,257,32,16,66,893,high_value,2,2,8,4,16,store,False,False,True,False,1,0,0,0,0,1,2,0.3333333333333333,7,0
7851,75,Graduation,2,Widow,70165.0,0,0,1,2013-09-22,3753,60,161,0,253,199,191,122,926,high_value,3,7,11,1,22,store,False,False,True,False,0,0,0,0,0,0,0,0.0,1,0
8594,66,Phd,4,Widow,50520.0,0,1,2,2014-01-28,3625,25,112,0,6,2,1,14,135,mid_value,3,1,3,2,9,web,False,False,False,True,0,0,0,0,0,0,0,0.0,6,0
7059,61,Graduation,2,Married,80124.0,0,0,1,2014-06-26,3476,47,483,84,398,205,84,241,1495,high_value,3,7,8,1,19,store,False,False,True,False,0,0,1,0,0,0,1,0.16666666666666666,1,0
2815,49,Graduation,2,Married,33183.0,1,0,2,2014-02-24,3598,46,7,5,39,17,15,37,120,mid_value,4,0,3,2,9,web,False,False,False,True,0,0,0,0,0,0,0,0.0,7,0
2416,55,Phd,4,Single,66582.0,0,0,1,2014-03-03,3591,83,789,25,420,16,38,0,1288,high_value,2,8,9,1,20,store,False,False,True,False,0,0,0,0,0,0,0,0.0,1,0
7999,69,Phd,4,Together,75261.0,0,0,1,2013-04-23,3905,17,1239,17,413,23,34,17,1743,high_value,5,6,5,1,17,catalog,True,False,False,False,0,0,0,1,1,1,3,0.5,2,0
9213,54,Graduation,2,Widow,31880.0,1,0,2,2012-10-31,4079,13,4,1,5,2,0,3,15,low_value,1,0,2,1,4,store,False,False,True,False,0,0,0,0,0,0,0,0.0,8,0
9697,73,Graduation,2,Married,53790.0,0,2,3,2014-03-06,3588,86,335,42,127,28,5,5,542,mid_value,7,2,8,3,20,store,False,False,True,False,0,0,0,0,0,0,0,0.0,6,0
3916,53,Phd,4,Together,49269.0,1,0,2,2012-08-15,4156,92,639,8,166,11,8,58,890,high_value,7,3,12,3,25,store,False,False,True,False,0,0,0,0,0,0,0,0.0,7,0
2021,49,Graduation,2,Married,61456.0,0,1,2,2013-03-27,3932,47,563,76,384,84,192,89,1388,high_value,6,10,13,4,33,store,False,False,True,False,0,0,0,0,0,0,0,0.0,4,0
1581,44,Graduation,2,Married,37406.0,1,0,2,2013-10-10,3735,18,2,0,8,2,2,3,17,low_value,1,0,2,1,4,store,False,False,True,False,0,0,0,0,0,1,1,0.16666666666666666,8,0
564,43,Phd,4,Together,56937.0,1,0,2,2012-08-04,4167,81,746,8,125,11,8,8,906,high_value,8,6,9,7,30,store,False,False,True,False,0,0,0,1,0,1,2,0.3333333333333333,6,0
6619,46,Graduation,2,Married,38415.0,1,1,3,2013-01-02,4016,91,22,1,13,4,0,4,44,low_value,1,0,3,2,6,store,False,False,True,False,0,0,0,0,0,0,0,0.0,7,0
9081,36,Graduation,2,Single,20518.0,1,0,2,2014-05-18,3515,58,4,1,6,4,1,9,25,low_value,1,1,2,1,5,store,False,False,True,False,0,0,0,0,0,0,0,0.0,5,0
178,68,Graduation,2,Married,62503.0,0,1,2,2013-02-18,3969,40,478,0,193,110,75,117,973,high_value,8,3,11,4,26,store,False,False,True,False,0,0,0,0,0,0,0,0.0,5,0
916,52,Phd,4,Single,41644.0,1,1,3,2014-05-09,3524,67,20,3,4,2,0,2,31,low_value,1,0,3,2,6,store,False,False,True,False,0,0,0,0,0,0,0,0.0,3,0
5512,47,Master,3,Married,55842.0,0,1,2,2014-05-23,3510,19,451,0,39,0,4,24,518,mid_value,7,1,8,1,17,store,False,False,True,False,0,0,0,0,0,0,0,0.0,5,0
8970,52,Phd,4,Married,62010.0,0,1,2,2012-10-23,4087,93,371,22,39,6,0,92,530,mid_value,6,2,7,4,19,store,False,False,True,False,0,0,0,0,0,0,0,0.0,5,0
10581,47,Graduation,2,Married,41124.0,1,0,2,2012-10-31,4079,41,281,7,84,15,0,119,506,mid_value,7,3,4,7,21,web,False,False,False,True,0,0,0,0,0,0,0,0.0,8,0
5300,51,Master,3,Married,38961.0,1,0,2,2013-12-30,3654,60,19,7,19,0,1,24,70,low_value,2,1,2,1,6,web,False,False,False,True,0,0,0,0,0,0,0,0.0,7,0
5154,52,Master,3,Divorced,37760.0,1,0,2,2013-08-11,3795,54,26,3,13,2,10,0,54,low_value,2,0,3,1,6,store,False,False,True,False,0,0,0,0,0,0,0,0.0,6,0
8346,50,Graduation,2,Single,32233.0,1,0,2,2012-08-19,4152,26,138,15,35,25,11,72,296,mid_value,6,2,2,2,12,web,False,False,False,True,0,0,1,0,0,1,2,0.3333333333333333,9,0
1676,49,Graduation,2,Married,43057.0,0,1,2,2013-10-30,3715,30,213,2,44,0,2,5,266,mid_value,4,2,5,4,15,store,False,False,True,False,0,0,0,0,0,0,0,0.0,5,0
9286,64,Master,3,Together,83151.0,0,0,1,2012-10-10,4100,93,407,28,100,120,74,18,747,mid_value,5,9,4,1,19,catalog,True,False,False,False,0,0,0,0,0,0,0,0.0,3,0
2426,60,Phd,4,Divorced,78825.0,0,0,1,2012-09-14,4126,35,483,74,114,169,37,18,895,high_value,5,10,13,1,29,store,False,False,True,False,0,0,0,0,0,1,1,0.16666666666666666,3,0
5172,48,Master,3,Together,65104.0,0,1,2,2013-11-14,3700,4,738,0,232,13,20,50,1053,high_value,3,5,7,2,17,store,False,False,True,False,0,0,0,0,0,0,0,0.0,7,0
5562,50,Graduation,2,Married,60093.0,0,1,2,2013-06-26,3841,92,502,12,109,16,6,90,735,mid_value,7,2,10,2,21,store,False,False,True,False,0,0,0,0,0,0,0,0.0,6,0
3436,55,Graduation,2,Married,14045.0,1,0,2,2014-01-26,3627,24,11,0,5,2,1,1,20,low_value,1,0,3,1,5,store,False,False,True,False,0,0,0,0,0,0,0,0.0,7,0
3921,72,2N Cycle,1,Widow,28457.0,0,0,1,2012-10-28,4082,96,24,1,108,29,29,14,205,mid_value,4,1,4,1,10,web,False,False,False,True,0,0,0,0,0,0,0,0.0,8,0
3403,66,Phd,4,Together,78952.0,0,1,2,2012-09-24,4116,11,1170,19,594,99,76,134,2092,high_value,2,5,12,2,21,store,False,False,True,False,0,0,0,0,0,0,0,0.0,6,0
22,48,Graduation,2,Divorced,46310.0,1,0,2,2012-12-03,4046,99,185,2,88,15,5,14,309,mid_value,6,1,5,2,14,web,False,False,False,True,0,0,0,0,0,0,0,0.0,8,0
10965,69,Graduation,2,Together,76005.0,0,0,1,2013-02-22,3965,72,983,20,389,240,50,40,1722,high_value,3,5,13,1,22,store,False,False,True,False,1,0,0,0,0,0,1,0.16666666666666666,6,0
9426,60,Master,3,Single,58308.0,0,1,2,2013-01-12,4006,77,691,0,69,10,0,130,900,high_value,2,6,3,4,15,catalog,True,False,False,False,0,0,0,0,0,0,0,0.0,8,0
6605,80,Phd,4,Divorced,55614.0,0,0,1,2013-11-27,3687,85,504,13,131,8,0,26,682,mid_value,9,4,6,1,20,web,False,False,False,True,0,0,0,1,0,0,1,0.16666666666666666,7,0
3136,62,Master,3,Divorced,59432.0,0,1,2,2013-04-13,3915,88,317,25,265,25,19,12,663,mid_value,5,3,11,3,22,store,False,False,True,False,0,0,0,0,0,0,0,0.0,5,0
8737,46,Graduation,2,Divorced,55563.0,0,1,2,2014-04-05,3558,22,29,1,9,2,0,2,43,low_value,2,0,3,1,6,store,False,False,True,False,0,0,0,0,0,0,0,0.0,3,0
11088,53,Phd,4,Together,78642.0,0,1,2,2013-04-21,3907,83,1396,0,322,46,35,17,1816,high_value,4,9,4,1,18,catalog,True,False,False,False,0,0,0,0,0,0,0,0.0,6,0
716,75,Phd,4,Together,67911.0,0,1,2,2014-05-22,3511,63,529,0,356,63,28,0,976,high_value,6,7,11,3,27,store,False,False,True,False,0,0,0,0,0,0,0,0.0,3,0
466,80,Graduation,2,Married,65275.0,0,0,1,2013-04-03,3925,9,388,14,218,91,14,21,746,mid_value,4,3,13,1,21,store,False,False,True,False,0,0,0,0,0,0,0,0.0,2,0
9135,74,Graduation,2,Together,27203.0,1,1,3,2012-08-06,4165,92,13,2,21,4,0,24,64,low_value,1,1,2,2,6,store,False,False,True,False,0,0,0,0,0,0,0,0.0,8,0
10623,63,Master,3,Together,48330.0,0,1,2,2013-11-15,3699,2,28,0,4,0,0,0,32,low_value,1,0,3,1,5,store,False,False,True,False,0,0,0,0,0,0,0,0.0,5,0
8151,34,Basic,0,Married,24279.0,0,0,1,2012-12-29,4020,6,16,36,21,20,62,108,263,mid_value,4,1,3,1,9,web,False,False,False,True,0,0,0,0,0,0,0,0.0,8,0
5140,39,Phd,4,Married,64355.0,1,0,2,2012-08-24,4147,66,1047,0,140,67,38,153,1445,high_value,4,3,12,2,21,store,False,False,True,False,0,0,0,0,0,0,0,0.0,8,0
10160,68,Master,3,Together,50943.0,0,1,2,2013-06-21,3846,49,31,0,7,2,0,6,46,low_value,1,0,3,1,5,store,False,False,True,False,0,0,0,0,0,0,0,0.0,5,0
4945,71,Graduation,2,Widow,53653.0,0,0,1,2012-11-07,4072,29,815,10,239,28,10,108,1210,high_value,10,4,12,2,28,store,False,False,True,False,0,0,0,0,0,0,0,0.0,6,0
10584,48,Graduation,2,Married,65665.0,0,1,2,2013-12-02,3682,77,225,162,387,106,36,29,945,high_value,5,10,8,1,24,catalog,True,False,False,False,0,0,0,0,0,0,0,0.0,3,0
6071,35,Graduation,2,Single,81217.0,0,0,1,2013-07-19,3818,77,493,70,324,146,40,84,1157,high_value,3,7,11,1,22,store,False,False,True,False,0,0,0,0,0,0,0,0.0,1,0
3386,32,Graduation,2,Married,34935.0,0,0,1,2013-06-21,3846,71,34,4,66,3,10,20,137,mid_value,2,1,4,1,8,store,False,False,True,False,0,0,0,0,0,0,0,0.0,7,0
8939,65,Graduation,2,Divorced,61250.0,0,1,2,2012-12-16,4033,49,382,138,65,60,26,59,730,mid_value,5,2,12,6,25,store,False,False,True,False,0,0,0,0,0,0,0,0.0,5,0
9925,43,Phd,4,Together,39665.0,1,0,2,2013-05-25,3873,97,127,1,56,0,1,31,216,mid_value,4,2,3,3,12,web,False,False,False,True,0,0,1,0,0,0,1,0.16666666666666666,7,0
4320,45,Graduation,2,Single,60152.0,0,1,2,2013-03-28,3931,6,325,83,300,86,58,91,943,high_value,6,4,12,1,23,store,False,False,True,False,0,0,0,0,0,0,0,0.0,3,0
5389,60,Graduation,2,Married,48920.0,0,2,3,2013-10-20,3725,93,238,17,68,8,10,6,347,mid_value,6,2,5,3,16,web,False,False,False,True,0,0,0,1,0,0,1,0.16666666666666666,7,0
6036,65,Master,3,Together,89120.0,0,0,1,2014-03-17,3577,78,1168,92,408,72,129,55,1924,high_value,5,6,7,1,19,store,False,False,True,False,0,0,0,0,1,0,1,0.16666666666666666,1,0
182,78,Phd,4,Together,44124.0,0,1,2,2013-05-11,3887,62,284,0,55,0,6,52,397,mid_value,6,2,5,4,17,web,False,False,False,True,0,0,0,0,0,0,0,0.0,8,0
203,49,Master,3,Single,81169.0,0,0,1,2013-04-14,3914,47,1288,20,613,80,61,27,2089,high_value,5,7,9,1,22,store,False,False,True,False,0,0,0,0,0,0,0,0.0,2,0
11025,63,Graduation,2,Married,36443.0,1,1,3,2013-02-03,3984,9,65,0,46,4,3,20,138,mid_value,3,1,3,4,11,deals,False,True,False,False,0,0,0,0,0,0,0,0.0,8,0
10203,34,Graduation,2,Single,26095.0,1,0,2,2013-06-30,3837,77,11,7,9,3,1,11,42,low_value,1,0,3,1,5,store,False,False,True,False,0,0,0,0,0,0,0,0.0,7,0
4607,65,Graduation,2,Together,71367.0,0,0,1,2013-08-23,3783,24,227,23,389,42,21,75,777,mid_value,4,5,7,1,17,store,False,False,True,False,0,0,0,0,0,0,0,0.0,2,0
3711,80,Master,3,Married,80184.0,0,0,1,2014-03-01,3593,19,1035,134,670,25,38,0,1902,high_value,6,3,10,1,20,store,False,False,True,False,1,0,0,0,1,0,2,0.3333333333333333,3,0
3696,59,Graduation,2,Divorced,30630.0,1,1,3,2014-01-27,3626,67,27,1,12,2,0,10,52,low_value,2,0,3,2,7,store,False,False,True,False,0,0,0,0,0,0,0,0.0,7,0
2532,37,Master,3,Single,73454.0,0,0,1,2014-03-01,3593,95,982,73,351,56,14,175,1651,high_value,2,4,6,1,13,store,False,False,True,False,0,0,1,0,0,0,1,0.16666666666666666,5,0
9214,33,Graduation,2,Married,42691.0,0,0,1,2013-08-16,3790,48,179,2,64,38,17,58,358,mid_value,5,1,6,1,13,store,False,False,True,False,0,0,0,0,0,0,0,0.0,5,0
4943,71,Graduation,2,Married,70503.0,0,0,1,2012-09-30,4110,73,1379,33,216,0,33,66,1727,high_value,2,4,9,1,16,store,False,False,True,False,0,0,0,1,1,0,2,0.3333333333333333,6,0
35,37,Graduation,2,Married,25545.0,1,0,2,2012-09-08,4132,35,32,1,64,16,12,85,210,mid_value,2,2,3,3,10,store,False,False,True,False,0,0,0,0,0,1,1,0.16666666666666666,6,0
2258,38,Graduation,2,Married,32880.0,1,0,2,2012-12-04,4045,76,8,4,15,7,6,2,42,low_value,1,0,3,1,5,store,False,False,True,False,0,0,0,0,0,0,0,0.0,8,0
4322,66,Phd,4,Together,77863.0,0,0,1,2013-11-27,3687,20,881,38,319,16,25,12,1291,high_value,4,5,10,1,20,store,False,False,True,False,0,0,0,0,0,0,0,0.0,2,0
713,47,Master,3,Married,50353.0,0,0,1,2014-06-08,3494,72,141,15,153,67,31,35,442,mid_value,4,4,6,1,15,store,False,False,True,False,0,0,0,0,0,0,0,0.0,3,0
4702,60,Graduation,2,Single,61839.0,0,0,1,2012-08-12,4159,20,1000,155,379,224,17,120,1895,high_value,4,8,4,1,17,catalog,True,False,False,False,0,0,0,0,0,0,0,0.0,8,0
3281,64,Phd,4,Married,49154.0,1,1,3,2013-11-03,3711,69,206,10,67,30,27,71,411,mid_value,4,1,8,6,19,store,False,False,True,False,0,0,0,0,0,0,0,0.0,6,0
702,49,2N Cycle,1,Widow,47682.0,0,1,2,2013-02-15,3972,80,162,61,83,97,57,61,521,mid_value,4,3,8,4,19,store,False,False,True,False,0,0,0,0,0,0,0,0.0,5,0
2004,55,Graduation,2,Single,72679.0,0,1,2,2013-09-18,3757,65,619,54,260,127,54,54,1168,high_value,4,7,5,1,17,catalog,True,False,False,False,0,0,0,0,0,0,0,0.0,1,0
4769,47,Master,3,Together,57954.0,1,1,3,2014-06-18,3484,52,456,4,24,0,0,9,493,mid_value,8,2,6,7,23,web,False,False,False,True,0,0,0,1,0,0,1,0.16666666666666666,7,0
4437,62,Graduation,2,Married,65316.0,1,1,3,2013-04-24,3904,65,112,6,92,3,9,38,260,mid_value,3,2,5,2,12,store,False,False,True,False,0,0,0,0,0,0,0,0.0,4,0
8724,42,Graduation,2,Single,28567.0,1,0,2,2013-06-17,3850,57,11,3,22,2,2,6,46,low_value,2,0,3,2,7,store,False,False,True,False,0,0,0,0,0,0,0,0.0,6,0
10741,73,Master,3,Together,47352.0,0,1,2,2013-04-11,3917,70,172,12,112,8,0,15,319,mid_value,6,1,5,4,16,web,False,False,False,True,0,0,0,0,0,0,0,0.0,7,0
1991,57,Graduation,2,Together,44931.0,0,1,2,2014-01-18,3635,0,78,0,11,0,0,7,96,low_value,2,1,3,1,7,store,False,False,True,False,0,0,0,0,0,0,0,0.0,5,0
6931,57,Graduation,2,Divorced,76982.0,0,0,1,2014-02-15,3607,19,464,151,292,65,60,30,1062,high_value,8,3,4,1,16,web,False,False,False,True,0,0,0,0,1,1,2,0.3333333333333333,4,0
11096,72,2N Cycle,1,Together,57247.0,0,1,2,2013-08-08,3798,50,99,4,32,37,54,6,232,mid_value,2,1,7,2,12,store,False,False,True,False,0,0,0,0,0,0,0,0.0,2,0
304,43,Master,3,Single,22944.0,1,0,2,2013-12-23,3661,67,19,3,19,4,5,26,76,low_value,3,0,3,3,9,web,False,False,False,True,0,0,0,0,0,0,0,0.0,7,0
3665,47,2N Cycle,1,Together,25315.0,1,0,2,2013-11-07,3707,46,1,9,8,11,3,22,54,low_value,3,0,3,3,9,web,False,False,False,True,0,0,0,0,0,0,0,0.0,8,0
10591,55,Graduation,2,Widow,43638.0,0,1,2,2012-08-06,4165,37,63,10,83,7,19,19,201,mid_value,4,1,4,2,11,web,False,False,False,True,0,0,0,0,0,0,0,0.0,7,0
5036,40,Phd,4,Single,42710.0,1,0,2,2012-11-28,4051,38,252,3,42,4,3,102,406,mid_value,4,5,3,2,14,catalog,True,False,False,False,0,0,0,0,0,0,0,0.0,6,0
5547,42,Phd,4,Married,84169.0,0,0,1,2013-08-07,3799,9,1478,19,403,0,19,0,1919,high_value,7,6,6,1,20,web,False,False,False,True,0,0,0,1,1,1,3,0.5,3,0
7822,48,Graduation,2,Together,54058.0,0,1,2,2013-06-04,3863,56,198,18,252,32,108,54,662,mid_value,4,6,8,2,20,store,False,False,True,False,0,0,0,0,0,0,0,0.0,3,0
8541,34,2N Cycle,1,Married,24683.0,1,0,2,2014-03-08,3586,98,8,4,10,6,7,6,41,low_value,2,0,4,2,8,store,False,False,True,False,0,0,0,0,0,0,0,0.0,5,0
10955,60,Graduation,2,Widow,85620.0,0,0,1,2014-01-07,3646,68,416,46,925,60,107,46,1600,high_value,3,6,4,1,14,catalog,True,False,False,False,0,0,0,0,0,1,1,0.16666666666666666,1,0
4368,44,Graduation,2,Married,47850.0,1,0,2,2013-12-03,3681,72,42,7,43,20,12,10,134,mid_value,3,0,4,1,8,store,False,False,True,False,0,0,0,0,0,0,0,0.0,6,0
9671,56,Graduation,2,Married,19514.0,1,1,3,2014-01-26,3627,47,14,3,21,2,1,28,69,low_value,3,1,2,4,10,deals,False,True,False,False,0,0,1,0,0,1,2,0.3333333333333333,8,0
2256,51,Master,3,Married,27159.0,1,1,3,2014-03-29,3565,33,17,0,3,0,0,1,21,low_value,1,0,3,2,6,store,False,False,True,False,0,0,0,0,0,0,0,0.0,6,0
4279,61,2N Cycle,1,Single,39548.0,1,1,3,2014-03-31,3563,87,15,4,10,3,4,18,54,low_value,1,1,3,2,7,store,False,False,True,False,0,0,0,0,0,0,0,0.0,3,0
5371,35,Graduation,2,Single,21474.0,1,0,2,2014-04-08,3555,0,6,16,24,11,0,34,91,low_value,3,1,2,2,8,web,False,False,False,True,0,0,1,0,0,1,2,0.3333333333333333,7,0
9240,53,Phd,4,Single,60504.0,0,1,2,2014-02-07,3615,73,458,0,24,6,4,34,526,mid_value,6,2,8,2,18,store,False,False,True,False,0,0,0,0,0,0,0,0.0,6,0
9460,61,Graduation,2,Married,22419.0,0,0,1,2013-04-18,3910,74,30,3,47,19,21,42,162,mid_value,3,2,2,1,8,web,False,False,False,True,0,0,0,0,0,0,0,0.0,8,0
9504,75,Master,3,Married,81698.0,0,0,1,2013-11-06,3708,4,179,28,520,111,123,47,1008,high_value,3,8,13,1,25,store,False,False,True,False,0,0,0,0,0,1,1,0.16666666666666666,1,0
8692,72,Graduation,2,Together,43462.0,1,1,3,2012-09-12,4128,50,90,17,97,15,6,15,240,mid_value,4,1,5,6,16,deals,False,True,False,False,0,0,0,0,0,0,0,0.0,8,0
448,46,Phd,4,Single,54880.0,1,0,2,2013-03-01,3958,57,308,85,137,102,45,118,795,mid_value,6,2,11,2,21,store,False,False,True,False,0,0,0,0,0,0,0,0.0,5,0
8314,42,Graduation,2,Married,79908.0,0,0,1,2013-04-05,3923,30,557,129,761,29,185,111,1772,high_value,5,6,7,1,19,store,False,False,True,False,0,0,0,0,1,0,1,0.16666666666666666,2,0
8420,54,2N Cycle,1,Married,15315.0,0,0,1,2013-08-03,3803,27,7,4,13,15,8,17,64,low_value,2,0,4,2,8,store,False,False,True,False,0,0,0,0,0,0,0,0.0,5,0
3174,65,Graduation,2,Together,87771.0,0,1,2,2013-05-22,3876,61,1492,38,287,50,57,33,1957,high_value,5,10,4,1,20,catalog,True,False,False,False,1,1,0,1,1,1,5,0.8333333333333334,6,0
7685,46,Graduation,2,Married,33039.0,1,0,2,2013-09-09,3766,4,30,8,12,8,8,12,78,low_value,2,0,4,1,7,store,False,False,True,False,0,0,0,0,0,0,0,0.0,5,0
3179,44,Graduation,2,Single,81741.0,0,0,1,2013-06-16,3851,75,249,153,940,58,134,38,1572,high_value,6,6,7,0,19,store,False,False,True,False,0,0,0,0,0,0,0,0.0,2,0
9780,53,Master,3,Together,71499.0,0,1,2,2013-06-25,3842,12,465,25,132,136,0,37,795,mid_value,8,3,13,2,26,store,False,False,True,False,0,0,0,0,0,0,0,0.0,4,0
10681,54,2N Cycle,1,Married,62466.0,0,1,2,2014-01-15,3638,13,129,129,259,168,121,83,889,high_value,6,3,12,5,26,store,False,False,True,False,0,0,0,0,0,0,0,0.0,4,0
10232,61,Phd,4,Divorced,48799.0,0,1,2,2013-11-05,3709,9,174,18,81,28,6,24,331,mid_value,3,2,7,3,15,store,False,False,True,False,0,0,0,0,0,0,0,0.0,3,0
4184,74,Phd,4,Together,52157.0,0,1,2,2014-06-07,3495,48,189,2,29,3,2,40,265,mid_value,3,2,5,2,12,store,False,False,True,False,0,0,0,0,0,0,0,0.0,4,0
9120,62,Graduation,2,Single,66565.0,0,1,2,2012-12-05,4044,80,747,10,161,65,40,42,1065,high_value,4,2,9,4,19,store,False,False,True,False,0,0,0,0,0,0,0,0.0,8,0
891,73,Master,3,Together,29298.0,1,1,3,2013-09-07,3768,60,6,0,2,2,0,1,11,low_value,1,0,2,1,4,store,False,False,True,False,0,0,0,0,0,0,0,0.0,5,0
10381,45,Graduation,2,Single,47691.0,0,1,2,2013-07-05,3832,43,14,0,3,0,0,4,21,low_value,1,0,2,1,4,store,False,False,True,False,0,0,0,0,0,0,0,0.0,6,0
3525,54,Graduation,2,Together,38200.0,1,1,3,2012-12-07,4042,19,12,0,4,0,0,1,17,low_value,1,0,2,1,4,store,False,False,True,False,0,0,0,0,0,0,0,0.0,7,0
6818,50,Graduation,2,Married,44989.0,0,1,2,2012-09-12,4128,26,98,0,106,49,10,106,369,mid_value,5,1,5,5,16,web,False,False,False,True,0,0,0,0,0,0,0,0.0,6,0
3526,56,Phd,4,Married,38443.0,1,1,3,2014-01-27,3626,58,32,0,5,0,0,1,38,low_value,1,0,3,2,6,store,False,False,True,False,0,0,0,0,0,0,0,0.0,7,0
8181,46,2N Cycle,1,Single,38593.0,1,0,2,2013-09-13,3762,42,51,12,49,17,24,24,177,mid_value,4,1,3,3,11,web,False,False,False,True,0,0,0,0,0,0,0,0.0,8,0
1029,54,Phd,4,Together,64413.0,0,1,2,2013-08-01,3805,27,200,5,44,0,10,20,279,mid_value,5,1,5,1,12,web,False,False,False,True,0,0,0,0,0,0,0,0.0,5,0
7369,43,Master,3,Married,36959.0,1,0,2,2013-10-02,3743,56,25,6,25,6,0,0,62,low_value,2,0,3,2,7,store,False,False,True,False,0,0,0,0,0,0,0,0.0,8,0
2574,47,Phd,4,Married,61996.0,0,1,2,2013-01-31,3987,27,1050,12,144,0,0,24,1230,high_value,6,4,8,3,21,store,False,False,True,False,1,1,0,1,0,1,4,0.6666666666666666,5,0
8159,56,Graduation,2,Married,51287.0,1,1,3,2014-04-01,3562,10,117,0,22,13,0,30,182,mid_value,4,1,3,3,11,web,False,False,False,True,0,0,0,0,0,0,0,0.0,7,0
1160,54,Graduation,2,Married,13260.0,1,1,3,2013-08-23,3783,48,9,4,17,10,2,7,49,low_value,3,0,3,4,10,deals,False,True,False,False,0,0,0,0,0,0,0,0.0,8,0
10242,58,Phd,4,Together,47472.0,1,1,3,2013-09-16,3759,39,56,0,11,0,0,8,75,low_value,2,0,4,2,8,store,False,False,True,False,0,0,0,0,0,0,0,0.0,5,0
5253,68,Master,3,Together,54603.0,1,1,3,2013-07-09,3828,85,145,13,46,17,2,4,227,mid_value,4,2,4,6,16,deals,False,True,False,False,0,0,0,0,0,0,0,0.0,7,0
5966,50,Phd,4,Married,45207.0,1,1,3,2012-11-10,4069,64,203,0,10,0,0,2,215,mid_value,3,1,6,5,15,store,False,False,True,False,0,0,0,1,0,0,1,0.16666666666666666,6,0
5314,73,Graduation,2,Together,40689.0,0,1,2,2013-03-18,3941,69,270,3,27,39,6,99,444,mid_value,7,1,5,7,20,web,False,False,False,True,0,0,0,0,0,0,0,0.0,8,0
5081,57,2N Cycle,1,Together,47821.0,1,1,3,2013-10-20,3725,54,9,0,16,6,6,10,47,low_value,1,0,3,1,5,store,False,False,True,False,0,0,0,0,0,0,0,0.0,8,0
5123,73,Master,3,Married,27450.0,0,0,1,2013-04-15,3913,57,37,12,23,8,11,52,143,mid_value,2,1,3,1,7,store,False,False,True,False,0,0,0,0,0,0,0,0.0,7,0
5756,41,Graduation,2,Together,39453.0,1,0,2,2014-04-03,3560,64,46,0,7,0,0,2,55,low_value,2,0,3,2,7,store,False,False,True,False,0,0,0,0,0,0,0,0.0,6,0
8036,53,2N Cycle,1,Together,26850.0,1,1,3,2014-04-18,3545,10,31,1,13,7,2,9,63,low_value,2,1,4,4,11,store,False,False,True,False,0,0,0,0,0,0,0,0.0,4,0
9058,69,Graduation,2,Widow,79800.0,0,0,1,2012-09-23,4117,65,1060,21,530,32,0,224,1867,high_value,5,11,5,1,22,catalog,True,False,False,False,1,0,1,0,1,1,4,0.6666666666666666,3,0
5057,63,Master,3,Married,61794.0,0,1,2,2013-09-14,3761,74,264,47,188,54,47,11,611,mid_value,4,4,10,2,20,store,False,False,True,False,0,0,0,0,0,0,0,0.0,2,0
254,69,Graduation,2,Together,53863.0,0,1,2,2014-05-17,3516,4,399,4,30,6,4,30,473,mid_value,7,1,7,3,18,web,False,False,False,True,0,0,0,1,0,0,1,0.16666666666666666,7,0
4179,65,Graduation,2,Together,24221.0,0,0,1,2013-08-20,3786,94,8,9,9,2,5,22,55,low_value,1,1,3,1,6,store,False,False,True,False,0,0,0,0,0,0,0,0.0,4,0
3710,40,Phd,4,Single,39684.0,1,0,2,2012-10-12,4098,41,19,0,35,6,4,17,81,low_value,2,1,2,2,7,web,False,False,False,True,0,0,0,0,0,1,1,0.16666666666666666,7,1
7627,49,Master,3,Married,92163.0,0,0,1,2012-12-12,4037,25,817,183,797,106,163,20,2086,high_value,5,11,5,0,21,catalog,True,False,False,False,1,0,0,0,1,1,3,0.5,2,0
4501,59,Master,3,Single,69882.0,0,0,1,2013-11-10,3704,94,292,127,635,132,127,165,1478,high_value,3,7,9,1,20,store,False,False,True,False,0,0,0,0,0,0,0,0.0,1,0
6424,47,Graduation,2,Together,33178.0,1,0,2,2014-01-30,3623,9,12,6,2,11,2,16,49,low_value,1,0,3,1,5,store,False,False,True,False,0,0,0,0,0,0,0,0.0,4,0
3075,52,Phd,4,Married,59973.0,0,0,1,2013-09-11,3764,47,130,30,168,20,34,0,382,mid_value,3,4,7,1,15,store,False,False,True,False,0,0,0,0,0,0,0,0.0,1,0
4992,49,Master,3,Together,17459.0,1,0,2,2013-09-19,3756,12,6,4,16,3,10,30,69,low_value,3,1,2,3,9,web,False,False,False,True,0,0,0,0,0,1,1,0.16666666666666666,7,0
5252,55,Graduation,2,Divorced,23910.0,1,0,2,2012-10-26,4084,80,16,12,18,7,1,13,67,low_value,2,0,3,1,6,store,False,False,True,False,0,0,0,0,0,0,0,0.0,7,0
7444,55,Master,3,Married,42169.0,1,1,3,2013-10-19,3726,20,19,0,9,0,0,2,30,low_value,1,0,3,2,6,store,False,False,True,False,0,0,0,0,0,0,0,0.0,8,0
6919,46,2N Cycle,1,Married,26224.0,1,0,2,2013-06-04,3863,39,4,7,15,13,9,15,63,low_value,2,1,3,3,9,store,False,False,True,False,0,0,0,0,0,0,0,0.0,6,0
3537,43,Graduation,2,Together,31089.0,1,0,2,2012-08-17,4154,57,31,3,31,2,8,4,79,low_value,3,0,4,3,10,store,False,False,True,False,0,0,0,0,0,0,0,0.0,8,0
10277,63,Graduation,2,Single,30081.0,0,1,2,2013-02-21,3966,27,36,0,2,0,0,4,42,low_value,1,0,3,1,5,store,False,False,True,False,0,0,0,0,0,0,0,0.0,7,0
2453,64,Graduation,2,Together,62807.0,0,1,2,2012-08-31,4140,83,526,28,135,10,21,99,819,mid_value,5,3,12,3,23,store,False,False,True,False,0,0,0,0,0,0,0,0.0,5,0
7972,69,Graduation,2,Single,72906.0,0,0,1,2013-09-17,3758,79,400,32,519,71,75,54,1151,high_value,3,4,9,1,17,store,False,False,True,False,0,0,0,0,0,0,0,0.0,1,0
895,76,Phd,4,Married,61467.0,0,2,3,2012-12-09,4040,69,410,16,114,0,5,49,594,mid_value,5,2,10,3,20,store,False,False,True,False,0,0,0,0,0,0,0,0.0,5,0
1177,58,Master,3,Together,49618.0,1,1,3,2013-01-26,3992,77,80,3,26,4,2,14,129,mid_value,3,1,3,4,11,deals,False,True,False,False,0,0,0,0,0,0,0,0.0,7,0
7141,38,Master,3,Single,21888.0,1,0,2,2012-12-29,4020,15,88,10,46,2,3,64,213,mid_value,5,1,2,4,12,web,False,False,False,True,0,0,0,0,0,1,1,0.16666666666666666,10,0
7232,51,Graduation,2,Widow,42429.0,0,1,2,2014-02-11,3611,99,55,0,6,2,0,4,67,low_value,1,1,3,2,7,store,False,False,True,False,0,0,0,0,0,0,0,0.0,5,0
8477,68,Graduation,2,Divorced,26150.0,2,1,4,2013-03-11,3948,61,5,1,13,3,5,1,28,low_value,1,0,3,1,5,store,False,False,True,False,0,0,0,0,0,0,0,0.0,7,0
2457,49,Basic,0,Married,30801.0,0,1,2,2012-10-26,4084,23,8,4,5,15,2,11,45,low_value,1,0,3,2,6,store,False,False,True,False,0,0,0,0,0,0,0,0.0,7,0
988,59,Graduation,2,Married,81168.0,0,0,1,2014-05-07,3526,84,410,0,592,147,22,22,1193,high_value,6,4,7,1,18,store,False,False,True,False,1,0,0,0,0,0,1,0.16666666666666666,3,0
7930,55,Master,3,Single,26877.0,0,0,1,2013-08-19,3787,74,101,13,76,20,18,40,268,mid_value,3,1,6,2,12,store,False,False,True,False,0,0,0,0,0,0,0,0.0,6,0
4587,80,Master,3,Widow,45006.0,0,0,1,2013-07-18,3819,90,162,25,53,16,0,10,266,mid_value,3,1,7,1,12,store,False,False,True,False,0,0,0,0,0,0,0,0.0,3,0
6682,51,Basic,0,Married,18978.0,1,0,2,2012-12-11,4038,41,2,8,1,4,7,15,37,low_value,1,0,3,1,5,store,False,False,True,False,0,0,0,0,0,0,0,0.0,8,0
6222,57,Graduation,2,Married,22574.0,2,1,4,2013-10-28,3717,28,25,0,8,2,0,2,37,low_value,2,0,3,2,7,store,False,False,True,False,0,0,0,0,0,0,0,0.0,7,0
10299,55,Phd,4,Single,48240.0,0,0,1,2012-11-09,4070,73,389,91,248,64,49,41,882,high_value,6,3,13,3,25,store,False,False,True,False,0,0,0,0,0,1,1,0.16666666666666666,5,0
3083,50,Graduation,2,Married,45837.0,1,1,3,2013-07-26,3811,88,215,13,87,17,17,24,373,mid_value,6,2,5,5,18,web,False,False,False,True,0,0,0,0,0,0,0,0.0,7,0
8953,59,Master,3,Single,35791.0,2,1,4,2013-05-06,3892,94,27,0,5,0,0,3,35,low_value,1,0,3,2,6,store,False,False,True,False,0,0,0,0,0,0,0,0.0,8,0
1503,48,Phd,4,Together,162397.0,1,1,3,2013-06-03,3864,31,85,1,16,2,1,2,107,low_value,0,0,1,0,1,store,False,False,True,False,0,0,0,0,0,0,0,0.0,1,0
8650,46,Graduation,2,Widow,54162.0,1,1,3,2013-03-18,3941,31,5,6,10,6,5,10,42,low_value,1,0,3,1,5,store,False,False,True,False,0,0,0,0,0,0,0,0.0,4,0
10862,64,Master,3,Married,30522.0,0,1,2,2012-08-17,4154,6,179,8,83,19,11,26,326,mid_value,1,2,9,5,17,store,False,False,True,False,0,0,0,0,0,0,0,0.0,2,0
2782,63,Phd,4,Married,54456.0,0,1,2,2013-07-11,3826,23,352,0,27,10,0,15,404,mid_value,6,1,7,3,17,store,False,False,True,False,0,0,0,0,0,0,0,0.0,6,0
6941,53,Graduation,2,Single,31632.0,0,0,1,2013-07-14,3823,92,17,8,12,11,15,32,95,low_value,2,1,2,1,6,web,False,False,False,True,0,0,0,0,0,0,0,0.0,7,0
10972,75,Graduation,2,Widow,72298.0,0,0,1,2014-03-10,3584,52,625,35,169,58,17,35,939,high_value,4,3,6,1,14,store,False,False,True,False,0,0,0,1,1,0,2,0.3333333333333333,1,0
10708,46,2N Cycle,1,Single,36975.0,1,0,2,2013-12-28,3656,50,10,6,11,0,4,2,33,low_value,1,0,3,1,5,store,False,False,True,False,0,0,0,0,0,0,0,0.0,7,0
6583,69,2N Cycle,1,Married,72635.0,0,0,1,2013-06-03,3864,54,390,22,323,104,35,107,981,high_value,6,8,6,1,21,catalog,True,False,False,False,1,0,0,0,0,0,1,0.16666666666666666,3,0
3641,48,Graduation,2,Married,13624.0,1,0,2,2013-01-20,3998,93,10,2,15,2,1,6,36,low_value,2,0,3,2,7,store,False,False,True,False,0,0,0,0,0,0,0,0.0,6,0
10156,49,Graduation,2,Single,84196.0,0,1,2,2013-06-03,3864,56,215,63,507,231,31,190,1237,high_value,8,4,7,1,20,web,False,False,False,True,0,0,0,0,0,0,0,0.0,3,0
4299,64,Graduation,2,Together,70971.0,0,1,2,2012-09-21,4119,28,1001,17,572,93,125,17,1825,high_value,11,11,5,7,34,web,False,False,False,True,0,0,0,0,0,1,1,0.16666666666666666,7,0
3469,47,Phd,4,Divorced,34487.0,1,1,3,2012-09-06,4134,94,19,18,33,24,1,8,103,low_value,3,0,3,3,9,web,False,False,False,True,0,0,0,0,0,0,0,0.0,9,0
5063,47,Graduation,2,Single,28769.0,1,0,2,2012-12-18,4031,76,41,5,129,10,3,3,191,mid_value,4,1,4,3,12,web,False,False,False,True,0,0,0,0,0,0,0,0.0,9,0
10727,54,Phd,4,Married,69084.0,1,0,2,2013-11-19,3695,43,1181,107,199,39,30,30,1586,high_value,7,3,13,2,25,store,False,False,True,False,0,0,0,0,0,0,0,0.0,8,0
9624,66,Phd,4,Together,65488.0,0,0,1,2014-06-13,3489,46,603,45,207,36,18,54,963,high_value,3,4,6,1,14,store,False,False,True,False,0,0,0,0,0,0,0,0.0,1,0
5156,54,2N Cycle,1,Married,62466.0,0,1,2,2014-01-15,3638,13,129,129,259,168,121,83,889,high_value,6,3,12,5,26,store,False,False,True,False,0,0,0,0,0,0,0,0.0,4,0
4376,64,2N Cycle,1,Single,32218.0,0,0,1,2014-02-15,3607,27,10,24,15,13,1,30,93,low_value,2,1,3,1,7,store,False,False,True,False,0,0,1,0,0,1,2,0.3333333333333333,7,0
8923,51,Graduation,2,Single,83917.0,0,0,1,2013-04-18,3910,12,514,22,732,42,198,79,1587,high_value,6,7,7,1,21,catalog,True,False,False,False,0,0,0,0,0,1,1,0.16666666666666666,3,0
8461,62,Graduation,2,Divorced,46102.0,2,1,4,2014-03-10,3584,3,14,0,1,0,0,1,16,low_value,1,0,2,1,4,store,False,False,True,False,0,0,0,0,0,0,0,0.0,7,0
6945,72,Graduation,2,Single,84574.0,0,0,1,2013-06-04,3863,72,387,20,713,38,54,163,1375,high_value,9,11,11,1,32,catalog,True,False,False,False,0,0,0,0,0,0,0,0.0,5,0
944,62,Graduation,2,Married,56181.0,0,1,2,2013-01-08,4010,6,121,103,69,8,44,48,393,mid_value,4,2,7,1,14,store,False,False,True,False,0,0,0,0,0,0,0,0.0,4,0
1907,74,Master,3,Divorced,63120.0,0,1,2,2012-09-28,4112,53,965,69,279,54,41,69,1477,high_value,8,4,9,5,26,store,False,False,True,False,0,0,0,0,0,1,1,0.16666666666666666,7,0
701,53,Graduation,2,Married,73691.0,0,1,2,2013-11-06,3708,58,707,21,250,85,43,73,1179,high_value,6,2,8,2,18,store,False,False,True,False,0,0,1,0,0,0,1,0.16666666666666666,2,0
3856,64,Graduation,2,Together,63381.0,0,1,2,2012-10-05,4105,78,571,50,142,33,50,159,1005,high_value,4,5,13,4,26,store,False,False,True,False,0,0,0,0,0,0,0,0.0,2,0
4149,76,Phd,4,Together,76140.0,0,0,1,2014-05-13,3520,57,586,66,653,17,0,26,1348,high_value,5,9,6,1,21,catalog,True,False,False,False,0,0,0,0,0,0,0,0.0,2,0
2131,65,Phd,4,Divorced,62859.0,0,1,2,2012-12-30,4019,37,1063,89,102,16,12,25,1307,high_value,9,4,6,4,23,web,False,False,False,True,0,0,0,0,0,0,0,0.0,6,0
2942,60,Graduation,2,Single,45906.0,0,1,2,2013-05-07,3891,20,305,3,27,4,3,144,486,mid_value,5,4,4,2,15,web,False,False,False,True,0,0,1,0,0,0,1,0.16666666666666666,5,0
1173,77,Master,3,Together,77632.0,0,0,1,2013-03-10,3949,73,1200,105,758,0,42,147,2252,high_value,4,2,6,1,13,store,False,False,True,False,0,0,0,1,1,1,3,0.5,2,0
4381,53,Phd,4,Married,46463.0,1,1,3,2013-08-18,3788,56,163,2,40,8,11,11,235,mid_value,3,1,6,7,17,deals,False,True,False,False,0,0,0,0,0,0,0,0.0,6,0
4611,54,Graduation,2,Together,105471.0,0,0,1,2013-01-21,3997,36,1009,181,104,202,21,207,1724,high_value,9,8,13,0,30,store,False,False,True,False,1,0,0,0,1,1,3,0.5,3,0
3376,54,Master,3,Divorced,55282.0,1,0,2,2013-12-13,3671,9,125,6,73,8,4,19,235,mid_value,3,1,6,1,11,store,False,False,True,False,0,0,0,0,0,0,0,0.0,4,0
4679,47,Master,3,Married,78710.0,0,1,2,2014-05-23,3510,42,721,0,152,119,50,50,1092,high_value,7,6,12,3,28,store,False,False,True,False,0,0,0,0,0,0,0,0.0,4,0
10928,66,Graduation,2,Together,66886.0,0,1,2,2013-09-16,3759,28,315,4,62,41,31,146,599,mid_value,7,1,7,2,17,web,False,False,False,True,0,0,0,0,0,0,0,0.0,5,0
4248,64,Master,3,Single,98777.0,0,0,1,2014-02-17,3605,23,1000,19,711,125,115,38,2008,high_value,4,6,9,0,19,store,False,False,True,False,0,0,0,1,0,0,1,0.16666666666666666,1,0
6728,39,Graduation,2,Together,29103.0,1,0,2,2012-08-27,4144,38,16,0,17,6,3,6,48,low_value,1,0,3,2,6,store,False,False,True,False,0,0,0,0,0,0,0,0.0,9,0
6661,50,Graduation,2,Married,67445.0,0,1,2,2012-08-12,4159,63,757,80,217,29,80,11,1174,high_value,9,6,12,5,32,store,False,False,True,False,0,0,0,0,0,0,0,0.0,6,0
4725,74,Phd,4,Together,50616.0,0,1,2,2014-04-13,3550,71,30,2,25,0,1,9,67,low_value,1,1,4,1,7,store,False,False,True,False,0,0,0,0,0,0,0,0.0,2,0
3277,69,Graduation,2,Divorced,49431.0,0,1,2,2012-08-03,4168,9,219,3,100,26,0,17,365,mid_value,7,1,5,2,15,web,False,False,False,True,0,0,0,0,0,0,0,0.0,8,0
5555,49,Graduation,2,Divorced,153924.0,0,0,1,2014-02-07,3615,81,1,1,1,1,1,1,6,low_value,0,0,0,0,0,web,False,False,False,True,0,0,0,0,0,0,0,0.0,0,0
2564,71,Graduation,2,Together,61278.0,0,1,2,2014-01-04,3649,87,111,3,28,2,6,15,165,mid_value,3,1,4,2,10,store,False,False,True,False,0,0,0,0,0,0,0,0.0,6,0
946,66,2N Cycle,1,Together,26490.0,0,0,1,2012-09-22,4118,92,45,47,52,21,20,25,210,mid_value,3,1,5,2,11,store,False,False,True,False,0,0,0,0,0,0,0,0.0,6,0
3867,77,Phd,4,Together,73059.0,0,1,2,2013-08-31,3775,36,410,112,420,0,82,71,1095,high_value,9,3,13,1,26,store,False,False,True,False,0,0,0,0,0,0,0,0.0,4,0
6940,58,Phd,4,Single,46734.0,1,2,4,2013-10-21,3724,86,100,1,39,6,1,76,223,mid_value,3,2,3,4,12,deals,False,True,False,False,0,0,1,0,0,0,1,0.16666666666666666,6,0
55,61,Graduation,2,Together,56253.0,0,1,2,2012-12-07,4042,83,509,0,65,7,11,5,597,mid_value,7,2,9,4,22,store,False,False,True,False,0,0,0,0,0,0,0,0.0,6,0
7093,39,Graduation,2,Married,19986.0,1,0,2,2013-11-14,3700,74,3,6,5,0,2,6,22,low_value,0,0,3,1,4,store,False,False,True,False,0,0,0,0,0,0,0,0.0,7,0
5084,49,Graduation,2,Widow,58330.0,0,1,2,2013-12-25,3659,87,445,53,213,104,98,151,1064,high_value,6,4,13,1,24,store,False,False,True,False,0,0,0,0,0,0,0,0.0,4,0
1777,44,Basic,0,Married,25965.0,0,0,1,2012-09-07,4133,29,2,2,11,41,7,11,74,low_value,2,0,3,1,6,store,False,False,True,False,0,0,0,0,0,0,0,0.0,8,0
8162,68,Master,3,Together,14661.0,0,0,1,2013-01-01,4017,88,4,1,11,6,2,2,26,low_value,1,0,3,1,5,store,False,False,True,False,0,0,0,0,0,0,0,0.0,6,0
10826,65,Graduation,2,Married,18690.0,0,0,1,2012-12-28,4021,77,6,1,7,23,4,19,60,low_value,1,1,2,1,5,store,False,False,True,False,0,0,0,0,0,0,0,0.0,8,0
8754,50,Phd,4,Together,45068.0,0,1,2,2013-05-16,3882,25,14,0,3,0,0,3,20,low_value,1,0,2,1,4,store,False,False,True,False,0,0,0,0,0,0,0,0.0,7,0
1987,37,Basic,0,Single,21063.0,1,0,2,2013-09-25,3750,34,1,10,11,19,3,15,59,low_value,2,0,3,2,7,store,False,False,True,False,0,0,0,0,0,0,0,0.0,6,0
11007,56,Phd,4,Married,29187.0,1,0,2,2013-05-09,3889,43,26,0,6,0,0,2,34,low_value,1,0,3,1,5,store,False,False,True,False,0,0,0,0,0,0,0,0.0,8,0
7426,53,2N Cycle,1,Married,54690.0,1,1,3,2013-11-07,3707,76,111,16,37,7,9,18,198,mid_value,3,1,5,3,12,store,False,False,True,False,0,0,0,0,0,0,0,0.0,3,0
9153,60,Phd,4,Married,59304.0,0,1,2,2013-07-29,3808,81,418,61,428,80,51,10,1048,high_value,7,8,10,3,28,store,False,False,True,False,0,0,0,0,0,0,0,0.0,5,0
10379,62,Master,3,Single,59247.0,0,2,3,2013-11-08,3706,87,327,9,122,19,14,83,574,mid_value,5,2,9,5,21,store,False,False,True,False,0,0,0,0,0,0,0,0.0,6,0
9204,54,Graduation,2,Widow,66731.0,0,1,2,2012-09-12,4128,33,371,159,194,58,106,141,1029,high_value,4,3,6,4,17,store,False,False,True,False,0,0,0,0,0,0,0,0.0,3,0
3197,44,Graduation,2,Married,77353.0,0,1,2,2013-12-16,3668,38,275,59,107,69,101,59,670,mid_value,6,4,8,2,20,store,False,False,True,False,0,0,0,0,0,0,0,0.0,4,0
2920,49,Phd,4,Single,52614.0,0,1,2,2012-12-01,4048,63,789,0,142,12,9,38,990,high_value,2,4,8,2,16,store,False,False,True,False,0,0,0,0,0,0,0,0.0,8,0
6961,50,Graduation,2,Married,26751.0,2,0,3,2014-05-22,3511,26,1,1,5,0,3,1,11,low_value,1,0,2,1,4,store,False,False,True,False,0,0,0,0,0,0,0,0.0,8,0
4673,61,Phd,4,Married,81300.0,0,1,2,2012-10-30,4080,17,1004,12,145,32,12,36,1241,high_value,10,3,5,3,21,web,False,False,False,True,1,0,0,0,0,1,2,0.3333333333333333,5,0
9937,45,Graduation,2,Single,70337.0,0,0,1,2014-01-02,3651,75,187,81,149,25,43,91,576,mid_value,2,2,12,1,17,store,False,False,True,False,0,0,0,0,0,0,0,0.0,1,0
8779,39,2N Cycle,1,Married,36145.0,1,0,2,2013-06-16,3851,13,56,4,76,17,1,18,172,mid_value,4,1,3,4,12,web,False,False,False,True,0,0,1,0,0,1,2,0.3333333333333333,9,0
9596,44,Phd,4,Single,65295.0,0,0,1,2013-12-23,3661,19,365,32,117,34,110,6,664,mid_value,3,3,13,1,20,store,False,False,True,False,0,0,0,0,0,0,0,0.0,2,0
2891,61,Graduation,2,Divorced,68118.0,0,1,2,2013-10-18,3727,51,595,23,123,10,23,154,928,high_value,8,9,4,2,23,catalog,True,False,False,False,0,0,0,0,0,0,0,0.0,6,0
4910,57,Graduation,2,Divorced,68743.0,0,0,1,2012-08-30,4141,81,1132,134,384,175,134,115,2074,high_value,11,5,13,1,30,store,False,False,True,False,0,0,0,0,0,0,0,0.0,7,0
75,42,2N Cycle,1,Together,41039.0,0,0,1,2013-07-25,3812,32,34,11,137,179,61,45,467,mid_value,8,1,5,1,15,web,False,False,False,True,0,0,0,0,0,0,0,0.0,8,0
10120,69,Graduation,2,Together,38946.0,0,1,2,2013-10-24,3721,84,116,6,82,6,6,41,257,mid_value,3,1,6,2,12,store,False,False,True,False,0,0,0,0,0,0,0,0.0,5,0
6327,57,Graduation,2,Together,65777.0,0,0,1,2013-12-19,3665,87,565,32,435,28,32,54,1146,high_value,2,8,6,1,17,catalog,True,False,False,False,0,0,0,0,0,0,0,0.0,1,0
10142,48,Phd,4,Divorced,66476.0,0,1,2,2013-03-07,3952,99,372,18,126,47,48,78,689,mid_value,5,2,11,2,20,store,False,False,True,False,0,0,0,0,0,0,0,0.0,4,0
9826,52,Phd,4,Single,86857.0,0,0,1,2012-09-12,4128,96,899,102,838,133,102,40,2114,high_value,5,6,10,1,22,store,False,False,True,False,0,0,0,0,0,1,1,0.16666666666666666,2,0
1501,42,Phd,4,Married,160803.0,0,0,1,2012-08-04,4167,21,55,16,1622,17,3,4,1717,high_value,0,28,1,15,44,catalog,True,False,False,False,0,0,0,0,0,0,0,0.0,0,0
10767,35,Phd,4,Together,77845.0,0,0,1,2014-05-16,3517,40,760,40,480,0,40,26,1346,high_value,3,5,12,1,21,store,False,False,True,False,1,0,0,0,1,0,2,0.3333333333333333,1,0
7279,55,Phd,4,Together,69476.0,0,0,1,2013-09-30,3745,3,260,86,559,63,9,67,1044,high_value,4,6,4,1,15,catalog,True,False,False,False,0,0,0,0,0,0,0,0.0,2,0
7230,64,Phd,4,Divorced,50611.0,0,1,2,2012-10-04,4106,98,459,0,24,6,0,4,493,mid_value,4,5,7,6,22,store,False,False,True,False,0,0,0,1,0,1,2,0.3333333333333333,6,0
143,54,Graduation,2,Single,61209.0,0,0,1,2013-08-25,3781,73,466,0,224,119,49,99,957,high_value,5,3,4,1,13,web,False,False,False,True,0,0,0,0,0,0,0,0.0,2,0
450,66,Master,3,Together,42315.0,0,1,2,2013-07-12,3825,90,67,15,80,17,11,80,270,mid_value,1,4,4,3,12,catalog,True,False,False,False,0,0,0,0,0,0,0,0.0,3,0
9316,72,Basic,0,Together,13084.0,0,0,1,2013-11-02,3712,29,2,0,7,3,7,10,29,low_value,1,0,3,1,5,store,False,False,True,False,0,0,0,0,0,0,0,0.0,6,0
6379,75,Master,3,Widow,47570.0,1,1,3,2013-05-29,3869,3,67,1,20,0,2,31,121,mid_value,2,2,2,3,9,deals,False,True,False,False,0,0,0,0,0,1,1,0.16666666666666666,7,0
9239,63,Master,3,Married,61923.0,0,2,3,2013-07-26,3811,94,92,4,18,3,3,6,126,mid_value,2,1,4,1,8,store,False,False,True,False,0,0,0,0,0,0,0,0.0,3,0
8315,29,Graduation,2,Single,34824.0,0,0,1,2014-03-26,3568,65,4,2,11,2,0,4,23,low_value,1,0,2,1,4,store,False,False,True,False,0,0,0,0,0,0,0,0.0,6,0
2868,75,Phd,4,Single,26518.0,1,1,3,2013-04-08,3920,33,20,1,28,3,3,2,57,low_value,2,0,3,3,8,store,False,False,True,False,0,0,0,0,0,1,1,0.16666666666666666,8,0
10888,63,Graduation,2,Single,45938.0,0,0,1,2013-11-03,3711,46,273,11,178,62,83,29,636,mid_value,8,4,6,2,20,web,False,False,False,True,0,0,0,0,0,0,0,0.0,6,0
1277,64,Graduation,2,Together,78468.0,0,0,1,2014-04-09,3554,29,434,22,388,104,22,34,1004,high_value,10,7,10,1,28,web,False,False,False,True,1,0,0,0,0,0,1,0.16666666666666666,4,0
9977,51,Graduation,2,Divorced,78901.0,0,1,2,2013-09-17,3758,99,321,11,309,33,26,34,734,mid_value,9,3,5,3,20,web,False,False,False,True,0,0,0,0,0,0,0,0.0,4,0
10196,46,Graduation,2,Married,71427.0,2,0,3,2014-03-12,3582,26,212,123,177,15,64,23,614,mid_value,8,2,8,2,20,web,False,False,False,True,0,0,0,0,0,0,0,0.0,4,0
6384,46,Graduation,2,Divorced,71022.0,0,1,2,2014-02-11,3611,30,909,12,278,0,12,242,1453,high_value,5,2,11,3,21,store,False,False,True,False,0,0,1,0,0,0,1,0.16666666666666666,8,0
8029,36,Master,3,Single,90247.0,0,0,1,2014-04-29,3534,27,1184,32,352,21,16,16,1621,high_value,3,4,7,1,15,store,False,False,True,False,1,0,0,1,1,1,4,0.6666666666666666,1,0
968,56,Master,3,Divorced,41335.0,1,0,2,2013-12-26,3658,24,112,19,21,16,14,5,187,mid_value,4,1,4,3,12,web,False,False,False,True,0,0,0,0,0,0,0,0.0,7,0
6988,38,Graduation,2,Married,71952.0,1,0,2,2013-01-10,4008,93,656,80,455,52,107,93,1443,high_value,8,4,8,2,22,web,False,False,False,True,0,0,1,0,1,0,2,0.3333333333333333,4,0
4472,54,Phd,4,Divorced,35682.0,1,0,2,2014-06-27,3475,34,23,0,8,6,2,18,57,low_value,1,1,3,1,6,store,False,False,True,False,0,0,0,0,0,0,0,0.0,2,0
6991,73,Graduation,2,Divorced,43185.0,0,1,2,2013-04-10,3918,88,537,6,42,16,6,30,637,mid_value,9,3,6,2,20,web,False,False,False,True,0,0,0,0,0,0,0,0.0,8,0
3336,76,Phd,4,Together,66375.0,0,1,2,2013-11-21,3693,96,712,0,45,0,0,191,948,high_value,2,4,5,3,14,store,False,False,True,False,0,0,1,0,0,0,1,0.16666666666666666,7,0
4301,53,Master,3,Married,35178.0,1,0,2,2013-01-10,4008,10,23,1,13,2,2,18,59,low_value,1,1,2,1,5,store,False,False,True,False,0,0,1,0,0,1,2,0.3333333333333333,7,0
1940,38,Graduation,2,Married,25252.0,1,0,2,2013-07-12,3825,26,1,3,4,2,2,6,18,low_value,1,0,2,1,4,store,False,False,True,False,0,0,0,0,0,0,0,0.0,8,0
1272,59,Master,3,Single,55250.0,0,1,2,2012-10-21,4089,49,664,58,83,32,0,66,903,high_value,7,5,10,4,26,store,False,False,True,False,0,0,0,0,0,0,0,0.0,5,0
1388,49,Graduation,2,Single,33249.0,1,0,2,2013-02-20,3967,11,6,10,21,19,14,42,112,low_value,2,1,3,2,8,store,False,False,True,False,0,0,0,0,0,0,0,0.0,6,0
1044,71,Graduation,2,Together,58398.0,0,0,1,2013-05-14,3884,44,299,5,201,21,21,49,596,mid_value,5,4,8,3,20,store,False,False,True,False,0,0,0,0,0,0,0,0.0,4,0
6969,42,Graduation,2,Together,50272.0,1,0,2,2013-08-07,3799,75,99,13,66,43,8,4,233,mid_value,4,1,5,3,13,store,False,False,True,False,0,0,0,0,0,0,0,0.0,7,0
10479,49,Phd,4,Married,76618.0,0,0,1,2012-12-07,4042,64,749,40,294,121,160,147,1511,high_value,3,2,5,1,11,store,False,False,True,False,0,0,0,0,0,0,0,0.0,1,0
3619,64,2N Cycle,1,Divorced,87305.0,0,0,1,2012-09-23,4117,19,345,25,501,63,138,80,1152,high_value,5,3,8,1,17,store,False,False,True,False,0,0,0,0,1,1,2,0.3333333333333333,2,0
1715,46,Graduation,2,Together,25851.0,1,0,2,2013-02-11,3976,45,9,4,18,7,5,5,48,low_value,2,0,3,2,7,store,False,False,True,False,0,0,0,0,0,0,0,0.0,7,0
10159,54,Graduation,2,Divorced,58710.0,0,1,2,2013-03-31,3928,77,440,81,368,0,122,174,1185,high_value,11,5,9,6,31,web,False,False,False,True,0,0,0,0,0,0,0,0.0,6,0
1463,66,Graduation,2,Single,45160.0,1,1,3,2014-03-29,3565,9,8,2,5,3,0,3,21,low_value,1,0,2,1,4,store,False,False,True,False,0,0,0,0,0,0,0,0.0,7,0
5114,59,Master,3,Married,74806.0,0,1,2,2012-12-19,4030,1,670,9,249,0,28,9,965,high_value,5,4,5,2,16,web,False,False,False,True,0,0,0,0,0,0,0,0.0,4,0
4990,70,Graduation,2,Married,59111.0,0,0,1,2013-05-02,3896,90,524,0,134,28,28,155,869,high_value,11,1,8,1,21,web,False,False,False,True,0,0,0,0,0,0,0,0.0,7,0
4329,40,Phd,4,Married,18988.0,1,0,2,2014-05-23,3510,43,6,0,6,2,1,1,16,low_value,1,0,3,2,6,store,False,False,True,False,0,0,0,0,0,0,0,0.0,7,0
10936,59,Graduation,2,Married,72190.0,0,0,1,2013-02-13,3974,79,597,166,597,172,166,249,1947,high_value,5,6,4,1,16,catalog,True,False,False,False,0,0,0,0,0,0,0,0.0,3,0
4692,48,Graduation,2,Married,7500.0,1,0,2,2012-08-01,4170,19,7,0,12,13,7,32,71,low_value,4,1,2,5,12,deals,False,True,False,False,0,0,1,0,0,1,2,0.3333333333333333,9,0
7212,58,Graduation,2,Married,44794.0,0,1,2,2014-06-08,3494,99,54,0,7,0,0,4,65,low_value,2,0,3,1,6,store,False,False,True,False,0,0,0,0,0,0,0,0.0,6,0
6086,69,Graduation,2,Married,80395.0,0,0,1,2013-11-23,3691,62,445,25,706,80,76,48,1380,high_value,6,5,12,1,24,store,False,False,True,False,1,0,0,0,0,0,1,0.16666666666666666,2,0
437,48,Master,3,Divorced,75012.0,0,0,1,2014-01-25,3628,41,294,142,218,164,58,151,1027,high_value,3,8,11,1,23,store,False,False,True,False,0,0,0,0,0,0,0,0.0,1,0
11171,59,Master,3,Married,56962.0,2,1,4,2013-10-11,3734,60,292,3,77,10,3,26,411,mid_value,6,3,5,7,21,deals,False,True,False,False,0,0,0,0,0,0,0,0.0,7,0
11101,33,Graduation,2,Together,89891.0,0,0,1,2013-04-15,3913,17,412,22,132,59,28,183,836,high_value,11,6,8,1,26,web,False,False,False,True,0,0,0,0,1,0,1,0.16666666666666666,4,0
5329,75,Phd,4,Divorced,35946.0,1,1,3,2013-09-27,3748,24,8,0,3,0,0,0,11,low_value,0,0,3,1,4,store,False,False,True,False,0,0,0,0,0,0,0,0.0,5,0
610,71,Phd,4,Together,53593.0,1,1,3,2012-08-07,4164,60,349,4,78,6,0,43,480,mid_value,7,2,6,8,23,deals,False,True,False,False,0,0,0,0,0,0,0,0.0,8,0
9384,46,Graduation,2,Married,66373.0,1,1,3,2013-06-12,3855,57,328,9,124,12,24,109,606,mid_value,4,2,10,7,23,store,False,False,True,False,0,0,0,0,0,0,0,0.0,3,0
5956,76,Phd,4,Divorced,45072.0,1,2,4,2013-10-16,3729,74,144,2,99,7,2,30,284,mid_value,6,1,4,5,16,web,False,False,False,True,0,0,0,0,0,0,0,0.0,8,0
10430,51,Graduation,2,Divorced,89694.0,1,1,3,2013-10-09,3736,22,1126,28,211,37,28,42,1472,high_value,4,3,4,3,14,web,False,False,False,True,1,0,0,1,1,0,3,0.5,5,0
7875,75,Graduation,2,Married,72025.0,0,0,1,2014-04-29,3534,46,967,0,617,43,50,0,1677,high_value,4,8,13,1,26,store,False,False,True,False,1,0,0,1,1,1,4,0.6666666666666666,2,0
7072,51,Graduation,2,Married,67432.0,0,1,2,2013-03-29,3930,69,432,79,341,177,136,170,1335,high_value,8,5,4,2,19,web,False,False,False,True,0,0,0,0,0,0,0,0.0,4,0
6255,72,Master,3,Together,70545.0,0,1,2,2014-06-03,3499,29,138,39,63,55,18,21,334,mid_value,4,1,7,1,13,store,False,False,True,False,0,0,0,0,0,0,0,0.0,2,0
6516,35,Basic,0,Married,17487.0,1,0,2,2013-03-18,3941,37,0,0,1,7,4,6,18,low_value,1,0,2,1,4,store,False,False,True,False,0,0,0,0,0,0,0,0.0,7,0
5564,55,Graduation,2,Together,62882.0,0,1,2,2012-08-09,4162,26,509,133,497,78,24,97,1338,high_value,7,5,6,2,20,web,False,False,False,True,0,0,0,0,0,0,0,0.0,4,0
5682,71,Phd,4,Single,64108.0,0,1,2,2013-03-23,3936,8,948,10,86,13,21,21,1099,high_value,6,9,11,4,30,store,False,False,True,False,0,0,0,0,0,0,0,0.0,5,0
7458,68,Master,3,Together,34941.0,1,1,3,2013-03-06,3953,26,39,2,25,4,3,24,97,low_value,3,0,3,2,8,web,False,False,False,True,0,0,0,0,0,0,0,0.0,8,0
5237,74,Phd,4,Single,48767.0,1,2,4,2014-01-01,3652,79,28,1,21,3,0,10,63,low_value,2,1,3,3,9,store,False,False,True,False,0,0,0,0,0,0,0,0.0,5,0
7761,46,2N Cycle,1,Together,38702.0,1,0,2,2013-08-01,3805,71,13,11,24,13,8,40,109,low_value,3,0,4,2,9,store,False,False,True,False,0,0,0,0,0,0,0,0.0,6,0
5278,60,Graduation,2,Married,82224.0,0,0,1,2014-01-25,3628,83,307,26,360,138,31,40,902,high_value,6,9,5,1,21,catalog,True,False,False,False,1,0,0,0,0,0,1,0.16666666666666666,3,0
3560,72,Graduation,2,Together,83844.0,0,0,1,2013-05-12,3886,57,901,31,345,75,31,191,1574,high_value,4,4,11,1,20,store,False,False,True,False,0,0,0,0,1,0,1,0.16666666666666666,1,0
7235,49,2N Cycle,1,Married,17003.0,1,0,2,2013-12-09,3675,37,2,5,12,4,8,7,38,low_value,2,0,4,3,9,store,False,False,True,False,0,0,0,0,0,0,0,0.0,5,0
10548,29,Graduation,2,Single,71163.0,0,0,1,2014-03-09,3585,30,283,17,372,138,106,44,960,high_value,3,8,12,1,24,store,False,False,True,False,0,0,0,0,0,0,0,0.0,1,0
2281,54,Graduation,2,Single,33697.0,1,0,2,2013-09-15,3760,34,4,3,7,0,3,11,28,low_value,1,0,2,1,4,store,False,False,True,False,0,0,1,0,0,0,1,0.16666666666666666,7,0
4073,70,2N Cycle,1,Married,63564.0,0,0,1,2014-01-29,3624,0,769,80,252,15,34,65,1215,high_value,10,10,7,1,28,web,False,False,False,True,0,0,1,0,0,1,2,0.3333333333333333,6,0
6974,52,Phd,4,Together,83443.0,0,0,1,2013-12-31,3653,89,518,42,742,55,56,84,1497,high_value,6,10,5,1,22,catalog,True,False,False,False,0,0,0,0,0,0,0,0.0,2,0
7938,66,Phd,4,Together,51518.0,0,1,2,2013-10-03,3742,92,350,8,66,17,4,4,449,mid_value,3,2,10,2,17,store,False,False,True,False,0,0,0,0,0,0,0,0.0,3,0
7094,49,Graduation,2,Widow,58330.0,0,1,2,2013-12-25,3659,87,445,53,213,104,98,151,1064,high_value,6,4,13,1,24,store,False,False,True,False,0,0,0,0,0,0,0,0.0,4,0
3667,55,Graduation,2,Married,80952.0,0,0,1,2013-02-28,3959,20,778,178,689,41,27,44,1757,high_value,8,5,11,1,25,store,False,False,True,False,1,0,0,1,1,1,4,0.6666666666666666,8,0
7723,45,Graduation,2,Together,75507.0,0,0,1,2014-05-02,3531,56,709,93,374,104,80,80,1440,high_value,8,6,6,1,21,web,False,False,False,True,0,0,0,0,0,0,0,0.0,3,0
3870,46,2N Cycle,1,Together,63855.0,0,0,1,2013-02-09,3978,28,359,35,314,93,116,89,1006,high_value,7,3,13,1,24,store,False,False,True,False,0,0,0,0,0,0,0,0.0,4,0
4012,52,Phd,4,Together,62220.0,0,1,2,2012-08-11,4160,55,799,12,375,16,12,12,1226,high_value,7,6,5,5,23,web,False,False,False,True,0,0,0,0,0,1,1,0.16666666666666666,6,0
5909,60,Graduation,2,Married,58512.0,0,1,2,2013-09-19,3756,25,895,10,101,13,0,152,1171,high_value,3,4,8,5,20,store,False,False,True,False,0,0,0,0,0,0,0,0.0,8,0
10470,45,Master,3,Married,40662.0,1,0,2,2013-03-15,3944,0,40,2,23,0,4,23,92,low_value,2,1,3,2,8,store,False,False,True,False,0,0,0,0,0,0,0,0.0,4,0
6488,65,Phd,4,Married,38829.0,0,1,2,2014-04-06,3557,86,76,0,7,0,0,16,99,low_value,3,2,2,1,8,web,False,False,False,True,0,0,0,0,0,0,0,0.0,5,0
10270,43,2N Cycle,1,Married,35523.0,1,0,2,2013-10-03,3742,8,11,5,22,12,5,11,66,low_value,3,0,3,2,8,web,False,False,False,True,0,0,0,0,0,0,0,0.0,7,0
6887,57,Graduation,2,Single,79146.0,1,1,3,2014-04-24,3539,33,245,16,223,21,43,16,564,mid_value,8,1,8,2,19,web,False,False,False,True,0,0,0,0,0,0,0,0.0,6,0
6406,36,Master,3,Married,78285.0,0,0,1,2013-10-28,3717,13,647,107,391,175,67,40,1427,high_value,6,4,10,1,21,store,False,False,True,False,0,0,0,0,0,0,0,0.0,3,0
7573,46,Phd,4,Single,31626.0,1,0,2,2013-05-10,3888,12,39,1,9,2,1,34,86,low_value,2,1,2,1,6,web,False,False,False,True,0,0,1,0,0,1,2,0.3333333333333333,7,0
4508,72,Graduation,2,Single,75127.0,0,0,1,2014-05-22,3511,92,203,35,305,46,17,227,833,mid_value,2,11,5,1,19,catalog,True,False,False,False,0,0,0,0,0,0,0,0.0,1,0
221,69,Graduation,2,Married,48726.0,0,1,2,2013-04-27,3901,90,138,3,38,4,0,59,242,mid_value,3,2,4,3,12,store,False,False,True,False,0,0,0,0,0,0,0,0.0,6,0
5331,47,Graduation,2,Married,74985.0,0,0,1,2012-09-11,4129,8,587,51,898,247,0,86,1869,high_value,3,6,7,1,17,store,False,False,True,False,0,0,0,0,0,0,0,0.0,2,0
1911,37,Graduation,2,Together,67430.0,0,0,1,2012-09-05,4135,6,595,97,291,127,133,121,1364,high_value,11,5,12,1,29,store,False,False,True,False,0,0,0,0,0,0,0,0.0,6,0
20,59,2N Cycle,1,Married,46891.0,0,1,2,2013-09-01,3774,91,43,12,23,29,15,61,183,mid_value,2,1,4,1,8,store,False,False,True,False,0,0,0,0,0,0,0,0.0,4,0
8786,68,Master,3,Married,62058.0,0,1,2,2013-05-26,3872,52,301,7,74,10,0,58,450,mid_value,6,1,7,4,18,store,False,False,True,False,0,0,0,0,0,0,0,0.0,6,0
10582,45,Graduation,2,Married,72063.0,0,1,2,2013-07-03,3834,3,180,32,348,76,32,90,758,mid_value,5,2,12,2,21,store,False,False,True,False,0,0,0,0,0,0,0,0.0,2,0
1915,73,Phd,4,Married,78939.0,0,0,1,2013-12-12,3672,57,794,115,243,150,0,205,1507,high_value,8,5,6,1,20,web,False,False,False,True,0,0,0,0,0,0,0,0.0,3,0
8897,59,Graduation,2,Single,42720.0,1,1,3,2013-04-24,3904,9,392,5,91,28,26,112,654,mid_value,7,3,7,8,25,deals,False,True,False,False,0,0,0,0,0,1,1,0.16666666666666666,8,0
2371,52,Graduation,2,Married,33622.0,1,1,3,2013-04-13,3915,22,39,1,22,3,4,12,81,low_value,2,0,4,3,9,store,False,False,True,False,0,0,0,0,0,0,0,0.0,7,0
4303,67,Phd,4,Together,6835.0,0,1,2,2012-12-08,4041,76,107,2,12,2,2,12,137,mid_value,0,0,1,0,1,store,False,False,True,False,0,0,0,0,0,0,0,0.0,20,0
6825,71,Graduation,2,Together,41452.0,1,1,3,2013-03-06,3953,86,13,0,3,0,0,0,16,low_value,1,0,2,1,4,store,False,False,True,False,0,0,0,0,0,0,0,0.0,7,0
1072,59,Phd,4,Single,40760.0,0,1,2,2013-08-30,3776,64,70,0,17,0,0,6,93,low_value,2,1,3,2,8,store,False,False,True,False,0,0,0,0,0,0,0,0.0,6,0
4964,66,Phd,4,Together,74250.0,0,0,1,2014-01-26,3627,90,680,11,392,75,0,0,1158,high_value,2,11,4,1,18,catalog,True,False,False,False,0,0,0,0,0,0,0,0.0,1,0
2461,69,Master,3,Single,51124.0,1,1,3,2013-12-18,3666,79,26,1,11,0,1,4,43,low_value,1,0,3,2,6,store,False,False,True,False,0,0,0,0,0,0,0,0.0,3,0
10736,53,Graduation,2,Single,72258.0,0,1,2,2013-09-12,3763,28,522,0,522,227,120,134,1525,high_value,6,9,5,2,22,catalog,True,False,False,False,0,0,0,0,0,0,0,0.0,2,0
3194,50,Phd,4,Single,71466.0,0,0,1,2014-04-05,3558,86,412,12,546,78,182,0,1230,high_value,4,4,10,1,19,store,False,False,True,False,0,0,0,0,0,0,0,0.0,1,0
10839,48,Graduation,2,Together,36283.0,1,1,3,2014-04-14,3549,42,6,5,5,8,0,5,29,low_value,1,0,3,2,6,store,False,False,True,False,0,0,0,0,0,0,0,0.0,4,0
49,54,Graduation,2,Single,20587.0,1,0,2,2014-05-11,3522,39,2,3,6,4,1,9,25,low_value,1,1,2,1,5,store,False,False,True,False,0,0,0,0,0,0,0,0.0,7,0
4290,52,Graduation,2,Married,30467.0,1,0,2,2014-03-19,3575,8,1,3,8,2,5,5,24,low_value,1,0,2,1,4,store,False,False,True,False,0,0,0,0,0,0,0,0.0,7,0
10219,52,Graduation,2,Together,31590.0,1,0,2,2013-06-18,3849,40,6,2,15,6,6,3,38,low_value,1,0,3,1,5,store,False,False,True,False,0,0,0,0,0,0,0,0.0,8,0
4211,38,Basic,0,Married,20425.0,1,0,2,2012-10-29,4081,5,4,12,5,3,16,17,57,low_value,2,0,3,2,7,store,False,False,True,False,0,0,0,0,0,0,0,0.0,7,0
1135,64,Master,3,Together,17144.0,1,1,3,2014-02-15,3607,96,18,2,19,0,2,6,47,low_value,3,0,4,5,12,deals,False,True,False,False,0,0,0,0,0,0,0,0.0,7,0
6299,56,Phd,4,Divorced,42564.0,0,1,2,2013-01-02,4016,28,324,48,186,39,18,198,813,mid_value,6,8,4,6,24,catalog,True,False,False,False,0,0,1,0,0,1,2,0.3333333333333333,7,0
10846,46,Master,3,Married,43783.0,1,0,2,2014-05-29,3504,22,327,9,125,25,4,139,629,mid_value,7,1,8,6,22,store,False,False,True,False,0,0,1,0,0,0,1,0.16666666666666666,7,0
347,48,Graduation,2,Divorced,40780.0,0,1,2,2012-09-08,4132,30,229,27,71,13,3,34,377,mid_value,7,1,5,4,17,web,False,False,False,True,0,0,0,0,0,0,0,0.0,9,0
6543,79,Master,3,Together,62847.0,0,0,1,2013-01-15,4003,45,521,168,706,80,76,61,1612,high_value,3,6,4,1,14,catalog,True,False,False,False,0,0,0,0,0,0,0,0.0,2,0
10446,67,Phd,4,Married,82017.0,0,0,1,2012-11-07,4072,58,184,23,446,30,23,23,729,mid_value,5,4,7,1,17,store,False,False,True,False,1,0,0,1,1,1,4,0.6666666666666666,2,0
3479,74,Graduation,2,Single,16813.0,0,0,1,2013-07-19,3818,49,4,8,11,12,2,13,50,low_value,2,0,3,1,6,store,False,False,True,False,0,0,1,0,0,0,1,0.16666666666666666,7,0
11075,46,Graduation,2,Married,51267.0,1,1,3,2013-10-29,3716,37,183,2,64,7,2,12,270,mid_value,3,3,5,4,15,store,False,False,True,False,0,0,0,0,0,0,0,0.0,4,0
4442,63,Graduation,2,Single,46524.0,0,1,2,2013-04-05,3923,70,31,19,35,26,14,52,177,mid_value,1,1,5,2,9,store,False,False,True,False,0,0,0,0,0,0,0,0.0,3,0
199,62,Master,3,Single,45183.0,0,0,1,2013-01-20,3998,33,219,3,60,12,9,12,315,mid_value,4,1,7,1,13,store,False,False,True,False,0,0,0,1,0,0,1,0.16666666666666666,7,0
6722,70,Phd,4,Married,70421.0,0,1,2,2014-06-28,3474,98,479,28,136,75,14,35,767,mid_value,10,3,7,3,23,web,False,False,False,True,0,0,0,0,0,0,0,0.0,6,0
796,59,2N Cycle,1,Divorced,60161.0,0,1,2,2012-10-23,4087,17,584,44,212,46,8,177,1071,high_value,11,4,8,3,26,web,False,False,False,True,0,0,0,0,0,0,0,0.0,8,0
3749,51,Graduation,2,Together,73926.0,0,0,1,2013-03-02,3957,54,627,91,597,159,91,15,1580,high_value,6,5,12,1,24,store,False,False,True,False,0,0,0,0,0,0,0,0.0,3,0
8523,56,Graduation,2,Married,19329.0,1,0,2,2013-12-14,3670,39,24,1,16,12,2,5,60,low_value,4,0,3,3,10,web,False,False,False,True,0,0,0,0,0,0,0,0.0,8,0
310,54,Master,3,Married,61872.0,0,1,2,2013-12-13,3671,81,330,5,159,36,27,16,573,mid_value,4,4,9,4,21,store,False,False,True,False,0,0,0,0,0,0,0,0.0,4,0
8629,68,Graduation,2,Widow,46984.0,1,1,3,2013-03-26,3933,71,19,1,10,2,1,8,41,low_value,1,0,3,1,5,store,False,False,True,False,0,0,0,0,0,0,0,0.0,5,0
236,73,Graduation,2,Married,34838.0,1,1,3,2013-01-19,3999,62,28,23,29,29,14,47,170,mid_value,2,1,4,3,10,store,False,False,True,False,0,0,0,0,0,0,0,0.0,6,0
9930,80,Phd,4,Single,82716.0,0,0,1,2013-11-05,3709,8,606,148,228,15,148,22,1167,high_value,6,8,13,1,28,store,False,False,True,False,0,0,0,0,0,0,0,0.0,2,0
3483,66,Graduation,2,Married,48192.0,0,0,1,2013-04-06,3922,76,1039,43,204,153,58,29,1526,high_value,2,8,12,3,25,store,False,False,True,False,1,1,0,1,0,1,4,0.6666666666666666,8,0
4599,48,Master,3,Married,49681.0,0,2,3,2013-11-04,3710,66,411,0,26,0,0,21,458,mid_value,7,1,7,6,21,web,False,False,False,True,0,0,0,0,0,0,0,0.0,7,0
7326,53,Master,3,Married,56850.0,0,1,2,2014-03-23,3571,83,34,1,19,2,7,0,63,low_value,1,1,3,1,6,store,False,False,True,False,0,0,0,0,0,0,0,0.0,2,0
7352,67,Graduation,2,Married,55267.0,0,1,2,2013-10-21,3724,28,161,28,136,32,3,45,405,mid_value,3,4,6,4,17,store,False,False,True,False,0,0,0,0,0,0,0,0.0,3,0
2350,52,Graduation,2,Married,59666.0,1,1,3,2013-03-22,3937,87,623,53,178,23,17,133,1027,high_value,3,2,8,7,20,store,False,False,True,False,0,0,0,1,0,0,1,0.16666666666666666,8,0
9145,52,Graduation,2,Single,72504.0,0,1,2,2013-04-06,3922,43,604,26,470,123,161,94,1478,high_value,5,9,6,2,22,catalog,True,False,False,False,0,0,0,0,0,0,0,0.0,2,0
2964,43,Graduation,2,Married,26872.0,0,0,1,2013-10-16,3729,0,3,10,8,3,16,32,72,low_value,1,1,2,1,5,store,False,False,True,False,0,0,0,0,0,0,0,0.0,6,0
5585,52,Graduation,2,Single,21359.0,1,0,2,2013-04-20,3908,1,12,2,17,6,1,10,48,low_value,2,0,3,2,7,store,False,False,True,False,0,0,0,0,0,1,1,0.16666666666666666,8,0
9687,49,Graduation,2,Single,73170.0,0,0,1,2014-05-31,3502,1,184,174,256,50,30,32,726,mid_value,5,4,6,1,16,store,False,False,True,False,0,0,0,0,0,0,0,0.0,2,0
3732,69,Master,3,Married,52750.0,0,1,2,2013-02-04,3983,72,393,0,239,90,69,69,860,high_value,5,7,9,6,27,store,False,False,True,False,0,0,0,0,0,0,0,0.0,4,0
6303,38,Phd,4,Together,91820.0,0,0,1,2013-11-23,3691,72,410,73,747,76,161,30,1497,high_value,5,5,12,0,22,store,False,False,True,False,0,0,0,0,0,0,0,0.0,1,0
11176,54,Phd,4,Together,65968.0,0,1,2,2014-05-12,3521,12,376,9,83,19,4,4,495,mid_value,5,4,7,2,18,store,False,False,True,False,0,0,0,0,0,0,0,0.0,3,0
2986,48,Graduation,2,Married,30772.0,1,1,3,2014-03-12,3582,89,7,2,4,2,1,4,20,low_value,1,0,2,1,4,store,False,False,True,False,0,0,0,0,0,0,0,0.0,6,0
7462,70,Graduation,2,Single,22507.0,0,0,1,2012-11-24,4055,67,68,0,226,51,157,68,570,mid_value,10,2,4,3,19,web,False,False,False,True,0,0,0,0,0,0,0,0.0,9,0
3900,52,Graduation,2,Married,65685.0,0,1,2,2014-03-29,3565,54,642,14,49,0,7,57,769,mid_value,9,2,9,1,21,web,False,False,False,True,0,0,0,0,0,0,0,0.0,5,0
7034,46,2N Cycle,1,Married,25804.0,1,0,2,2013-09-01,3774,34,8,7,9,13,6,12,55,low_value,2,0,3,2,7,store,False,False,True,False,0,0,0,0,0,0,0,0.0,8,0
9493,44,Phd,4,Single,76412.0,0,0,1,2013-05-05,3893,15,840,53,804,23,71,17,1808,high_value,5,4,8,1,18,store,False,False,True,False,1,0,0,0,1,1,3,0.5,3,0
1143,52,Graduation,2,Married,22063.0,1,0,2,2013-08-08,3798,43,7,10,13,3,11,11,55,low_value,2,0,3,2,7,store,False,False,True,False,0,0,0,0,0,0,0,0.0,7,0
1,63,Graduation,2,Single,57091.0,0,0,1,2014-06-15,3487,0,464,5,64,7,0,37,577,mid_value,7,3,7,1,18,web,False,False,False,True,0,1,0,0,0,1,2,0.3333333333333333,5,0
3855,61,Graduation,2,Married,22419.0,0,0,1,2013-04-18,3910,74,30,3,47,19,21,42,162,mid_value,3,2,2,1,8,web,False,False,False,True,0,0,0,0,0,0,0,0.0,8,0
5536,65,Graduation,2,Together,87771.0,0,1,2,2013-05-22,3876,61,1492,38,287,50,57,33,1957,high_value,5,10,4,1,20,catalog,True,False,False,False,1,1,0,1,1,1,5,0.8333333333333334,6,0
5989,65,2N Cycle,1,Divorced,78353.0,0,1,2,2013-04-16,3912,51,752,122,476,39,153,34,1576,high_value,10,2,11,1,24,store,False,False,True,False,0,0,0,0,0,0,0,0.0,8,0
9499,70,Graduation,2,Married,93404.0,1,2,4,2013-05-07,3891,97,1279,15,287,20,0,15,1616,high_value,3,4,7,3,17,store,False,False,True,False,0,0,0,1,1,0,2,0.3333333333333333,5,0
6768,62,Graduation,2,Divorced,37859.0,1,2,4,2013-01-12,4006,75,22,1,8,2,1,2,36,low_value,1,0,3,2,6,store,False,False,True,False,0,0,0,0,0,0,0,0.0,8,0
2150,66,Phd,4,Widow,80995.0,0,1,2,2013-05-11,3887,83,860,28,409,73,56,56,1482,high_value,8,9,4,1,22,catalog,True,False,False,False,0,0,0,0,0,0,0,0.0,4,0
6646,40,Graduation,2,Together,16529.0,1,0,2,2014-03-01,3593,23,3,0,5,13,0,1,22,low_value,1,0,3,1,5,store,False,False,True,False,0,0,0,0,0,0,0,0.0,6,0
4887,48,Phd,4,Divorced,55412.0,1,1,3,2013-11-22,3692,65,10,5,28,11,1,8,63,low_value,2,0,3,1,6,store,False,False,True,False,0,0,0,0,0,0,0,0.0,5,0
8560,32,Graduation,2,Single,48789.0,0,0,1,2012-09-10,4130,94,351,16,156,7,5,145,680,mid_value,6,4,7,1,18,store,False,False,True,False,0,0,0,0,0,0,0,0.0,6,0
3321,57,Phd,4,Together,56575.0,0,2,3,2013-05-05,3893,42,421,5,90,0,16,10,542,mid_value,7,3,7,3,20,web,False,False,False,True,0,0,0,0,0,0,0,0.0,5,0
11003,44,2N Cycle,1,Together,25130.0,1,0,2,2013-10-02,3743,10,2,5,7,0,18,18,50,low_value,2,0,3,2,7,store,False,False,True,False,0,0,0,0,0,0,0,0.0,7,0
10402,57,Graduation,2,Married,35441.0,1,1,3,2013-02-14,3973,94,25,1,9,2,1,1,39,low_value,1,0,3,2,6,store,False,False,True,False,0,0,0,0,0,0,0,0.0,8,0
9904,68,Graduation,2,Married,71391.0,0,1,2,2013-03-29,3930,50,336,123,274,46,123,141,1043,high_value,6,5,12,5,28,store,False,False,True,False,0,0,0,0,0,0,0,0.0,3,0
6141,52,Master,3,Single,49494.0,1,0,2,2013-04-25,3903,46,191,9,97,0,6,82,385,mid_value,6,1,5,2,14,web,False,False,False,True,0,0,0,0,0,0,0,0.0,7,0
5687,44,Graduation,2,Divorced,81702.0,0,0,1,2012-09-23,4117,98,563,50,774,28,31,187,1633,high_value,7,7,12,1,27,store,False,False,True,False,0,0,0,0,0,0,0,0.0,3,0
10856,44,2N Cycle,1,Single,45889.0,0,1,2,2013-07-02,3835,42,31,0,6,0,1,8,46,low_value,1,0,3,1,5,store,False,False,True,False,0,0,0,0,0,0,0,0.0,6,0
5121,47,Graduation,2,Single,56628.0,0,1,2,2014-03-21,3573,30,479,5,82,7,17,171,761,mid_value,7,6,5,2,20,web,False,False,False,True,0,0,1,0,0,0,1,0.16666666666666666,5,0
4186,74,Graduation,2,Together,34026.0,1,1,3,2013-08-05,3801,11,18,6,15,12,8,17,76,low_value,2,1,3,3,9,store,False,False,True,False,0,0,0,0,0,0,0,0.0,5,0
368,50,Graduation,2,Married,40049.0,0,1,2,2012-11-29,4050,61,91,65,52,10,44,28,290,mid_value,3,2,6,3,14,store,False,False,True,False,0,0,0,0,0,0,0,0.0,5,0
3312,36,Graduation,2,Single,34176.0,1,0,2,2014-05-12,3521,12,5,7,24,19,14,20,89,low_value,3,0,4,4,11,store,False,False,True,False,0,0,0,0,0,0,0,0.0,6,0
11121,43,Graduation,2,Married,19419.0,1,0,2,2012-11-10,4069,76,2,14,28,16,3,7,70,low_value,4,0,3,4,11,web,False,False,False,True,0,0,0,0,0,0,0,0.0,9,0
5332,64,2N Cycle,1,Married,82504.0,0,0,1,2013-07-27,3810,2,362,50,431,134,35,54,1066,high_value,3,6,7,1,17,store,False,False,True,False,0,0,0,0,0,0,0,0.0,1,0
5848,54,Graduation,2,Together,81205.0,0,0,1,2014-01-13,3640,43,724,74,929,97,55,130,2009,high_value,5,6,7,1,19,store,False,False,True,False,0,1,1,0,1,1,4,0.6666666666666666,2,0
10343,33,2N Cycle,1,Single,61618.0,0,0,1,2012-09-29,4111,27,605,91,399,0,45,205,1345,high_value,3,6,8,2,19,store,False,False,True,False,0,0,0,0,0,0,0,0.0,3,0
5935,68,Master,3,Single,55284.0,0,1,2,2012-12-24,4025,60,547,7,140,0,7,63,764,mid_value,7,5,8,3,23,store,False,False,True,False,0,0,0,0,0,0,0,0.0,5,0
2895,61,Graduation,2,Single,49980.0,0,1,2,2013-10-23,3722,79,104,1,54,13,9,14,195,mid_value,3,1,5,2,11,store,False,False,True,False,0,0,0,0,0,0,0,0.0,5,0
10262,44,Graduation,2,Married,15072.0,2,0,3,2013-05-10,3888,96,8,2,15,0,10,18,53,low_value,3,1,3,4,11,deals,False,True,False,False,0,0,0,0,0,0,0,0.0,5,0
7848,50,Graduation,2,Single,49166.0,0,1,2,2013-06-13,3854,17,224,2,25,7,0,110,368,mid_value,5,3,3,2,13,web,False,False,False,True,0,0,0,0,0,0,0,0.0,6,0
9477,70,Phd,4,Married,65324.0,0,1,2,2014-01-11,3642,0,384,0,102,21,32,5,544,mid_value,6,2,9,3,20,store,False,False,True,False,0,0,0,0,0,0,0,0.0,4,0
4856,67,2N Cycle,1,Married,82347.0,0,0,1,2012-11-06,4073,38,556,54,845,202,133,63,1853,high_value,7,7,10,1,25,store,False,False,True,False,1,0,1,0,0,0,2,0.3333333333333333,3,0
7186,58,Phd,4,Together,30843.0,1,1,3,2014-05-26,3507,43,24,0,2,0,0,9,35,low_value,1,1,2,2,6,store,False,False,True,False,0,0,1,0,0,0,1,0.16666666666666666,5,0
5794,50,Phd,4,Married,46374.0,0,1,2,2014-03-17,3577,1,408,0,21,0,0,17,446,mid_value,7,1,7,3,18,web,False,False,False,True,1,0,0,1,0,1,3,0.5,8,0
1456,45,Graduation,2,Single,60474.0,0,1,2,2013-04-01,3927,25,265,199,303,234,9,170,1180,high_value,10,2,12,7,31,store,False,False,True,False,0,0,0,0,0,0,0,0.0,7,0
4877,51,Master,3,Married,38576.0,0,1,2,2014-03-04,3590,2,34,0,7,0,0,0,41,low_value,1,0,3,1,5,store,False,False,True,False,0,0,0,0,0,0,0,0.0,7,0
425,39,Graduation,2,Married,55357.0,2,0,3,2013-02-19,3968,66,374,64,116,84,25,64,727,mid_value,6,2,11,3,22,store,False,False,True,False,0,0,0,0,0,0,0,0.0,5,0
3007,58,Graduation,2,Together,37758.0,1,1,3,2012-10-04,4106,49,27,2,10,0,0,1,40,low_value,1,0,3,2,6,store,False,False,True,False,0,0,0,0,0,0,0,0.0,8,0
1031,35,2N Cycle,1,Married,85710.0,0,0,1,2013-05-05,3893,5,600,20,350,29,30,33,1062,high_value,6,9,10,1,26,store,False,False,True,False,0,0,0,0,1,0,1,0.16666666666666666,2,0
4297,55,Graduation,2,Together,23228.0,1,0,2,2014-01-26,3627,71,13,2,18,6,1,0,40,low_value,2,0,3,2,7,store,False,False,True,False,0,0,0,0,0,0,0,0.0,8,0
807,55,Master,3,Together,44602.0,1,1,3,2014-02-15,3607,35,167,2,89,0,0,34,292,mid_value,6,1,4,6,17,web,False,False,False,True,0,0,0,0,0,0,0,0.0,8,0
9553,37,Graduation,2,Married,7500.0,0,0,1,2013-01-09,4009,94,0,2,3,4,1,5,15,low_value,0,0,3,1,4,store,False,False,True,False,0,0,0,0,0,0,0,0.0,6,0
4271,35,2N Cycle,1,Together,38683.0,1,0,2,2012-10-04,4106,80,46,35,69,84,41,66,341,mid_value,4,1,6,6,17,store,False,False,True,False,0,0,0,0,0,0,0,0.0,7,0
4120,49,2N Cycle,1,Single,49514.0,1,0,2,2013-12-17,3667,61,88,39,78,58,13,93,369,mid_value,6,1,4,2,13,web,False,False,False,True,0,0,0,0,0,0,0,0.0,7,0
2036,51,Phd,4,Together,57906.0,0,1,2,2013-06-11,3856,29,243,11,119,10,3,15,401,mid_value,4,2,8,3,17,store,False,False,True,False,0,0,0,0,0,0,0,0.0,4,0
115,58,Master,3,Single,43456.0,0,1,2,2013-03-26,3933,0,275,11,68,25,7,7,393,mid_value,5,1,8,3,17,store,False,False,True,False,0,0,0,0,0,0,0,0.0,5,0
4259,38,Master,3,Single,19485.0,2,0,3,2013-09-24,3751,80,6,0,4,0,0,0,10,low_value,1,0,2,1,4,store,False,False,True,False,0,0,0,0,0,0,0,0.0,7,0
8687,46,Graduation,2,Together,53172.0,0,1,2,2013-05-06,3892,54,121,62,90,68,20,125,486,mid_value,2,3,8,3,16,store,False,False,True,False,0,0,0,0,0,0,0,0.0,3,0
2447,45,Graduation,2,Together,30545.0,1,0,2,2012-10-17,4093,71,4,12,15,19,7,12,69,low_value,2,0,3,2,7,store,False,False,True,False,0,0,0,0,0,0,0,0.0,7,0
10140,41,Phd,4,Together,70123.0,0,0,1,2013-09-28,3747,27,1308,0,396,23,0,0,1727,high_value,5,7,4,1,17,catalog,True,False,False,False,0,1,0,1,0,0,2,0.3333333333333333,3,0
9353,65,Graduation,2,Single,62450.0,0,1,2,2014-01-06,3647,61,515,47,267,62,66,38,995,high_value,5,5,4,2,16,web,False,False,False,True,0,0,0,1,0,0,1,0.16666666666666666,3,0
3623,48,Graduation,2,Together,21675.0,1,0,2,2014-06-11,3491,55,4,0,16,17,4,4,45,low_value,4,0,3,3,10,web,False,False,False,True,0,0,0,0,0,0,0,0.0,7,0
738,43,2N Cycle,1,Single,42395.0,1,1,3,2014-04-04,3559,35,48,13,57,24,15,25,182,mid_value,3,1,4,4,12,store,False,False,True,False,0,0,0,0,0,0,0,0.0,7,0
7631,46,Master,3,Together,61346.0,1,0,2,2013-10-06,3739,34,562,58,168,43,16,142,989,high_value,5,7,10,1,23,store,False,False,True,False,0,0,0,0,0,0,0,0.0,3,0
4789,71,Graduation,2,Together,80812.0,0,0,1,2013-09-17,3758,95,769,22,500,210,143,33,1677,high_value,4,8,5,1,18,catalog,True,False,False,False,1,0,1,0,1,0,3,0.5,2,0
773,53,Master,3,Divorced,42835.0,1,1,3,2013-06-30,3837,64,379,4,93,12,9,98,595,mid_value,6,6,4,7,23,deals,False,True,False,False,0,0,0,0,0,0,0,0.0,6,0
10602,41,Graduation,2,Married,39922.0,1,0,2,2013-02-14,3973,30,29,12,59,19,1,36,156,mid_value,3,0,4,2,9,store,False,False,True,False,0,0,0,0,0,0,0,0.0,8,0
1446,68,Master,3,Single,86424.0,0,0,1,2014-04-05,3558,12,387,68,569,89,45,68,1226,high_value,6,9,12,1,28,store,False,False,True,False,0,0,0,0,0,0,0,0.0,1,0
3270,46,2N Cycle,1,Together,17117.0,1,0,2,2013-01-17,4001,96,12,23,38,30,18,7,128,mid_value,3,1,3,4,11,deals,False,True,False,False,0,0,0,0,0,0,0,0.0,9,0
8443,52,Graduation,2,Single,24762.0,1,0,2,2014-02-10,3612,16,6,10,12,3,15,40,86,low_value,3,1,2,3,9,web,False,False,False,True,0,0,1,0,0,1,2,0.3333333333333333,8,0
9653,49,Graduation,2,Married,35797.0,0,1,2,2012-10-16,4094,16,27,1,14,4,1,21,68,low_value,2,0,3,2,7,store,False,False,True,False,0,0,0,0,0,0,0,0.0,8,0
8916,49,Graduation,2,Divorced,36627.0,2,0,3,2013-07-23,3814,78,9,1,5,0,0,1,16,low_value,0,0,3,1,4,store,False,False,True,False,0,0,0,0,0,0,0,0.0,5,0
8017,43,2N Cycle,1,Married,51111.0,1,1,3,2014-06-19,3483,83,22,0,19,6,5,3,55,low_value,2,0,3,2,7,store,False,False,True,False,0,0,0,0,0,0,0,0.0,6,0
5830,52,Phd,4,Single,86857.0,0,0,1,2012-09-12,4128,96,899,102,838,133,102,40,2114,high_value,5,6,10,1,22,store,False,False,True,False,0,0,0,0,0,1,1,0.16666666666666666,2,0
4597,54,Phd,4,Together,82072.0,0,0,1,2013-07-02,3835,67,889,55,685,168,92,129,2018,high_value,3,2,13,1,19,store,False,False,True,False,0,0,0,0,0,0,0,0.0,1,0
7023,71,Phd,4,Single,46231.0,2,1,4,2012-11-26,4053,87,189,2,55,0,5,12,263,mid_value,6,1,4,4,15,web,False,False,False,True,0,0,0,0,0,0,0,0.0,9,0
8086,65,Graduation,2,Married,42243.0,1,1,3,2013-12-11,3673,34,48,0,2,0,0,5,55,low_value,2,0,3,2,7,store,False,False,True,False,0,0,0,0,0,0,0,0.0,7,0
8825,62,Graduation,2,Together,51195.0,1,1,3,2013-04-01,3927,46,230,14,156,82,24,58,564,mid_value,9,2,5,8,24,web,False,False,False,True,0,0,0,0,0,0,0,0.0,8,0
2930,46,Master,3,Single,68092.0,0,0,1,2013-12-16,3668,7,852,60,207,78,36,48,1281,high_value,2,6,10,2,20,store,False,False,True,False,0,0,0,0,0,0,0,0.0,5,0
1928,51,Graduation,2,Married,31814.0,1,0,2,2013-02-09,3978,73,35,3,20,4,1,20,83,low_value,2,0,3,2,7,store,False,False,True,False,0,0,1,0,0,0,1,0.16666666666666666,9,0
7108,59,Master,3,Widow,51390.0,1,1,3,2012-09-08,4132,54,205,20,47,23,2,56,353,mid_value,5,2,5,6,18,deals,False,True,False,False,0,0,0,0,0,0,0,0.0,5,0
10925,41,Graduation,2,Married,76630.0,0,0,1,2014-01-14,3639,93,255,31,446,40,56,175,1003,high_value,3,10,11,1,25,store,False,False,True,False,0,0,0,0,0,0,0,0.0,1,0
9960,33,Basic,0,Single,26868.0,1,0,2,2014-04-30,3533,52,0,0,1,8,3,2,14,low_value,1,0,2,1,4,store,False,False,True,False,0,0,0,0,0,0,0,0.0,7,0
8800,81,Phd,4,Divorced,48948.0,0,0,1,2013-02-01,3986,53,437,8,206,160,49,42,902,high_value,7,10,5,2,24,catalog,True,False,False,False,0,0,1,0,0,1,2,0.3333333333333333,6,0
9224,52,Phd,4,Single,55260.0,0,1,2,2012-12-12,4037,81,825,8,53,11,0,242,1139,high_value,8,10,5,2,25,catalog,True,False,False,False,0,0,0,0,0,0,0,0.0,6,0
5519,68,Graduation,2,Together,64090.0,0,1,2,2013-08-07,3799,8,316,58,161,76,51,135,797,mid_value,6,9,4,1,20,catalog,True,False,False,False,0,0,0,0,0,1,1,0.16666666666666666,5,0
5046,66,Graduation,2,Divorced,78331.0,0,1,2,2014-01-23,3630,97,756,138,354,160,169,61,1638,high_value,10,6,7,2,25,web,False,False,False,True,0,0,0,0,0,0,0,0.0,4,0
7037,50,Phd,4,Married,37087.0,1,0,2,2013-08-11,3795,50,194,55,134,15,0,3,401,mid_value,4,2,8,3,17,store,False,False,True,False,0,0,0,0,0,0,0,0.0,6,0
905,38,Graduation,2,Divorced,21846.0,1,0,2,2013-10-22,3723,38,7,17,18,6,10,26,84,low_value,4,0,3,4,11,web,False,False,False,True,0,0,0,0,0,0,0,0.0,8,0
8624,66,Graduation,2,Married,81320.0,0,0,1,2013-02-06,3981,61,183,33,493,59,103,57,928,high_value,4,3,10,1,18,store,False,False,True,False,0,0,0,0,0,0,0,0.0,2,0
8945,54,Graduation,2,Divorced,54137.0,0,1,2,2013-08-16,3790,46,171,0,11,0,1,20,203,mid_value,4,1,4,2,11,web,False,False,False,True,0,0,0,0,0,0,0,0.0,6,0
6445,57,Graduation,2,Together,66825.0,0,0,1,2013-07-14,3823,73,243,101,405,29,40,40,858,high_value,4,5,6,1,16,store,False,False,True,False,0,0,0,0,0,0,0,0.0,2,0
2727,51,Graduation,2,Together,57100.0,0,0,1,2013-12-04,3680,19,181,21,69,39,3,96,409,mid_value,3,3,6,1,13,store,False,False,True,False,0,0,0,0,0,0,0,0.0,3,0
6404,55,Graduation,2,Together,58917.0,1,2,4,2013-03-24,3935,10,151,7,89,0,7,28,282,mid_value,4,1,6,5,16,store,False,False,True,False,0,0,0,0,0,0,0,0.0,5,0
11074,47,Graduation,2,Single,85072.0,0,0,1,2014-04-09,3554,94,494,92,391,194,11,241,1423,high_value,3,4,10,1,18,store,False,False,True,False,0,0,0,0,0,0,0,0.0,0,0
10150,63,Graduation,2,Single,86429.0,0,0,1,2013-11-21,3693,10,464,28,873,29,18,37,1449,high_value,7,4,7,0,18,web,False,False,False,True,1,0,0,0,0,1,2,0.3333333333333333,2,0
1968,53,Graduation,2,Widow,45684.0,1,0,2,2013-12-02,3682,37,5,1,5,10,0,7,28,low_value,1,0,2,1,4,store,False,False,True,False,0,0,0,0,0,0,0,0.0,7,0
6534,50,Graduation,2,Together,47889.0,1,0,2,2014-01-04,3649,94,29,0,29,0,5,4,67,low_value,2,0,3,1,6,store,False,False,True,False,0,0,0,0,0,0,0,0.0,5,0
9485,38,Phd,4,Married,45921.0,0,0,1,2014-03-10,3584,23,102,9,49,24,3,12,199,mid_value,2,1,6,1,10,store,False,False,True,False,0,0,0,0,0,0,0,0.0,4,0
7053,58,Phd,4,Single,78420.0,0,0,1,2013-06-29,3838,75,604,28,674,91,28,28,1453,high_value,3,10,8,1,22,catalog,True,False,False,False,0,0,0,0,0,0,0,0.0,1,0
4654,32,Graduation,2,Together,75114.0,0,0,1,2013-11-07,3707,40,571,12,523,63,60,24,1253,high_value,3,10,5,1,19,catalog,True,False,False,False,0,0,0,0,0,0,0,0.0,2,0
9760,61,Phd,4,Widow,52278.0,0,1,2,2013-01-25,3993,24,953,0,71,0,0,174,1198,high_value,10,5,10,6,31,web,False,False,False,True,0,0,0,0,0,1,1,0.16666666666666666,8,0
1048,52,Master,3,Married,35641.0,1,0,2,2013-07-14,3823,11,63,3,67,8,9,28,178,mid_value,3,1,4,2,10,store,False,False,True,False,0,0,0,0,0,1,1,0.16666666666666666,7,0
10619,30,Graduation,2,Single,95529.0,0,0,1,2012-12-03,4046,29,770,29,890,250,27,24,1990,high_value,7,3,7,1,18,web,False,False,False,True,0,0,0,0,1,1,2,0.3333333333333333,3,0
9308,70,Graduation,2,Married,62820.0,0,0,1,2013-05-11,3887,51,398,61,265,138,61,53,976,high_value,3,4,6,1,14,store,False,False,True,False,0,0,0,0,0,0,0,0.0,1,0
10505,64,Master,3,Together,73113.0,0,0,1,2013-12-26,3658,86,741,19,154,50,9,28,1001,high_value,3,4,7,1,15,store,False,False,True,False,0,0,0,0,0,0,0,0.0,2,0
8362,42,Phd,4,Married,84169.0,0,0,1,2013-08-07,3799,9,1478,19,403,0,19,0,1919,high_value,7,6,6,1,20,web,False,False,False,True,0,0,0,1,1,1,3,0.5,3,0
2625,70,2N Cycle,1,Single,42607.0,0,1,2,2013-11-17,3697,30,156,29,56,30,32,47,350,mid_value,3,2,7,2,14,store,False,False,True,False,0,0,0,0,0,0,0,0.0,3,0
4637,70,Phd,4,Single,74637.0,0,0,1,2013-05-18,3880,73,960,64,464,146,0,16,1650,high_value,6,9,9,1,25,catalog,True,False,False,False,1,0,0,0,0,0,1,0.16666666666666666,3,0
9972,69,Phd,4,Together,46015.0,1,1,3,2014-04-13,3550,25,38,0,2,0,0,6,46,low_value,1,0,3,1,5,store,False,False,True,False,0,1,1,0,0,0,2,0.3333333333333333,7,0
4483,31,Graduation,2,Single,72354.0,0,0,1,2013-04-17,3911,67,315,26,473,220,12,182,1228,high_value,2,10,6,1,19,catalog,True,False,False,False,0,0,0,0,0,0,0,0.0,1,0
4487,55,Master,3,Single,39858.0,1,0,2,2013-01-24,3994,67,15,20,25,2,7,26,95,low_value,2,0,4,1,7,store,False,False,True,False,0,0,0,0,0,1,1,0.16666666666666666,6,0
4988,76,Phd,4,Married,34469.0,1,1,3,2014-05-04,3529,58,19,6,20,0,5,12,62,low_value,1,1,4,3,9,store,False,False,True,False,0,0,0,0,0,0,0,0.0,4,0
8931,38,Graduation,2,Together,83033.0,1,0,2,2014-05-18,3515,82,812,99,431,237,149,33,1761,high_value,11,4,10,1,26,web,False,False,False,True,1,0,0,0,0,0,1,0.16666666666666666,5,0
5871,45,Master,3,Together,24401.0,0,0,1,2012-08-31,4140,98,73,28,217,10,24,115,467,mid_value,6,1,6,3,16,web,False,False,False,True,0,0,0,0,0,0,0,0.0,8,0
2008,46,Graduation,2,Married,77583.0,0,0,1,2014-02-10,3612,93,372,23,384,250,12,108,1149,high_value,4,5,9,1,19,store,False,False,True,False,1,0,0,0,0,0,1,0.16666666666666666,2,0
3139,42,2N Cycle,1,Single,74116.0,0,0,1,2013-12-30,3654,53,871,111,704,145,55,166,2052,high_value,4,4,10,1,19,store,False,False,True,False,0,0,0,1,0,0,1,0.16666666666666666,2,0
10037,31,Graduation,2,Single,74293.0,0,0,1,2014-05-04,3529,66,375,152,335,93,91,81,1127,high_value,5,4,6,1,16,store,False,False,True,False,0,0,0,0,0,0,0,0.0,2,0
10673,48,Phd,4,Married,68397.0,0,1,2,2013-11-17,3697,6,760,80,466,17,13,80,1416,high_value,6,9,5,1,21,catalog,True,False,False,False,0,0,0,0,0,0,0,0.0,3,0
5303,50,Phd,4,Together,79632.0,0,0,1,2014-04-08,3555,42,471,0,510,99,21,12,1113,high_value,6,4,9,1,20,store,False,False,True,False,0,0,0,0,0,0,0,0.0,2,0
538,35,Graduation,2,Single,46107.0,1,0,2,2014-02-10,3612,78,31,9,27,16,9,33,125,mid_value,1,1,4,1,7,store,False,False,True,False,0,0,0,0,0,0,0,0.0,3,0
7922,73,Phd,4,Single,64950.0,0,1,2,2012-08-12,4159,29,819,0,72,12,0,63,966,high_value,11,2,10,2,25,web,False,False,False,True,0,0,0,1,0,0,1,0.16666666666666666,7,0
5692,35,Basic,0,Married,25443.0,1,0,2,2012-12-22,4027,82,1,4,3,8,9,7,32,low_value,1,0,3,1,5,store,False,False,True,False,0,0,0,0,0,0,0,0.0,8,0
4843,72,Graduation,2,Single,75127.0,0,0,1,2014-05-22,3511,92,203,35,305,46,17,227,833,mid_value,2,11,5,1,19,catalog,True,False,False,False,0,0,0,0,0,0,0,0.0,1,0
6383,53,Phd,4,Together,32892.0,1,0,2,2014-05-25,3508,78,26,0,15,2,1,2,46,low_value,3,0,3,2,8,web,False,False,False,True,0,0,0,0,0,0,0,0.0,8,0
1628,53,Graduation,2,Together,71796.0,0,0,1,2013-10-24,3721,54,354,21,311,167,75,32,960,high_value,9,3,4,1,17,web,False,False,False,True,0,0,0,0,0,0,0,0.0,4,0
1204,54,Phd,4,Married,67536.0,0,1,2,2013-05-22,3876,45,1253,0,447,23,71,35,1829,high_value,11,5,11,3,30,web,False,False,False,True,1,0,0,0,0,0,1,0.16666666666666666,8,0
3673,53,Graduation,2,Single,55239.0,0,1,2,2013-07-14,3823,59,371,17,238,23,24,106,779,mid_value,7,5,11,3,26,store,False,False,True,False,0,0,0,0,0,0,0,0.0,5,0
760,49,Phd,4,Divorced,60554.0,1,0,2,2013-08-09,3797,8,588,7,76,110,15,15,811,mid_value,8,4,9,2,23,store,False,False,True,False,0,0,0,0,0,0,0,0.0,6,0
8957,72,2N Cycle,1,Single,64831.0,1,1,3,2013-06-10,3857,51,480,86,249,75,86,144,1120,high_value,6,3,5,8,22,deals,False,True,False,False,0,0,0,0,0,0,0,0.0,6,0
4128,62,Phd,4,Together,56067.0,0,1,2,2013-07-20,3817,51,517,12,54,16,6,120,725,mid_value,7,4,7,2,20,web,False,False,False,True,0,0,0,0,0,0,0,0.0,5,0
6810,41,Graduation,2,Divorced,82025.0,0,0,1,2013-05-28,3870,76,267,98,606,48,70,98,1187,high_value,3,2,6,1,12,store,False,False,True,False,0,0,0,0,1,1,2,0.3333333333333333,1,0
5386,71,Graduation,2,Together,94384.0,0,0,1,2013-03-04,3955,62,1111,24,790,160,45,172,2302,high_value,5,8,5,0,18,catalog,True,False,False,False,1,0,0,1,1,1,4,0.6666666666666666,2,0
8700,38,Basic,0,Single,14906.0,0,0,1,2012-12-22,4027,86,7,7,14,7,16,15,66,low_value,2,1,3,3,9,store,False,False,True,False,0,0,0,0,0,0,0,0.0,7,0
3202,37,Phd,4,Married,51563.0,0,0,1,2012-10-01,4109,60,1166,0,48,0,0,36,1250,high_value,4,4,10,1,19,store,False,False,True,False,0,0,0,1,1,0,2,0.3333333333333333,8,0
1328,42,2N Cycle,1,Married,57937.0,0,1,2,2014-02-16,3606,56,261,42,144,55,48,133,683,mid_value,4,4,9,3,20,store,False,False,True,False,0,0,0,0,0,0,0,0.0,3,0
8405,45,Graduation,2,Divorced,68274.0,1,1,3,2013-09-30,3745,83,135,25,51,23,25,46,305,mid_value,4,2,5,2,13,store,False,False,True,False,0,0,0,0,0,0,0,0.0,3,0
6515,47,Graduation,2,Together,39771.0,1,0,2,2013-12-06,3678,92,6,2,18,2,8,14,50,low_value,2,0,3,1,6,store,False,False,True,False,0,0,0,0,0,0,0,0.0,4,0
2882,49,2N Cycle,1,Divorced,67893.0,0,1,2,2012-10-01,4109,31,711,28,142,49,18,47,995,high_value,3,2,9,2,16,store,False,False,True,False,0,0,0,0,0,0,0,0.0,8,0
7574,45,Phd,4,Together,27922.0,1,0,2,2014-05-10,3523,80,11,0,13,2,4,11,41,low_value,2,0,3,1,6,store,False,False,True,False,0,0,0,0,0,0,0,0.0,4,0
6387,48,Phd,4,Together,52190.0,1,1,3,2014-05-08,3525,39,42,0,17,0,0,18,77,low_value,2,1,3,3,9,store,False,False,True,False,0,0,1,0,0,0,1,0.16666666666666666,5,0
5320,51,Master,3,Divorced,44051.0,1,1,3,2013-01-29,3989,20,79,7,58,6,3,18,171,mid_value,3,1,4,4,12,store,False,False,True,False,0,0,0,0,0,1,1,0.16666666666666666,6,0
5048,53,Phd,4,Single,42767.0,2,0,3,2013-05-11,3887,53,20,6,43,19,5,38,131,mid_value,3,1,2,1,7,web,False,False,False,True,0,0,0,0,0,0,0,0.0,8,0
8146,48,Master,3,Together,46106.0,1,1,3,2014-05-11,3522,84,30,0,8,2,0,14,54,low_value,1,1,2,1,5,store,False,False,True,False,0,0,0,0,0,0,0,0.0,6,0
10031,48,Phd,4,Married,16927.0,1,1,3,2013-02-10,3977,50,20,2,23,3,1,4,53,low_value,3,0,4,5,12,deals,False,True,False,False,0,0,0,0,0,0,0,0.0,8,0
5748,59,Graduation,2,Married,59754.0,0,1,2,2012-12-01,4048,96,115,27,44,4,146,139,475,mid_value,5,2,6,3,16,store,False,False,True,False,0,0,0,0,0,1,1,0.16666666666666666,5,0
2134,72,Graduation,2,Single,53700.0,0,1,2,2012-08-17,4154,94,263,5,233,69,41,83,694,mid_value,5,5,8,4,22,store,False,False,True,False,0,0,0,0,0,0,0,0.0,5,0
1523,51,Graduation,2,Married,59041.0,1,1,3,2014-05-07,3526,25,69,2,15,2,2,6,96,low_value,2,0,4,2,8,store,False,False,True,False,0,0,0,0,0,0,0,0.0,5,0
9665,67,Phd,4,Divorced,54237.0,0,1,2,2013-04-27,3901,48,267,3,30,4,0,57,361,mid_value,5,2,5,4,16,web,False,False,False,True,0,0,0,0,0,0,0,0.0,6,0
4640,57,Graduation,2,Divorced,70647.0,0,1,2,2012-09-21,4119,65,561,85,171,25,123,114,1079,high_value,4,7,13,2,26,store,False,False,True,False,0,0,0,0,0,0,0,0.0,2,0
3635,62,Phd,4,Single,52597.0,0,1,2,2014-05-07,3526,69,492,0,37,7,0,42,578,mid_value,6,3,8,3,20,store,False,False,True,False,0,0,0,0,0,0,0,0.0,5,0
3547,55,Master,3,Together,41021.0,1,0,2,2012-12-30,4019,12,14,7,9,6,16,12,64,low_value,2,0,3,2,7,store,False,False,True,False,0,0,0,0,0,1,1,0.16666666666666666,6,0
2456,49,Phd,4,Married,40233.0,0,1,2,2013-10-14,3731,84,80,4,46,0,17,2,149,mid_value,2,1,5,5,13,store,False,False,True,False,0,0,0,0,0,0,0,0.0,6,0
5633,44,Graduation,2,Married,50183.0,1,1,3,2014-06-25,3477,47,97,12,84,13,10,15,231,mid_value,3,1,6,7,17,deals,False,True,False,False,0,0,0,0,0,0,0,0.0,5,0
7801,65,Graduation,2,Together,54753.0,0,1,2,2013-09-12,3763,87,197,107,227,7,59,131,728,mid_value,5,2,11,3,21,store,False,False,True,False,0,0,0,0,0,0,0,0.0,4,0
10489,51,Graduation,2,Married,92955.0,0,0,1,2013-08-19,3787,35,693,21,925,31,24,84,1778,high_value,6,7,9,1,23,store,False,False,True,False,1,0,0,0,1,1,3,0.5,2,0
7011,51,Graduation,2,Married,33471.0,1,0,2,2012-10-12,4098,47,43,2,27,0,9,12,93,low_value,3,0,4,3,10,store,False,False,True,False,0,0,0,0,0,0,0,0.0,7,0
2620,50,Phd,4,Married,34596.0,1,0,2,2013-04-13,3915,48,14,0,2,0,0,7,23,low_value,1,0,2,1,4,store,False,False,True,False,0,0,0,0,0,1,1,0.16666666666666666,8,0
3933,44,Graduation,2,Together,44010.0,1,0,2,2012-10-13,4097,46,186,36,234,86,72,48,662,mid_value,10,2,6,6,24,web,False,False,False,True,0,0,0,0,0,0,0,0.0,9,0
10981,36,Graduation,2,Married,84219.0,0,0,1,2014-02-02,3620,27,434,137,400,45,137,45,1198,high_value,3,4,10,1,18,store,False,False,True,False,0,0,0,0,0,0,0,0.0,1,0
1734,56,Phd,4,Together,40706.0,2,1,4,2013-01-17,4001,37,59,0,11,4,2,5,81,low_value,3,0,4,4,11,store,False,False,True,False,0,0,0,0,0,0,0,0.0,7,0
10995,36,2N Cycle,1,Married,15716.0,1,0,2,2012-11-12,4067,8,16,5,30,8,7,26,92,low_value,3,0,4,3,10,store,False,False,True,False,0,0,0,0,0,0,0,0.0,8,1
6357,65,2N Cycle,1,Divorced,59052.0,0,1,2,2013-11-17,3697,29,230,35,75,63,57,31,491,mid_value,7,1,7,3,18,web,False,False,False,True,0,0,0,0,0,0,0,0.0,5,0
9209,53,Master,3,Together,80573.0,0,0,1,2012-10-14,4096,85,829,138,430,60,92,15,1564,high_value,4,6,13,1,24,store,False,False,True,False,0,0,0,0,0,0,0,0.0,2,0
10286,62,Graduation,2,Married,83715.0,0,0,1,2014-02-03,3619,2,318,8,407,150,35,8,926,high_value,2,8,13,1,24,store,False,False,True,False,0,0,0,0,0,0,0,0.0,0,0
2611,65,Master,3,Together,82576.0,0,0,1,2012-08-01,4170,66,1206,55,445,168,18,18,1910,high_value,2,4,12,1,19,store,False,False,True,False,0,0,0,0,1,0,1,0.16666666666666666,1,0
1600,59,Master,3,Married,56962.0,2,1,4,2013-10-11,3734,60,292,3,77,10,3,26,411,mid_value,6,3,5,7,21,deals,False,True,False,False,0,0,0,0,0,0,0,0.0,7,0
3308,72,Graduation,2,Married,35704.0,1,1,3,2014-01-03,3650,54,30,9,12,2,11,30,94,low_value,2,0,4,3,9,store,False,False,True,False,0,0,0,0,0,0,0,0.0,4,0
5407,70,Graduation,2,Together,53103.0,0,1,2,2013-09-12,3763,70,729,17,133,11,0,195,1085,high_value,10,6,7,5,28,web,False,False,False,True,0,0,1,0,0,0,1,0.16666666666666666,7,0
2166,64,2N Cycle,1,Widow,46779.0,1,1,3,2013-07-12,3825,55,12,1,3,0,0,7,23,low_value,0,1,2,1,4,store,False,False,True,False,0,0,0,0,0,0,0,0.0,4,0
3955,59,Graduation,2,Divorced,4861.0,0,0,1,2014-06-22,3480,20,2,1,1,1,0,1,6,low_value,0,0,0,0,0,web,False,False,False,True,0,0,0,0,0,0,0,0.0,14,0
6634,45,Master,3,Divorced,33462.0,1,0,2,2013-08-07,3799,78,22,3,18,0,0,11,54,low_value,2,0,3,1,6,store,False,False,True,False,0,0,0,0,0,0,0,0.0,7,0
3056,46,Graduation,2,Divorced,63693.0,0,1,2,2013-10-14,3731,63,587,43,337,42,87,54,1150,high_value,11,6,9,3,29,web,False,False,False,True,0,0,0,0,0,0,0,0.0,6,0
5718,74,Graduation,2,Married,80763.0,0,0,1,2013-08-15,3791,17,674,168,108,192,42,231,1415,high_value,5,11,6,1,23,catalog,True,False,False,False,1,0,0,0,1,1,3,0.5,3,0
6872,50,Phd,4,Married,65352.0,0,1,2,2013-08-21,3785,43,284,3,84,4,7,23,405,mid_value,4,2,8,2,16,store,False,False,True,False,0,0,0,0,0,0,0,0.0,4,0
8164,46,Phd,4,Married,82170.0,0,0,1,2013-11-25,3689,13,1023,93,651,49,55,37,1908,high_value,5,6,7,1,19,store,False,False,True,False,0,0,0,0,0,0,0,0.0,2,0
4580,55,Graduation,2,Married,75759.0,0,0,1,2013-10-25,3720,46,1394,22,708,89,91,182,2486,high_value,9,7,9,1,26,web,False,False,False,True,1,0,1,0,1,1,4,0.6666666666666666,5,0
9305,48,2N Cycle,1,Single,79689.0,0,0,1,2013-05-12,3886,65,311,26,640,180,37,121,1315,high_value,4,9,13,1,27,store,False,False,True,False,0,0,0,0,0,0,0,0.0,2,0
453,68,Phd,4,Widow,35340.0,1,1,3,2014-06-29,3473,1,27,0,12,0,1,5,45,low_value,2,0,3,2,7,store,False,False,True,False,0,0,0,0,0,0,0,0.0,5,0
8545,70,Graduation,2,Divorced,85683.0,0,0,1,2014-03-21,3573,6,1296,17,311,45,69,51,1789,high_value,2,4,10,1,17,store,False,False,True,False,1,1,0,1,1,1,5,0.8333333333333334,1,0
9850,52,2N Cycle,1,Married,24884.0,1,0,2,2012-11-29,4050,32,3,6,7,0,0,3,19,low_value,0,0,3,1,4,store,False,False,True,False,0,0,0,0,0,0,0,0.0,7,0
7378,43,Master,3,Together,42021.0,1,0,2,2012-08-31,4140,34,393,5,136,7,5,27,573,mid_value,10,1,6,5,22,web,False,False,False,True,0,0,1,0,0,0,1,0.16666666666666666,9,0
7646,35,Graduation,2,Single,64449.0,1,0,2,2014-02-18,3604,70,218,63,282,137,35,70,805,mid_value,5,3,12,4,24,store,False,False,True,False,0,0,0,0,0,0,0,0.0,4,0
1640,70,Graduation,2,Divorced,64587.0,1,1,3,2014-06-22,3480,49,66,0,16,0,6,20,108,low_value,1,1,4,2,8,store,False,False,True,False,0,0,0,0,0,0,0,0.0,3,0
5184,29,Graduation,2,Single,34824.0,0,0,1,2014-03-26,3568,65,4,2,11,2,0,4,23,low_value,1,0,2,1,4,store,False,False,True,False,0,0,0,0,0,0,0,0.0,6,0
8492,46,Graduation,2,Together,75437.0,0,0,1,2013-11-09,3705,25,795,0,545,95,58,0,1493,high_value,8,4,10,1,23,store,False,False,True,False,1,0,0,0,0,0,1,0.16666666666666666,6,0
11188,67,Graduation,2,Together,26091.0,1,1,3,2014-02-25,3597,84,15,10,19,8,17,20,89,low_value,2,1,3,3,9,store,False,False,True,False,0,0,0,0,0,0,0,0.0,5,0
1212,51,Graduation,2,Married,52845.0,1,0,2,2013-08-13,3793,7,384,25,292,130,41,64,936,high_value,8,8,6,3,25,web,False,False,False,True,0,0,1,0,0,0,1,0.16666666666666666,6,0
9097,68,Graduation,2,Divorced,46086.0,0,1,2,2013-11-03,3711,34,244,8,32,7,2,50,343,mid_value,3,1,8,4,16,store,False,False,True,False,0,0,0,0,0,0,0,0.0,4,0
10473,68,Phd,4,Widow,78028.0,0,1,2,2012-09-10,4130,38,158,19,288,25,0,38,528,mid_value,6,4,9,1,20,store,False,False,True,False,0,0,0,1,1,1,3,0.5,7,0
7962,37,Phd,4,Single,95169.0,0,0,1,2013-10-09,3736,1,1285,21,449,106,20,20,1901,high_value,4,3,4,1,12,web,False,False,False,True,1,0,0,0,1,1,3,0.5,1,0
9984,43,2N Cycle,1,Married,56337.0,1,1,3,2013-03-27,3932,25,349,16,144,28,5,182,724,mid_value,8,5,4,5,22,web,False,False,False,True,1,0,1,0,0,1,3,0.5,8,0
5527,37,Graduation,2,Together,22434.0,1,0,2,2013-02-13,3974,25,4,12,11,3,13,15,58,low_value,2,0,3,2,7,store,False,False,True,False,0,0,0,0,0,0,0,0.0,8,0
6374,70,Phd,4,Married,36930.0,0,1,2,2013-05-17,3881,50,223,2,31,0,2,39,297,mid_value,5,2,4,5,16,web,False,False,False,True,0,0,0,0,0,0,0,0.0,8,0
7453,70,Graduation,2,Single,36130.0,0,1,2,2013-02-02,3985,46,157,43,127,68,56,37,488,mid_value,3,8,4,6,21,catalog,True,False,False,False,0,0,1,0,0,1,2,0.3333333333333333,4,0
8952,71,Master,3,Married,65569.0,0,1,2,2012-11-05,4074,96,397,46,288,20,38,70,859,high_value,6,5,10,2,23,store,False,False,True,False,0,0,0,0,0,0,0,0.0,3,0
241,72,Graduation,2,Together,83844.0,0,0,1,2013-05-12,3886,57,901,31,345,75,31,191,1574,high_value,4,4,11,1,20,store,False,False,True,False,0,0,0,0,1,0,1,0.16666666666666666,1,0
8975,56,Graduation,2,Married,19514.0,1,1,3,2014-01-26,3627,47,14,3,21,2,1,28,69,low_value,3,1,2,4,10,deals,False,True,False,False,0,0,1,0,0,0,1,0.16666666666666666,8,0
6119,61,Phd,4,Single,36736.0,1,1,3,2013-05-10,3888,52,10,0,3,0,0,4,17,low_value,1,0,2,1,4,store,False,False,True,False,0,0,0,0,0,0,0,0.0,6,0
5236,45,Graduation,2,Together,77568.0,0,1,2,2012-08-25,4146,30,1230,0,396,232,178,158,2194,high_value,10,2,8,1,21,web,False,False,False,True,1,0,0,1,1,0,3,0.5,5,0
5723,48,Phd,4,Together,49187.0,0,1,2,2014-01-11,3642,63,81,1,31,2,1,0,116,mid_value,1,1,5,1,8,store,False,False,True,False,0,0,0,0,0,0,0,0.0,2,0
1710,46,Graduation,2,Single,30168.0,1,0,2,2013-03-07,3952,51,154,20,66,0,12,27,279,mid_value,6,1,4,7,18,deals,False,True,False,False,0,0,0,0,0,0,0,0.0,9,0
1970,56,Master,3,Together,34053.0,0,1,2,2012-09-10,4130,14,63,0,21,7,0,12,103,low_value,3,0,3,1,7,web,False,False,False,True,0,0,0,0,0,0,0,0.0,8,0
5313,53,Master,3,Married,38196.0,1,1,3,2014-04-18,3545,20,30,0,11,0,0,3,44,low_value,2,0,4,3,9,store,False,False,True,False,0,0,0,0,0,0,0,0.0,5,0
10634,73,Master,3,Married,59412.0,0,0,1,2014-04-19,3544,56,90,67,165,30,43,11,406,mid_value,4,2,8,1,15,store,False,False,True,False,0,0,0,0,0,0,0,0.0,3,0
7010,59,2N Cycle,1,Married,70924.0,0,0,1,2014-04-07,3556,41,635,114,254,132,152,76,1363,high_value,6,6,7,1,20,store,False,False,True,False,0,0,0,0,1,0,1,0.16666666666666666,3,0
8562,55,Graduation,2,Together,54165.0,0,0,1,2013-05-28,3870,72,127,4,73,15,6,11,236,mid_value,2,1,7,1,11,store,False,False,True,False,0,0,0,0,0,0,0,0.0,2,0
3158,51,Graduation,2,Married,32300.0,1,0,2,2013-01-03,4015,1,13,3,6,6,5,6,39,low_value,1,0,3,1,5,store,False,False,True,False,0,0,0,0,0,0,0,0.0,8,0
4436,48,Graduation,2,Single,20180.0,0,0,1,2013-02-20,3967,27,18,42,24,15,20,18,137,mid_value,2,1,4,1,8,store,False,False,True,False,0,0,0,0,0,0,0,0.0,7,0
5287,51,Graduation,2,Married,34961.0,1,0,2,2014-06-19,3483,77,45,2,26,4,1,1,79,low_value,3,1,3,3,10,web,False,False,False,True,0,0,0,0,0,0,0,0.0,7,0
2445,50,Phd,4,Together,28440.0,1,0,2,2013-07-07,3830,87,38,1,24,0,0,0,63,low_value,2,0,3,1,6,store,False,False,True,False,0,0,0,0,0,0,0,0.0,8,0
6059,71,Phd,4,Together,64504.0,1,2,4,2013-03-04,3955,81,986,36,168,16,0,108,1314,high_value,11,3,4,7,25,web,False,False,False,True,0,0,0,0,0,1,1,0.16666666666666666,7,0
4550,58,Master,3,Together,33564.0,0,1,2,2014-06-24,3478,51,61,0,3,0,0,7,71,low_value,1,1,3,1,6,store,False,False,True,False,0,0,0,0,0,0,0,0.0,5,0
4240,46,Graduation,2,Married,17345.0,1,0,2,2012-11-03,4076,79,4,9,16,17,0,12,58,low_value,2,1,2,2,7,web,False,False,False,True,0,0,0,0,0,0,0,0.0,8,0
8911,57,Phd,4,Married,56320.0,0,1,2,2013-04-08,3920,11,201,53,172,116,77,83,702,mid_value,5,4,9,3,21,store,False,False,True,False,0,0,0,0,0,0,0,0.0,4,0
3706,46,Graduation,2,Single,28647.0,1,0,2,2013-08-21,3785,54,19,8,29,0,12,26,94,low_value,2,2,2,1,7,web,False,False,False,True,0,0,1,0,0,1,2,0.3333333333333333,7,0
3628,37,Basic,0,Single,15038.0,1,0,2,2013-01-29,3989,93,4,8,11,19,12,26,80,low_value,2,1,2,2,7,web,False,False,False,True,0,0,0,0,0,0,0,0.0,9,0
10175,66,Phd,4,Divorced,32173.0,0,1,2,2013-08-01,3805,0,18,0,2,0,0,2,22,low_value,1,0,3,1,5,store,False,False,True,False,0,0,0,0,0,0,0,0.0,4,0
8985,60,2N Cycle,1,Together,68316.0,0,1,2,2012-11-04,4075,54,806,80,161,120,11,33,1211,high_value,10,7,10,5,32,web,False,False,False,True,0,0,0,0,0,0,0,0.0,6,0
5204,53,Graduation,2,Together,74538.0,0,0,1,2013-06-29,3838,21,380,98,733,110,112,28,1461,high_value,8,8,5,1,22,web,False,False,False,True,0,0,0,0,1,1,2,0.3333333333333333,3,0
9220,53,Graduation,2,Single,91700.0,0,0,1,2013-01-17,4001,58,576,172,961,125,115,19,1968,high_value,8,6,5,1,20,web,False,False,False,True,0,0,0,0,0,1,1,0.16666666666666666,3,0
9888,55,Graduation,2,Together,68695.0,0,0,1,2014-06-25,3477,3,458,81,356,106,50,40,1091,high_value,4,4,7,1,16,store,False,False,True,False,0,0,0,0,0,0,0,0.0,2,0
5263,47,2N Cycle,1,Married,31056.0,1,0,2,2013-01-22,3996,99,5,10,13,3,8,16,55,low_value,1,0,3,1,5,store,False,False,True,False,0,0,0,0,0,0,0,0.0,8,0
1020,51,Graduation,2,Married,79593.0,0,0,1,2014-05-12,3521,70,350,60,568,110,133,145,1366,high_value,5,6,7,1,19,store,False,False,True,False,0,0,0,0,1,0,1,0.16666666666666666,2,0
9503,44,Graduation,2,Single,28071.0,0,0,1,2012-08-29,4142,65,39,33,130,41,26,44,313,mid_value,5,1,5,2,13,web,False,False,False,True,0,0,0,0,0,0,0,0.0,8,0
10613,66,Phd,4,Together,37334.0,1,1,3,2014-02-26,3596,44,26,1,16,2,2,15,62,low_value,3,0,4,4,11,store,False,False,True,False,0,0,0,0,0,0,0,0.0,4,0
67,52,Master,3,Single,46423.0,1,1,3,2013-09-18,3757,6,68,0,16,0,0,8,92,low_value,2,0,4,3,9,store,False,False,True,False,0,0,0,0,0,0,0,0.0,7,0
6019,53,Phd,4,Married,37126.0,1,0,2,2014-03-30,3564,9,45,3,9,4,4,7,72,low_value,1,2,2,1,6,catalog,True,False,False,False,0,0,1,0,0,1,2,0.3333333333333333,6,0
5863,71,Graduation,2,Married,47703.0,0,1,2,2013-05-29,3869,95,359,0,134,13,26,123,655,mid_value,6,3,8,4,21,store,False,False,True,False,0,0,0,0,0,0,0,0.0,5,0
3717,65,Graduation,2,Married,61180.0,0,1,2,2014-04-23,3540,70,403,24,29,6,24,218,704,mid_value,5,5,6,2,18,store,False,False,True,False,0,0,1,0,0,0,1,0.16666666666666666,3,0
6730,70,Graduation,2,Married,38998.0,1,1,3,2012-11-03,4076,92,34,1,14,0,0,5,54,low_value,2,0,3,3,8,store,False,False,True,False,0,0,0,0,0,0,0,0.0,8,1
10749,33,Graduation,2,Single,8028.0,0,0,1,2012-09-18,4122,62,73,18,66,7,12,2,178,mid_value,0,1,0,15,16,deals,False,True,False,False,0,0,0,0,0,0,0,0.0,19,0
4998,62,Graduation,2,Together,76081.0,0,0,1,2014-05-23,3510,85,292,30,415,63,33,200,1033,high_value,4,5,4,1,14,catalog,True,False,False,False,1,0,0,0,0,0,1,0.16666666666666666,2,0
6287,38,Graduation,2,Together,34728.0,1,0,2,2013-07-30,3807,2,14,0,16,0,0,6,36,low_value,1,1,2,1,5,store,False,False,True,False,0,0,0,0,0,1,1,0.16666666666666666,6,0
5985,59,Master,3,Single,33168.0,0,1,2,2012-10-13,4097,0,80,1,37,0,1,3,122,mid_value,2,1,4,3,10,store,False,False,True,False,0,0,0,0,0,0,0,0.0,7,0
4754,58,Master,3,Married,33585.0,0,1,2,2013-09-25,3750,91,30,11,33,13,6,29,122,mid_value,2,0,4,1,7,store,False,False,True,False,0,0,0,0,0,0,0,0.0,4,0
4002,64,Phd,4,Married,77037.0,0,1,2,2013-10-13,3732,3,463,96,333,168,53,10,1123,high_value,7,7,12,1,27,store,False,False,True,False,0,0,0,0,0,0,0,0.0,3,0
8870,40,Graduation,2,Together,35196.0,1,0,2,2012-11-13,4066,68,75,12,141,43,39,187,497,mid_value,6,1,5,6,18,web,False,False,False,True,0,0,0,0,0,1,1,0.16666666666666666,8,0
966,58,Graduation,2,Married,44529.0,0,1,2,2013-07-05,3832,98,538,13,91,17,6,26,691,mid_value,6,2,11,6,25,store,False,False,True,False,0,0,0,1,0,0,1,0.16666666666666666,5,0
4767,59,2N Cycle,1,Married,70924.0,0,0,1,2014-04-07,3556,41,635,114,254,132,152,76,1363,high_value,6,6,7,1,20,store,False,False,True,False,0,0,0,0,1,0,1,0.16666666666666666,3,0
9725,58,Phd,4,Together,28764.0,1,1,3,2014-06-05,3497,16,8,0,3,0,0,1,12,low_value,1,0,2,1,4,store,False,False,True,False,0,0,1,0,0,0,1,0.16666666666666666,8,0
4475,75,Phd,4,Married,69098.0,0,0,1,2013-02-16,3971,82,1315,22,780,145,0,178,2440,high_value,7,8,9,1,25,store,False,False,True,False,0,0,0,0,0,0,0,0.0,5,0
5740,54,2N Cycle,1,Divorced,25959.0,1,1,3,2013-02-14,3973,1,4,2,12,7,5,26,56,low_value,1,2,2,2,7,catalog,True,False,False,False,0,0,0,0,0,1,1,0.16666666666666666,6,0
5731,41,Master,3,Married,27100.0,1,0,2,2013-04-05,3923,64,12,0,13,2,0,10,37,low_value,1,0,3,1,5,store,False,False,True,False,0,0,0,0,0,0,0,0.0,7,0
7290,39,Graduation,2,Single,70596.0,0,0,1,2012-10-05,4105,68,347,44,534,17,0,26,968,high_value,3,5,12,1,21,store,False,False,True,False,0,0,0,0,0,0,0,0.0,2,0
3846,50,Graduation,2,Married,42557.0,0,1,2,2012-08-29,4142,98,192,5,53,0,5,15,270,mid_value,6,1,4,4,15,web,False,False,False,True,0,0,0,0,0,0,0,0.0,8,0
8104,73,Phd,4,Married,53312.0,0,0,1,2013-08-09,3797,32,241,0,12,0,0,25,278,mid_value,5,1,5,1,12,web,False,False,False,True,0,0,0,0,0,0,0,0.0,7,0
4507,72,Graduation,2,Single,72228.0,0,0,1,2012-11-27,4052,87,631,28,491,30,14,56,1250,high_value,6,7,8,1,22,store,False,False,True,False,0,0,0,0,0,0,0,0.0,3,0
11013,37,Graduation,2,Together,67605.0,0,0,1,2013-03-31,3928,84,336,28,282,184,54,54,938,high_value,2,8,6,1,17,catalog,True,False,False,False,0,0,0,0,0,0,0,0.0,1,0
4491,75,Master,3,Married,62845.0,1,1,3,2012-10-01,4109,3,1099,0,45,0,0,34,1178,high_value,3,4,10,11,28,deals,False,True,False,False,0,0,0,1,0,0,1,0.16666666666666666,8,0
3759,66,Graduation,2,Together,65196.0,0,2,3,2013-07-25,3812,34,743,19,181,12,0,200,1155,high_value,7,6,11,2,26,store,False,False,True,False,0,0,1,0,0,0,1,0.16666666666666666,5,0
1162,37,Phd,4,Single,42000.0,0,0,1,2013-01-10,4008,23,124,83,267,85,59,35,653,mid_value,5,2,11,2,20,store,False,False,True,False,0,0,0,0,0,1,1,0.16666666666666666,5,0
2055,51,Phd,4,Divorced,35860.0,1,1,3,2014-05-19,3514,37,15,0,8,4,2,20,49,low_value,1,1,2,2,6,store,False,False,True,False,0,0,1,0,0,0,1,0.16666666666666666,5,0
10766,60,Phd,4,Married,65526.0,0,1,2,2014-04-11,3552,22,397,19,69,12,0,9,506,mid_value,4,4,8,1,17,store,False,False,True,False,0,0,0,0,0,0,0,0.0,2,0
4415,63,Graduation,2,Married,16860.0,1,1,3,2012-09-12,4128,19,10,4,4,3,3,14,38,low_value,1,1,3,3,8,store,False,False,True,False,0,0,0,0,0,0,0,0.0,7,0
3005,32,Graduation,2,Single,83528.0,0,0,1,2014-05-01,3532,7,530,117,678,134,44,147,1650,high_value,4,10,8,1,23,catalog,True,False,False,False,1,0,1,0,0,1,3,0.5,1,0
2223,59,2N Cycle,1,Divorced,64176.0,0,1,2,2012-08-03,4168,52,1215,33,249,64,116,149,1826,high_value,8,9,8,8,33,catalog,True,False,False,False,0,0,0,0,0,0,0,0.0,6,0
4817,68,Graduation,2,Divorced,22304.0,0,0,1,2012-08-04,4167,91,3,2,7,0,4,2,18,low_value,1,0,2,1,4,store,False,False,True,False,0,0,0,0,0,0,0,0.0,8,0
2875,46,Graduation,2,Married,67023.0,0,0,1,2014-03-04,3590,93,444,44,382,11,8,17,906,high_value,3,7,13,1,24,store,False,False,True,False,0,0,0,0,0,0,0,0.0,2,1
10536,53,Phd,4,Together,32892.0,1,0,2,2014-05-25,3508,78,26,0,15,2,1,2,46,low_value,3,0,3,2,8,web,False,False,False,True,0,0,0,0,0,0,0,0.0,8,0
11112,58,Graduation,2,Together,70713.0,0,1,2,2012-12-03,4046,23,736,114,279,82,76,190,1477,high_value,5,6,8,6,25,store,False,False,True,False,0,0,0,0,0,0,0,0.0,3,0
3807,69,Graduation,2,Together,59925.0,0,1,2,2012-11-30,4049,83,473,21,176,19,21,56,766,mid_value,9,2,9,3,23,web,False,False,False,True,0,0,0,0,0,0,0,0.0,6,0
9197,71,Graduation,2,Married,39722.0,0,1,2,2014-02-24,3598,92,32,0,5,2,0,8,47,low_value,2,0,3,2,7,store,False,False,True,False,0,0,0,0,0,0,0,0.0,5,0
10832,66,Graduation,2,Together,46610.0,0,0,1,2013-07-18,3819,4,288,10,30,4,10,125,467,mid_value,6,1,6,1,14,web,False,False,False,True,0,0,0,0,0,0,0,0.0,6,0
6421,63,Graduation,2,Together,88347.0,0,0,1,2013-07-03,3834,32,1050,178,555,77,138,118,2116,high_value,4,7,9,1,21,store,False,False,True,False,1,0,0,0,0,0,1,0.16666666666666666,1,0
4207,43,Phd,4,Married,87171.0,0,0,1,2013-05-01,3897,27,1001,44,107,58,44,44,1298,high_value,6,7,11,1,25,store,False,False,True,False,0,0,1,0,1,0,2,0.3333333333333333,2,0
577,48,2N Cycle,1,Together,26907.0,1,1,3,2013-08-20,3786,10,9,1,7,0,3,2,22,low_value,1,0,3,2,6,store,False,False,True,False,0,0,0,0,0,0,0,0.0,7,0
10855,56,Master,3,Single,50014.0,1,0,2,2014-01-22,3631,9,234,14,77,19,10,42,396,mid_value,4,1,8,2,15,store,False,False,True,False,0,0,0,0,0,0,0,0.0,5,0
3081,46,Phd,4,Married,41014.0,1,0,2,2013-04-22,3906,65,7,2,6,2,0,3,20,low_value,1,0,2,1,4,store,False,False,True,False,0,0,0,0,0,0,0,0.0,7,0
3535,59,Graduation,2,Single,66294.0,0,0,1,2014-03-17,3577,68,251,108,334,65,92,117,967,high_value,4,3,5,1,13,store,False,False,True,False,0,0,0,0,0,0,0,0.0,2,0
247,53,Graduation,2,Married,36715.0,1,0,2,2012-11-17,4062,16,172,10,125,21,13,16,357,mid_value,7,2,4,6,19,web,False,False,False,True,0,0,0,0,0,1,1,0.16666666666666666,9,0
8707,68,Graduation,2,Married,79456.0,0,0,1,2012-08-22,4149,12,565,42,548,64,83,99,1401,high_value,5,6,4,1,16,catalog,True,False,False,False,0,0,0,0,0,1,1,0.16666666666666666,3,0
9523,42,Graduation,2,Together,40479.0,1,0,2,2013-08-17,3789,95,5,0,8,2,0,0,15,low_value,0,0,3,1,4,store,False,False,True,False,0,0,0,0,0,0,0,0.0,4,0
6072,54,Master,3,Single,75345.0,0,0,1,2013-02-02,3985,16,918,57,842,99,38,133,2087,high_value,5,8,6,1,20,catalog,True,False,False,False,1,0,0,0,0,1,2,0.3333333333333333,3,0
6295,47,Graduation,2,Married,54233.0,0,1,2,2013-02-04,3983,46,652,8,158,21,0,142,981,high_value,11,6,5,4,26,web,False,False,False,True,0,0,0,0,0,0,0,0.0,8,0
10914,54,Graduation,2,Single,24163.0,1,1,3,2013-10-12,3733,3,4,1,7,2,1,2,17,low_value,1,0,3,2,6,store,False,False,True,False,0,0,0,0,0,0,0,0.0,4,0
1509,66,Phd,4,Together,84460.0,0,0,1,2013-01-04,4014,80,152,27,103,106,54,81,523,mid_value,9,9,4,0,22,web,False,False,False,True,1,1,0,1,1,1,5,0.8333333333333334,5,0
5577,41,Graduation,2,Together,43776.0,1,0,2,2014-05-03,3530,77,8,0,9,2,1,3,23,low_value,1,0,2,1,4,store,False,False,True,False,0,0,0,0,0,0,0,0.0,6,0
7348,66,Phd,4,Single,71691.0,0,0,1,2014-03-17,3577,0,336,130,411,240,32,43,1192,high_value,4,7,5,1,17,catalog,True,False,False,False,0,0,0,0,0,1,1,0.16666666666666666,2,0
1127,51,Phd,4,Married,85844.0,0,0,1,2014-05-29,3504,62,938,19,843,25,95,38,1958,high_value,6,6,7,1,20,store,False,False,True,False,0,0,0,0,1,0,1,0.16666666666666666,2,0
1833,50,Phd,4,Single,39190.0,1,0,2,2014-04-26,3537,91,68,8,18,19,8,12,133,mid_value,2,1,4,2,9,store,False,False,True,False,0,0,0,0,0,0,0,0.0,5,0
4944,65,Graduation,2,Together,71367.0,0,0,1,2013-08-23,3783,24,227,23,389,42,21,75,777,mid_value,4,5,7,1,17,store,False,False,True,False,0,0,0,0,0,0,0,0.0,2,0
9080,52,Phd,4,Single,38578.0,1,1,3,2013-06-22,3845,2,38,4,22,3,3,3,73,low_value,3,0,3,3,9,web,False,False,False,True,0,0,0,0,0,0,0,0.0,8,0
6466,59,Phd,4,Married,57236.0,1,1,3,2014-03-12,3582,22,105,0,9,2,1,4,121,mid_value,2,1,4,3,10,store,False,False,True,False,0,0,0,0,0,0,0,0.0,3,0
9964,45,Graduation,2,Single,61825.0,0,1,2,2013-08-07,3799,56,162,50,100,55,30,27,424,mid_value,4,2,8,1,15,store,False,False,True,False,0,0,0,0,0,0,0,0.0,4,0
4790,66,Graduation,2,Divorced,79803.0,0,1,2,2014-06-02,3500,54,574,8,216,21,16,33,868,high_value,4,3,5,1,13,store,False,False,True,False,0,0,0,0,0,0,0,0.0,1,0
10245,38,2N Cycle,1,Single,80910.0,0,0,1,2012-10-31,4079,71,160,80,369,67,39,41,756,mid_value,3,3,8,1,15,store,False,False,True,False,0,0,0,0,0,0,0,0.0,1,0
1109,42,Master,3,Together,27590.0,1,0,2,2013-04-23,3905,38,6,0,5,0,0,1,12,low_value,1,0,2,1,4,store,False,False,True,False,0,0,0,0,0,0,0,0.0,7,0
6001,45,Graduation,2,Married,56775.0,0,1,2,2013-01-02,4016,62,614,35,160,58,35,35,937,high_value,5,8,10,2,25,store,False,False,True,False,0,0,0,0,0,0,0,0.0,5,0
5538,49,Graduation,2,Divorced,83829.0,0,0,1,2013-10-08,3737,78,897,161,430,186,161,27,1862,high_value,4,7,6,0,17,catalog,True,False,False,False,1,0,1,0,1,1,4,0.6666666666666666,1,0
10552,45,2N Cycle,1,Married,54210.0,0,1,2,2013-05-20,3878,18,70,54,109,80,9,45,367,mid_value,4,1,7,2,14,store,False,False,True,False,0,0,0,0,0,0,0,0.0,5,0
1545,38,Graduation,2,Married,38508.0,1,0,2,2013-08-02,3804,95,120,19,206,25,19,54,443,mid_value,7,2,5,6,20,web,False,False,False,True,0,0,0,0,0,0,0,0.0,8,0
7409,54,Graduation,2,Together,53187.0,1,0,2,2013-10-26,3719,66,211,2,30,7,7,10,267,mid_value,4,1,6,2,13,store,False,False,True,False,0,0,0,0,0,0,0,0.0,5,0
4444,52,Graduation,2,Married,30023.0,1,0,2,2014-03-24,3570,28,11,0,16,7,6,21,61,low_value,2,0,3,1,6,store,False,False,True,False,0,0,0,0,0,0,0,0.0,8,0
146,64,Phd,4,Single,76045.0,0,0,1,2013-11-15,3699,78,760,53,400,17,93,0,1323,high_value,4,5,11,1,21,store,False,False,True,False,1,0,0,0,0,0,1,0.16666666666666666,2,0
6271,72,Phd,4,Married,50870.0,0,1,2,2014-06-19,3483,13,53,0,8,0,0,2,63,low_value,2,0,3,1,6,store,False,False,True,False,0,0,0,0,0,0,0,0.0,5,0
10065,54,2N Cycle,1,Married,15315.0,0,0,1,2013-08-03,3803,27,7,4,13,15,8,17,64,low_value,2,0,4,2,8,store,False,False,True,False,0,0,0,0,0,0,0,0.0,5,0
4741,50,2N Cycle,1,Married,65463.0,1,0,2,2014-01-30,3623,17,391,32,70,21,32,16,562,mid_value,6,2,9,2,19,store,False,False,True,False,0,0,0,1,0,0,1,0.16666666666666666,5,0
246,59,Graduation,2,Married,66480.0,1,1,3,2014-05-31,3502,71,199,9,57,20,21,6,312,mid_value,4,1,7,7,19,store,False,False,True,False,0,0,0,0,0,0,0,0.0,4,0
375,70,Graduation,2,Divorced,76773.0,0,0,1,2013-02-25,3962,79,516,56,449,86,33,16,1156,high_value,2,2,11,1,16,store,False,False,True,False,0,0,0,0,0,0,0,0.0,1,0
1524,41,2N Cycle,1,Single,81698.0,0,0,1,2013-03-01,3958,1,709,45,115,30,160,45,1104,high_value,8,2,5,1,16,web,False,False,False,True,1,0,0,0,0,1,2,0.3333333333333333,5,0
10022,51,Phd,4,Single,54466.0,1,1,3,2014-02-09,3613,78,12,0,4,0,0,0,16,low_value,1,0,2,1,4,store,False,False,True,False,0,0,0,0,0,0,0,0.0,5,0
7451,64,Master,3,Single,98777.0,0,0,1,2014-02-17,3605,23,1000,19,711,125,115,38,2008,high_value,4,6,9,0,19,store,False,False,True,False,0,0,0,1,0,0,1,0.16666666666666666,1,0
11010,40,Phd,4,Single,16269.0,1,0,2,2013-08-30,3776,75,19,3,18,3,1,0,44,low_value,3,0,3,3,9,web,False,False,False,True,0,0,0,0,0,0,0,0.0,8,0
4356,53,Graduation,2,Together,71819.0,0,1,2,2013-08-28,3778,70,1224,28,140,0,14,168,1574,high_value,3,3,5,3,14,store,False,False,True,False,0,0,0,1,1,0,2,0.3333333333333333,6,0
3885,41,Phd,4,Married,33569.0,1,0,2,2013-10-16,3729,10,16,2,18,3,0,24,63,low_value,1,1,2,1,5,store,False,False,True,False,0,0,1,0,0,1,2,0.3333333333333333,8,0
1175,41,Master,3,Married,36262.0,0,0,1,2013-09-20,3755,24,88,39,54,64,28,153,426,mid_value,3,5,3,1,12,catalog,True,False,False,False,0,0,1,0,0,1,2,0.3333333333333333,6,0
880,58,Basic,0,Together,22634.0,0,0,1,2013-01-16,4002,47,2,23,11,8,6,46,96,low_value,2,1,2,1,6,web,False,False,False,True,0,0,0,0,0,0,0,0.0,8,0
2320,46,2N Cycle,1,Married,47025.0,0,1,2,2013-09-12,3763,98,508,11,59,23,5,29,635,mid_value,11,1,6,5,23,web,False,False,False,True,0,0,0,0,0,0,0,0.0,9,0
850,56,Graduation,2,Single,70566.0,0,1,2,2013-10-06,3739,4,381,28,215,84,28,21,757,mid_value,6,5,9,2,22,store,False,False,True,False,0,0,0,0,0,0,0,0.0,3,0
4713,45,Phd,4,Married,31605.0,1,0,2,2012-11-22,4057,15,74,0,42,2,1,6,125,mid_value,2,1,4,2,9,store,False,False,True,False,0,0,0,0,0,0,0,0.0,7,0
675,51,Master,3,Divorced,52034.0,1,1,3,2013-05-17,3881,67,146,0,93,7,13,73,332,mid_value,4,2,5,5,16,store,False,False,True,False,0,0,0,0,0,0,0,0.0,7,0
5025,45,Graduation,2,Single,48526.0,1,0,2,2013-12-24,3660,32,23,17,23,43,20,9,135,mid_value,2,1,4,1,8,store,False,False,True,False,0,0,0,0,0,0,0,0.0,3,0
2308,70,Graduation,2,Married,46734.0,0,1,2,2012-11-18,4061,40,110,5,137,26,23,29,330,mid_value,6,1,5,2,14,web,False,False,False,True,0,0,0,0,0,0,0,0.0,7,0
5995,62,Graduation,2,Divorced,39552.0,1,1,3,2012-12-18,4031,54,165,3,147,4,24,41,384,mid_value,6,2,5,7,20,deals,False,True,False,False,0,0,0,0,0,1,1,0.16666666666666666,8,0
6749,58,Graduation,2,Single,86358.0,1,1,3,2012-08-08,4163,78,957,47,494,82,47,95,1722,high_value,5,3,6,4,18,store,False,False,True,False,0,0,0,0,0,0,0,0.0,8,0
1010,47,Graduation,2,Together,46931.0,2,1,4,2014-04-24,3539,94,41,0,17,3,1,16,78,low_value,1,1,3,2,7,store,False,False,True,False,0,0,0,0,0,0,0,0.0,3,0
8977,39,Basic,0,Single,16581.0,0,0,1,2013-01-12,4006,51,1,3,4,2,3,11,24,low_value,0,0,3,1,4,store,False,False,True,False,0,0,0,0,0,0,0,0.0,4,0
4756,72,2N Cycle,1,Divorced,63998.0,0,0,1,2013-12-20,3664,42,176,29,818,0,33,112,1168,high_value,7,6,11,1,25,store,False,False,True,False,0,0,0,0,0,1,1,0.16666666666666666,4,0
3412,73,Master,3,Married,67381.0,0,1,2,2013-01-15,4003,67,815,8,53,11,0,70,957,high_value,2,2,9,4,17,store,False,False,True,False,0,0,0,1,0,0,1,0.16666666666666666,7,0
606,57,Graduation,2,Single,25930.0,1,1,3,2013-10-10,3735,87,6,1,2,2,0,4,15,low_value,1,0,2,1,4,store,False,False,True,False,0,0,0,0,0,0,0,0.0,7,0
5961,46,Graduation,2,Married,42693.0,1,0,2,2014-06-07,3495,29,8,4,20,6,3,16,57,low_value,1,0,3,1,5,store,False,False,True,False,0,0,0,0,0,0,0,0.0,5,0
2975,48,Graduation,2,Together,85606.0,0,1,2,2012-11-12,4067,89,717,42,864,219,30,84,1956,high_value,6,7,9,2,24,store,False,False,True,False,1,0,0,0,0,0,1,0.16666666666666666,3,0
2894,39,Graduation,2,Single,72903.0,0,0,1,2013-10-29,3716,74,1067,138,750,0,19,39,2013,high_value,7,5,8,1,21,store,False,False,True,False,1,0,0,1,1,1,4,0.6666666666666666,4,0
7613,50,2N Cycle,1,Together,49669.0,1,0,2,2014-05-24,3509,97,166,5,107,11,8,29,326,mid_value,5,1,6,2,14,store,False,False,True,False,0,0,0,0,0,0,0,0.0,6,0
10542,56,Phd,4,Married,36778.0,1,1,3,2012-08-05,4166,63,29,4,34,2,4,4,77,low_value,3,0,3,3,9,web,False,False,False,True,0,0,0,0,0,0,0,0.0,9,0
8015,62,Phd,4,Divorced,85696.0,0,0,1,2013-05-03,3895,88,714,76,395,116,0,12,1313,high_value,4,6,9,1,20,store,False,False,True,False,0,0,0,0,0,1,1,0.16666666666666666,1,0
10617,35,Master,3,Divorced,10979.0,0,0,1,2014-05-22,3511,34,8,4,10,2,2,4,30,low_value,3,0,3,2,8,web,False,False,False,True,0,0,0,0,0,0,0,0.0,5,0
11166,63,Graduation,2,Married,49678.0,0,1,2,2013-02-02,3985,81,229,5,56,3,2,20,315,mid_value,6,2,4,2,14,web,False,False,False,True,0,0,0,0,0,0,0,0.0,7,0
849,71,Master,3,Together,56129.0,0,1,2,2013-06-20,3847,65,320,48,133,39,72,48,660,mid_value,6,2,10,4,22,store,False,False,True,False,0,0,0,0,0,0,0,0.0,4,0
523,35,Graduation,2,Married,37155.0,1,0,2,2013-01-31,3987,51,23,0,26,7,15,3,74,low_value,2,0,4,1,7,store,False,False,True,False,0,0,0,0,0,0,0,0.0,5,0
4066,46,2N Cycle,1,Divorced,21282.0,1,0,2,2014-05-11,3522,76,1,5,8,4,8,20,46,low_value,2,1,2,2,7,web,False,False,False,True,0,0,0,0,0,0,0,0.0,6,0
8414,62,Phd,4,Single,33419.0,0,1,2,2013-08-17,3789,76,56,0,12,0,0,18,86,low_value,2,0,4,2,8,store,False,False,True,False,0,0,0,0,0,0,0,0.0,7,0
819,79,Graduation,2,Widow,63285.0,0,0,1,2013-11-05,3709,84,508,124,249,50,38,134,1103,high_value,6,5,13,1,25,store,False,False,True,False,0,0,0,0,0,0,0,0.0,3,0
4961,50,Master,3,Together,21255.0,1,0,2,2014-01-21,3632,56,29,0,25,2,2,3,61,low_value,2,1,4,4,11,store,False,False,True,False,0,0,0,0,0,0,0,0.0,4,0
749,43,Graduation,2,Together,42162.0,1,0,2,2013-11-19,3695,31,46,7,59,2,4,27,145,mid_value,3,1,3,2,9,web,False,False,False,True,0,0,1,0,0,1,2,0.3333333333333333,6,0
5430,68,Graduation,2,Together,54450.0,1,1,3,2012-09-14,4126,0,454,0,171,8,19,32,684,mid_value,9,2,8,12,31,deals,False,True,False,False,0,0,0,0,0,0,0,0.0,8,0
7755,70,Phd,4,Married,57744.0,0,1,2,2013-11-12,3702,91,350,3,39,0,0,19,411,mid_value,9,1,4,2,16,web,False,False,False,True,0,0,0,0,0,0,0,0.0,8,0
10525,38,Graduation,2,Single,26576.0,1,0,2,2012-10-13,4097,40,10,0,8,0,0,9,27,low_value,1,0,2,1,4,store,False,False,True,False,0,0,1,0,0,1,2,0.3333333333333333,9,0
1453,81,Phd,4,Widow,57513.0,0,0,1,2013-07-06,3831,59,735,40,183,52,20,30,1060,high_value,9,3,13,2,27,store,False,False,True,False,0,0,0,0,0,0,0,0.0,6,0
8310,60,Graduation,2,Together,68142.0,0,1,2,2012-08-29,4142,96,897,126,196,91,112,37,1459,high_value,10,4,7,3,24,web,False,False,False,True,0,0,0,0,0,0,0,0.0,6,0
10710,45,Graduation,2,Married,7500.0,0,1,2,2012-08-29,4142,61,5,2,3,3,0,5,18,low_value,1,0,2,1,4,store,False,False,True,False,0,0,0,0,0,0,0,0.0,8,0
5031,50,Graduation,2,Together,83145.0,0,0,1,2012-09-22,4118,14,777,35,731,39,137,114,1833,high_value,5,9,11,1,26,store,False,False,True,False,0,0,0,0,1,1,2,0.3333333333333333,2,0
2613,64,Master,3,Married,54197.0,0,1,2,2014-04-03,3560,16,162,6,37,6,13,13,237,mid_value,1,3,6,2,12,store,False,False,True,False,0,0,0,0,0,0,0,0.0,1,0
213,61,Phd,4,Single,23091.0,1,1,3,2014-05-28,3505,98,35,0,11,0,0,2,48,low_value,2,1,3,4,10,deals,False,True,False,False,0,0,0,0,0,0,0,0.0,7,0
967,48,Graduation,2,Married,46049.0,1,1,3,2013-07-21,3816,11,342,9,112,19,14,19,515,mid_value,5,2,9,10,26,deals,False,True,False,False,0,0,0,0,0,1,1,0.16666666666666666,7,0
1077,50,Graduation,2,Together,56715.0,0,0,1,2012-12-05,4044,52,258,105,239,237,172,9,1020,high_value,7,3,4,1,15,web,False,False,False,True,0,0,0,0,0,0,0,0.0,4,0
7959,63,Graduation,2,Married,79410.0,0,0,1,2014-05-29,3504,19,658,80,483,123,13,13,1370,high_value,3,2,5,1,11,store,False,False,True,False,0,0,0,0,0,0,0,0.0,1,0
640,73,Graduation,2,Married,57304.0,0,1,2,2013-03-11,3948,61,356,80,329,138,17,106,1026,high_value,7,6,10,2,25,store,False,False,True,False,0,0,0,0,0,0,0,0.0,5,0
4252,59,Graduation,2,Married,44375.0,0,1,2,2014-03-23,3571,73,213,5,28,7,7,41,301,mid_value,4,1,6,1,12,store,False,False,True,False,0,0,0,0,0,0,0,0.0,5,0
8432,68,Graduation,2,Together,54450.0,1,1,3,2012-09-14,4126,0,454,0,171,8,19,32,684,mid_value,9,2,8,12,31,deals,False,True,False,False,0,0,0,0,0,0,0,0.0,8,0
6218,59,Graduation,2,Married,59594.0,0,1,2,2012-10-20,4090,74,457,4,29,0,0,9,499,mid_value,8,1,7,1,17,web,False,False,False,True,0,0,0,1,0,0,1,0.16666666666666666,7,0
6905,30,Graduation,2,Together,80685.0,0,0,1,2012-08-22,4149,55,241,45,604,34,26,54,1004,high_value,6,4,10,1,21,store,False,False,True,False,0,0,0,0,0,0,0,0.0,2,0
5922,50,Phd,4,Married,40344.0,0,1,2,2013-10-13,3732,48,210,0,6,0,0,2,218,mid_value,4,1,5,2,12,store,False,False,True,False,0,0,0,0,0,0,0,0.0,7,0
3598,52,Graduation,2,Married,62710.0,0,1,2,2013-05-23,3875,53,441,35,83,7,29,11,606,mid_value,4,2,12,4,22,store,False,False,True,False,0,0,0,0,0,0,0,0.0,4,0
6116,56,2N Cycle,1,Married,48985.0,0,1,2,2013-07-05,3832,13,19,13,18,10,7,8,75,low_value,1,1,3,1,6,store,False,False,True,False,0,0,0,0,0,0,0,0.0,3,0
6263,56,Graduation,2,Together,35322.0,1,2,4,2012-08-22,4149,34,28,9,37,12,7,13,106,low_value,2,0,4,3,9,store,False,False,True,False,0,0,0,0,0,0,0,0.0,8,0
10486,76,Graduation,2,Married,77142.0,0,0,1,2013-05-29,3869,54,476,75,162,29,151,97,990,high_value,4,4,8,1,17,store,False,False,True,False,0,0,0,0,0,0,0,0.0,2,0
2410,55,Graduation,2,Single,81657.0,0,0,1,2014-01-22,3631,69,364,40,425,158,60,50,1097,high_value,3,4,8,1,16,store,False,False,True,False,0,0,0,0,0,0,0,0.0,1,0
193,28,Basic,0,Married,14421.0,0,0,1,2014-02-17,3605,81,0,0,2,3,3,8,16,low_value,1,0,2,1,4,store,False,False,True,False,0,0,1,0,0,0,1,0.16666666666666666,5,0
3363,50,2N Cycle,1,Married,20130.0,0,0,1,2014-03-17,3577,99,0,6,3,7,6,12,34,low_value,1,0,3,1,5,store,False,False,True,False,0,0,0,0,0,0,0,0.0,8,0
8278,34,Phd,4,Married,74214.0,0,0,1,2012-08-26,4145,3,863,83,547,86,99,33,1711,high_value,8,2,5,1,16,web,False,False,False,True,0,0,0,0,0,0,0,0.0,5,0
10660,67,Master,3,Married,66726.0,1,1,3,2014-01-12,3641,61,349,7,35,0,0,47,438,mid_value,8,2,4,3,17,web,False,False,False,True,0,0,0,1,0,0,1,0.16666666666666666,7,0
8686,45,Basic,0,Together,23724.0,1,0,2,2013-01-08,4010,65,5,23,15,0,18,14,75,low_value,2,0,3,2,7,store,False,False,True,False,0,0,0,0,0,0,0,0.0,8,0
1604,64,Master,3,Married,47353.0,0,1,2,2013-11-13,3701,93,184,2,19,8,8,4,225,mid_value,2,2,6,3,13,store,False,False,True,False,0,0,0,0,0,0,0,0.0,5,0
5907,72,Master,3,Married,33444.0,1,1,3,2012-11-03,4076,24,8,0,8,0,0,2,18,low_value,1,0,2,1,4,store,False,False,True,False,0,0,0,0,0,0,0,0.0,8,0
10669,43,Graduation,2,Married,54386.0,0,1,2,2013-05-17,3881,8,277,21,64,62,21,25,470,mid_value,3,2,10,2,17,store,False,False,True,False,0,0,0,0,0,0,0,0.0,3,0
2918,43,Graduation,2,Divorced,28510.0,1,1,3,2013-04-13,3915,72,44,5,19,0,4,19,91,low_value,2,0,4,3,9,store,False,False,True,False,0,0,0,0,0,0,0,0.0,5,0
5735,33,Master,3,Single,90638.0,0,0,1,2014-02-13,3609,29,1156,120,915,94,144,96,2525,high_value,3,4,10,1,18,store,False,False,True,False,0,0,0,0,1,0,1,0.16666666666666666,1,0
359,74,Graduation,2,Together,48070.0,0,1,2,2013-01-13,4005,33,373,14,83,6,9,19,504,mid_value,8,2,6,3,19,web,False,False,False,True,0,0,0,0,0,0,0,0.0,7,1
8387,67,Graduation,2,Married,43140.0,0,1,2,2013-01-05,4013,68,134,8,76,6,0,11,235,mid_value,4,1,5,1,11,store,False,False,True,False,0,0,0,0,0,0,0,0.0,6,0
1829,63,Phd,4,Divorced,54959.0,0,1,2,2013-01-19,3999,55,1148,0,60,0,0,24,1232,high_value,9,5,4,3,21,web,False,False,False,True,0,0,0,1,0,1,2,0.3333333333333333,7,0
3839,66,Basic,0,Single,15056.0,1,1,3,2013-05-03,3895,76,6,12,3,21,6,40,88,low_value,2,2,3,5,12,deals,False,True,False,False,0,0,0,0,0,0,0,0.0,5,0
9392,53,Graduation,2,Single,26954.0,1,0,2,2014-05-08,3525,17,4,1,11,0,0,1,17,low_value,1,0,2,1,4,store,False,False,True,False,0,0,0,0,0,0,0,0.0,7,0
2292,39,Graduation,2,Single,22327.0,1,0,2,2013-08-02,3804,94,5,4,8,2,0,5,24,low_value,1,0,3,1,5,store,False,False,True,False,0,0,0,0,0,0,0,0.0,5,0
10466,59,Graduation,2,Married,44393.0,1,1,3,2013-08-22,3784,86,24,2,20,2,2,10,60,low_value,1,0,4,2,7,store,False,False,True,False,0,0,0,0,0,0,0,0.0,4,0
9855,72,Phd,4,Single,62000.0,0,1,2,2013-08-25,3781,25,899,0,101,0,0,20,1020,high_value,6,6,13,1,26,store,False,False,True,False,1,0,0,0,0,0,1,0.16666666666666666,4,0
4088,62,Phd,4,Together,31497.0,0,1,2,2012-12-06,4043,22,108,1,28,13,1,4,155,mid_value,3,1,4,2,10,store,False,False,True,False,0,0,0,0,0,0,0,0.0,8,0
5231,50,2N Cycle,1,Married,45894.0,0,2,3,2014-02-27,3595,15,27,2,7,0,2,13,51,low_value,1,0,3,1,5,store,False,False,True,False,0,0,0,0,0,0,0,0.0,5,0
590,54,Master,3,Divorced,78579.0,0,0,1,2012-12-22,4027,35,816,66,549,216,66,99,1812,high_value,5,6,4,1,16,catalog,True,False,False,False,0,0,0,0,0,1,1,0.16666666666666666,3,0
8732,55,Master,3,Widow,67369.0,0,1,2,2012-11-17,4062,81,1298,0,70,37,14,42,1461,high_value,7,4,10,4,25,store,False,False,True,False,0,0,0,1,1,1,3,0.5,4,0
2315,64,Graduation,2,Divorced,58401.0,0,1,2,2014-04-20,3543,55,10,0,11,17,29,29,96,low_value,1,2,2,1,6,catalog,True,False,False,False,0,0,0,0,0,0,0,0.0,4,0
3515,72,Graduation,2,Single,62307.0,0,1,2,2014-02-17,3605,94,87,13,34,10,6,10,160,mid_value,4,0,4,1,9,web,False,False,False,True,0,0,0,0,0,0,0,0.0,5,0
2245,55,Master,3,Married,43641.0,1,1,3,2013-04-22,3906,50,57,2,51,4,2,23,139,mid_value,2,1,4,3,10,store,False,False,True,False,0,0,0,0,0,0,0,0.0,6,0
6283,56,Master,3,Divorced,63841.0,0,1,2,2013-04-21,3907,64,635,15,100,20,7,131,908,high_value,9,3,9,1,22,web,False,False,False,True,0,0,0,0,0,0,0,0.0,6,0
2246,59,2N Cycle,1,Married,46891.0,0,1,2,2013-09-01,3774,91,43,12,23,29,15,61,183,mid_value,2,1,4,1,8,store,False,False,True,False,0,0,0,0,0,0,0,0.0,4,0
6606,55,Master,3,Married,70091.0,1,0,2,2013-03-31,3928,11,964,34,137,15,0,11,1161,high_value,5,2,10,2,19,store,False,False,True,False,0,0,0,1,0,0,1,0.16666666666666666,8,0
5545,52,Phd,4,Married,78075.0,0,0,1,2014-04-05,3558,72,572,8,259,34,35,80,988,high_value,3,5,5,1,14,catalog,True,False,False,False,0,0,0,0,0,0,0,0.0,1,0
7342,63,2N Cycle,1,Widow,59184.0,0,1,2,2012-09-09,4131,6,341,142,113,259,151,66,1072,high_value,6,6,12,3,27,store,False,False,True,False,0,0,0,0,0,0,0,0.0,5,0
837,47,Graduation,2,Married,54809.0,1,1,3,2013-09-11,3764,0,63,6,57,13,13,22,174,mid_value,2,1,5,4,12,store,False,False,True,False,0,0,0,0,0,0,0,0.0,4,0
9500,65,Graduation,2,Married,58113.0,0,1,2,2013-01-25,3993,66,221,104,169,102,78,84,758,mid_value,9,2,8,3,22,web,False,False,False,True,0,0,0,0,0,0,0,0.0,7,1
3602,66,Master,3,Married,51412.0,0,1,2,2013-12-31,3653,42,140,3,29,4,5,14,195,mid_value,3,2,4,2,11,store,False,False,True,False,0,0,0,0,0,0,0,0.0,4,0
234,45,Graduation,2,Divorced,15287.0,1,0,2,2012-10-10,4100,60,1,2,8,4,3,13,31,low_value,1,1,2,2,6,store,False,False,True,False,0,0,1,0,0,1,2,0.3333333333333333,7,0
2995,67,Master,3,Together,66636.0,0,0,1,2013-08-17,3789,64,291,10,689,84,10,0,1084,high_value,3,4,9,1,17,store,False,False,True,False,0,0,0,0,0,0,0,0.0,1,0
1118,68,Master,3,Married,50965.0,0,1,2,2013-02-20,3967,87,544,13,85,8,6,29,685,mid_value,10,4,5,3,22,web,False,False,False,True,0,0,1,0,0,0,1,0.16666666666666666,8,0
7789,59,Phd,4,Married,84618.0,0,0,1,2013-11-22,3692,96,684,100,801,21,66,0,1672,high_value,6,9,10,1,26,store,False,False,True,False,0,0,0,0,1,0,1,0.16666666666666666,2,0
3068,34,Graduation,2,Married,18351.0,0,0,1,2013-10-29,3716,1,1,12,9,0,14,7,43,low_value,2,0,3,1,6,store,False,False,True,False,0,0,0,0,0,0,0,0.0,7,0
8955,67,Phd,4,Together,40451.0,0,2,3,2014-02-16,3606,54,35,0,4,0,0,10,49,low_value,1,1,2,1,5,store,False,False,True,False,0,0,1,0,0,0,1,0.16666666666666666,5,0
945,59,Graduation,2,Together,36317.0,0,1,2,2013-05-22,3876,53,87,3,25,3,2,13,133,mid_value,3,0,4,2,9,store,False,False,True,False,0,0,0,0,0,0,0,0.0,7,0
5644,67,Graduation,2,Together,42213.0,0,1,2,2013-10-12,3733,96,309,3,24,4,3,20,363,mid_value,5,1,7,2,15,store,False,False,True,False,0,0,0,1,0,0,1,0.16666666666666666,7,0
7192,69,Graduation,2,Together,65748.0,0,1,2,2013-04-15,3913,58,172,73,93,95,78,34,545,mid_value,2,4,10,2,18,store,False,False,True,False,0,0,0,0,0,0,0,0.0,1,1
2324,52,Graduation,2,Together,77044.0,0,1,2,2013-10-27,3718,12,625,38,242,50,34,76,1065,high_value,7,11,11,2,31,catalog,True,False,False,False,0,0,1,0,0,0,1,0.16666666666666666,4,0
697,55,Graduation,2,Together,74918.0,0,0,1,2013-03-12,3947,78,972,59,913,25,19,59,2047,high_value,5,9,6,1,21,catalog,True,False,False,False,0,0,0,0,1,0,1,0.16666666666666666,3,0
3439,52,Graduation,2,Married,56721.0,1,1,3,2012-10-31,4079,64,157,6,39,6,13,75,296,mid_value,4,1,5,5,15,store,False,False,True,False,0,0,0,0,0,0,0,0.0,6,0
1506,49,Graduation,2,Single,42160.0,1,1,3,2013-06-28,3839,26,48,9,45,3,15,20,140,mid_value,2,1,4,4,11,store,False,False,True,False,0,0,0,0,0,1,1,0.16666666666666666,6,0
232,59,Graduation,2,Single,61559.0,0,1,2,2013-07-17,3820,8,279,83,88,32,14,34,530,mid_value,4,2,10,1,17,store,False,False,True,False,0,0,0,0,0,0,0,0.0,3,0
8876,61,Phd,4,Together,33629.0,1,1,3,2012-08-08,4163,49,132,0,16,0,0,4,152,mid_value,3,1,4,5,13,deals,False,True,False,False,0,0,0,0,0,0,0,0.0,9,0
4500,33,Phd,4,Together,68682.0,0,0,1,2013-10-06,3739,56,919,0,505,99,30,45,1598,high_value,4,9,10,1,24,store,False,False,True,False,0,0,0,0,0,0,0,0.0,2,0
9739,61,Graduation,2,Single,34377.0,0,1,2,2013-01-19,3999,55,62,0,22,3,1,26,114,low_value,2,2,2,2,8,web,False,False,False,True,0,0,0,0,0,0,0,0.0,7,0
10395,38,Basic,0,Single,8940.0,1,0,2,2012-08-22,4149,25,1,45,3,4,6,42,101,low_value,3,1,3,3,10,web,False,False,False,True,0,0,0,0,0,0,0,0.0,8,0
1176,51,Graduation,2,Married,26228.0,1,0,2,2013-09-22,3753,50,2,6,4,3,1,9,25,low_value,1,0,2,1,4,store,False,False,True,False,0,0,0,0,0,0,0,0.0,8,0
1627,67,2N Cycle,1,Divorced,77297.0,0,0,1,2013-01-26,3992,84,408,61,109,48,122,41,789,mid_value,5,7,9,1,22,store,False,False,True,False,1,0,0,0,0,0,1,0.16666666666666666,4,0
938,43,Graduation,2,Married,40211.0,1,1,3,2013-07-30,3807,30,51,1,7,2,1,25,87,low_value,2,1,2,2,7,web,False,False,False,True,0,0,1,0,0,0,1,0.16666666666666666,8,0
2740,66,Phd,4,Widow,33438.0,1,1,3,2013-09-22,3753,81,62,1,16,3,2,6,90,low_value,2,1,4,4,11,store,False,False,True,False,0,0,0,0,0,0,0,0.0,5,0
257,65,Phd,4,Married,75032.0,0,1,2,2013-04-28,3900,74,952,12,180,47,12,12,1215,high_value,5,4,9,2,20,store,False,False,True,False,0,0,0,0,0,0,0,0.0,3,0
4058,69,Phd,4,Single,61284.0,0,0,1,2013-10-12,3733,76,618,15,106,20,7,45,811,mid_value,11,2,8,1,22,web,False,False,False,True,0,0,0,1,0,0,1,0.16666666666666666,6,0
7736,38,Graduation,2,Married,22518.0,1,0,2,2012-10-22,4088,36,11,7,12,2,2,27,61,low_value,2,1,2,2,7,web,False,False,False,True,0,0,1,0,0,1,2,0.3333333333333333,5,0
8210,49,Master,3,Married,54730.0,0,1,2,2013-08-15,3791,64,318,3,17,4,7,56,405,mid_value,4,1,8,5,18,store,False,False,True,False,0,0,0,0,0,0,0,0.0,4,0
833,69,Master,3,Married,38452.0,1,1,3,2014-03-30,3564,62,56,0,14,0,0,2,72,low_value,3,0,3,3,9,web,False,False,False,True,0,0,0,0,0,0,0,0.0,7,0
6230,53,Graduation,2,Divorced,44421.0,1,1,3,2013-02-15,3972,53,110,5,59,7,1,7,189,mid_value,5,0,4,5,14,web,False,False,False,True,0,0,0,0,0,0,0,0.0,8,0
7325,38,Phd,4,Together,38197.0,1,0,2,2013-06-29,3838,86,23,0,11,2,1,3,40,low_value,1,0,3,1,5,store,False,False,True,False,0,0,0,0,0,0,0,0.0,5,0
1307,46,Graduation,2,Divorced,41986.0,0,1,2,2014-02-09,3613,15,27,5,8,8,3,12,63,low_value,3,0,4,3,10,store,False,False,True,False,0,0,0,0,0,0,0,0.0,4,0
1502,41,Graduation,2,Together,28427.0,1,0,2,2013-03-21,3938,67,18,3,19,3,3,6,52,low_value,2,0,3,2,7,store,False,False,True,False,0,0,0,0,0,0,0,0.0,8,0
6211,48,Phd,4,Together,37395.0,1,0,2,2014-05-02,3531,47,18,0,9,0,1,11,39,low_value,1,0,3,1,5,store,False,False,True,False,0,0,0,0,0,0,0,0.0,6,0
843,53,Graduation,2,Married,64722.0,1,0,2,2014-05-26,3507,47,303,0,280,60,147,15,805,mid_value,8,2,11,4,25,store,False,False,True,False,0,0,0,0,0,0,0,0.0,6,0
4174,68,Master,3,Together,55249.0,0,1,2,2014-04-17,3546,81,97,1,19,2,0,11,130,mid_value,2,1,4,1,8,store,False,False,True,False,0,0,0,0,0,0,0,0.0,3,0
9757,52,Graduation,2,Together,84906.0,0,0,1,2013-10-04,3741,98,997,15,414,99,30,76,1631,high_value,5,6,12,1,24,store,False,False,True,False,0,1,0,1,1,0,3,0.5,2,0
6918,35,Graduation,2,Married,28691.0,1,0,2,2013-07-04,3833,56,5,4,13,8,0,4,34,low_value,1,0,3,1,5,store,False,False,True,False,0,0,0,0,0,0,0,0.0,8,0
286,72,Graduation,2,Single,44213.0,1,1,3,2013-11-29,3685,48,95,11,35,0,4,7,152,mid_value,2,1,5,4,12,store,False,False,True,False,0,0,0,0,0,0,0,0.0,6,0
11086,40,Basic,0,Single,25707.0,1,0,2,2014-01-18,3635,18,1,6,2,3,6,3,21,low_value,1,0,3,1,5,store,False,False,True,False,0,0,0,0,0,0,0,0.0,7,0
1921,57,Phd,4,Married,59062.0,2,1,4,2013-10-03,3742,74,46,1,12,3,0,9,71,low_value,2,0,3,2,7,store,False,False,True,False,0,0,0,0,0,0,0,0.0,4,0
4138,62,Graduation,2,Single,76624.0,0,1,2,2014-05-24,3509,68,411,106,147,54,115,66,899,high_value,5,10,7,1,23,catalog,True,False,False,False,0,0,1,0,0,0,1,0.16666666666666666,1,0
7718,77,Master,3,Together,66000.0,0,0,1,2014-04-20,3543,36,244,51,270,101,0,45,711,mid_value,1,3,5,1,10,store,False,False,True,False,0,0,0,0,0,0,0,0.0,1,0
1291,46,Phd,4,Together,27683.0,1,0,2,2012-08-04,4167,90,152,9,121,12,12,45,351,mid_value,6,2,4,4,16,web,False,False,False,True,0,0,0,0,0,0,0,0.0,8,0
6862,53,Graduation,2,Divorced,1730.0,0,0,1,2014-05-18,3515,65,1,1,3,1,1,1,8,low_value,0,0,0,15,15,deals,False,True,False,False,0,0,0,0,0,0,0,0.0,20,0
4136,32,Basic,0,Single,7500.0,1,0,2,2012-12-03,4046,63,10,17,18,8,26,40,119,mid_value,3,2,2,4,11,deals,False,True,False,False,0,0,0,0,0,0,0,0.0,9,0
803,56,Graduation,2,Together,40521.0,1,1,3,2013-04-05,3923,82,12,0,5,0,0,4,21,low_value,0,1,2,1,4,store,False,False,True,False,0,0,0,0,0,0,0,0.0,5,0
4298,51,Phd,4,Together,20427.0,1,0,2,2014-03-24,3570,63,5,0,4,0,0,1,10,low_value,1,0,2,1,4,store,False,False,True,False,0,0,0,0,0,0,0,0.0,8,0
10833,49,Graduation,2,Married,65106.0,0,1,2,2014-05-24,3509,55,790,19,133,12,0,19,973,high_value,8,3,13,3,27,store,False,False,True,False,0,0,0,1,0,0,1,0.16666666666666666,6,0
9606,59,Phd,4,Married,69969.0,0,0,1,2013-08-27,3779,64,882,29,514,38,29,44,1536,high_value,4,2,6,1,13,store,False,False,True,False,1,0,0,0,1,1,3,0.5,3,0
8534,72,Graduation,2,Married,67433.0,0,2,3,2013-07-16,3821,51,615,28,259,12,48,30,992,high_value,6,5,13,4,28,store,False,False,True,False,0,0,0,1,0,0,1,0.16666666666666666,4,0
5153,57,Phd,4,Married,77766.0,0,1,2,2013-02-22,3965,97,1004,59,265,115,59,27,1529,high_value,11,10,11,2,34,web,False,False,False,True,0,0,1,0,0,1,2,0.3333333333333333,6,0
961,52,Graduation,2,Married,74716.0,0,1,2,2013-09-12,3763,92,133,27,421,13,195,71,860,high_value,7,3,5,2,17,web,False,False,False,True,0,0,0,0,0,0,0,0.0,4,0
5011,61,Graduation,2,Divorced,68118.0,0,1,2,2013-10-18,3727,51,595,23,123,10,23,154,928,high_value,8,9,4,2,23,catalog,True,False,False,False,0,0,0,0,0,0,0,0.0,6,0
6653,54,Phd,4,Married,55158.0,1,1,3,2012-07-30,4172,72,293,0,87,4,11,23,418,mid_value,7,2,5,4,18,web,False,False,False,True,0,0,0,0,0,1,1,0.16666666666666666,7,0
9094,69,2N Cycle,1,Married,62972.0,0,1,2,2012-08-03,4168,39,313,15,47,20,0,192,587,mid_value,7,4,3,2,16,web,False,False,False,True,0,0,0,0,0,1,1,0.16666666666666666,6,0
810,49,Graduation,2,Married,74190.0,0,1,2,2014-05-12,3521,49,151,81,86,168,91,64,641,mid_value,4,2,11,2,19,store,False,False,True,False,0,0,0,0,0,0,0,0.0,2,0
5493,48,Graduation,2,Married,39356.0,1,1,3,2014-03-19,3575,21,15,0,2,0,0,6,23,low_value,1,0,2,1,4,store,False,False,True,False,0,0,1,0,0,0,1,0.16666666666666666,6,0
2147,55,Graduation,2,Together,76653.0,0,0,1,2013-08-16,3790,91,736,63,946,219,189,126,2279,high_value,4,7,11,1,23,store,False,False,True,False,1,0,0,0,1,0,2,0.3333333333333333,2,0
5107,51,Phd,4,Divorced,35860.0,1,1,3,2014-05-19,3514,37,15,0,8,4,2,20,49,low_value,1,1,2,2,6,store,False,False,True,False,0,0,1,0,0,0,1,0.16666666666666666,5,0
3979,41,Phd,4,Divorced,90687.0,0,0,1,2013-05-22,3876,98,982,17,672,23,34,51,1779,high_value,6,2,8,1,17,store,False,False,True,False,0,0,0,0,1,1,2,0.3333333333333333,2,0
6049,42,Master,3,Together,73450.0,0,0,1,2013-12-05,3679,85,1142,51,415,90,69,37,1804,high_value,7,8,11,1,27,store,False,False,True,False,1,0,1,0,0,0,2,0.3333333333333333,3,0
8147,64,Graduation,2,Married,31454.0,1,1,3,2013-07-06,3831,40,28,0,11,0,0,9,48,low_value,2,0,3,3,8,store,False,False,True,False,0,0,0,0,0,0,0,0.0,8,0
1857,72,Graduation,2,Single,47139.0,1,1,3,2014-03-06,3588,2,46,0,12,0,2,23,83,low_value,2,1,2,2,7,web,False,False,False,True,0,0,0,0,0,1,1,0.16666666666666666,7,0
3910,49,Graduation,2,Divorced,83829.0,0,0,1,2013-10-08,3737,78,897,161,430,186,161,27,1862,high_value,4,7,6,0,17,catalog,True,False,False,False,1,0,1,0,1,1,4,0.6666666666666666,1,0
5207,61,Phd,4,Married,53378.0,1,1,3,2012-09-24,4116,41,489,6,152,8,6,132,793,mid_value,9,4,6,10,29,deals,False,True,False,False,0,0,0,0,0,1,1,0.16666666666666666,8,0
11114,54,Graduation,2,Together,19656.0,1,0,2,2013-02-08,3979,94,25,4,9,6,8,32,84,low_value,2,1,3,3,9,store,False,False,True,False,0,0,0,0,0,0,0,0.0,7,0
5429,76,Phd,4,Married,45579.0,0,1,2,2013-08-20,3786,10,145,1,33,2,1,1,183,mid_value,4,1,4,1,10,web,False,False,False,True,0,0,0,0,0,0,0,0.0,6,0
9400,66,2N Cycle,1,Single,85485.0,0,0,1,2014-06-21,3481,73,630,26,611,44,18,54,1383,high_value,6,6,6,1,19,web,False,False,False,True,0,0,0,0,0,0,0,0.0,2,0
1740,80,Graduation,2,Married,55956.0,0,0,1,2014-04-07,3556,22,760,38,104,50,9,38,999,high_value,7,3,4,2,16,web,False,False,False,True,0,0,0,1,0,0,1,0.16666666666666666,4,0
7488,61,Master,3,Single,64191.0,0,1,2,2013-01-22,3996,30,420,15,186,151,38,15,825,mid_value,5,3,13,3,24,store,False,False,True,False,0,0,0,0,0,0,0,0.0,3,0
195,52,Graduation,2,Single,38808.0,1,0,2,2012-08-26,4145,21,125,17,52,3,19,30,246,mid_value,5,1,4,4,14,web,False,False,False,True,0,0,1,0,0,1,2,0.3333333333333333,8,0
635,58,Master,3,Married,57183.0,1,1,3,2013-03-19,3940,51,464,5,64,7,0,70,610,mid_value,9,1,7,8,25,web,False,False,False,True,0,0,0,0,0,0,0,0.0,8,0
7527,56,Master,3,Divorced,23748.0,1,0,2,2012-11-21,4058,97,6,6,29,12,15,8,76,low_value,2,1,3,3,9,store,False,False,True,False,0,0,0,0,0,0,0,0.0,8,0
10319,53,Graduation,2,Married,66303.0,0,1,2,2013-02-26,3961,56,1090,12,96,16,12,60,1286,high_value,3,4,11,4,22,store,False,False,True,False,0,0,0,1,0,0,1,0.16666666666666666,8,0
2296,49,Master,3,Married,37368.0,1,0,2,2013-12-16,3668,4,3,2,11,2,2,10,30,low_value,1,0,2,1,4,store,False,False,True,False,0,0,1,0,0,0,1,0.16666666666666666,6,0
10637,60,Graduation,2,Married,40800.0,1,2,4,2013-01-01,4017,77,24,0,27,8,30,10,99,low_value,3,0,3,2,8,web,False,False,False,True,0,0,0,0,0,0,0,0.0,7,1
2931,46,Graduation,2,Divorced,71847.0,0,0,1,2012-09-21,4119,95,737,21,106,55,63,210,1192,high_value,6,7,9,0,22,store,False,False,True,False,1,0,0,0,0,0,1,0.16666666666666666,3,0
907,49,Graduation,2,Married,46149.0,0,1,2,2013-11-29,3685,36,254,6,71,4,0,27,362,mid_value,5,1,7,5,18,store,False,False,True,False,0,0,0,0,0,0,0,0.0,5,0
3698,41,Graduation,2,Together,78687.0,0,0,1,2012-08-09,4162,13,817,185,687,145,55,241,2130,high_value,4,6,8,1,19,store,False,False,True,False,0,0,0,0,1,1,2,0.3333333333333333,2,0
9516,53,2N Cycle,1,Divorced,49118.0,0,0,1,2012-08-18,4153,90,620,54,239,99,98,119,1229,high_value,9,7,10,2,28,store,False,False,True,False,0,1,0,1,0,1,3,0.5,7,0
679,67,Phd,4,Married,37633.0,1,1,3,2012-09-20,4120,49,13,4,20,0,0,1,38,low_value,1,0,3,2,6,store,False,False,True,False,0,0,0,0,0,0,0,0.0,9,0
7384,73,Master,3,Together,39767.0,0,0,1,2013-07-21,3816,18,113,61,204,34,26,47,485,mid_value,7,1,7,2,17,web,False,False,False,True,0,0,0,0,0,0,0,0.0,8,0
5043,73,Basic,0,Married,26997.0,0,0,1,2012-11-05,4074,89,7,23,78,133,49,144,434,mid_value,4,2,5,2,13,store,False,False,True,False,0,0,0,0,0,0,0,0.0,7,0
5267,54,Graduation,2,Divorced,33986.0,1,0,2,2013-03-14,3945,43,16,2,18,2,1,5,44,low_value,1,0,3,1,5,store,False,False,True,False,0,0,0,0,0,0,0,0.0,7,0
339,52,Phd,4,Married,57091.0,0,1,2,2012-11-23,4056,82,462,0,24,6,0,4,496,mid_value,9,2,5,2,18,web,False,False,False,True,0,0,0,1,0,1,2,0.3333333333333333,7,0
2516,55,2N Cycle,1,Married,46831.0,1,1,3,2013-06-08,3859,84,22,2,10,6,4,34,78,low_value,1,2,2,2,7,catalog,True,False,False,False,0,0,0,0,0,0,0,0.0,4,0
9010,52,Master,3,Married,83151.0,0,0,1,2013-02-10,3977,80,968,147,842,137,42,210,2346,high_value,5,7,10,1,23,store,False,False,True,False,1,0,1,0,1,1,4,0.6666666666666666,2,0
378,53,Graduation,2,Married,52531.0,0,0,1,2012-12-30,4019,68,283,112,151,51,72,125,794,mid_value,7,2,10,2,21,store,False,False,True,False,0,0,0,0,0,0,0,0.0,6,0
4808,68,Graduation,2,Married,15759.0,0,0,1,2013-09-05,3770,12,1,2,5,6,0,3,17,low_value,1,0,2,1,4,store,False,False,True,False,0,0,0,0,0,0,0,0.0,7,0
5068,53,Graduation,2,Single,22804.0,1,0,2,2013-07-31,3806,75,14,1,7,2,1,1,26,low_value,2,0,2,1,5,web,False,False,False,True,0,0,0,0,0,0,0,0.0,9,0
7628,51,2N Cycle,1,Married,43050.0,1,0,2,2014-03-18,3576,10,30,5,24,6,3,8,76,low_value,2,0,4,2,8,store,False,False,True,False,0,0,0,0,0,0,0,0.0,5,0
7128,47,Phd,4,Single,42997.0,1,1,3,2013-12-07,3677,91,4,0,5,0,1,5,15,low_value,1,0,2,1,4,store,False,False,True,False,0,0,0,0,0,0,0,0.0,7,0
2811,61,Phd,4,Single,48918.0,1,1,3,2014-04-12,3551,21,52,0,9,0,0,1,62,low_value,1,0,4,2,7,store,False,False,True,False,0,0,0,0,0,0,0,0.0,4,0
3551,70,Master,3,Together,60033.0,0,1,2,2014-03-29,3565,28,62,1,57,19,11,48,198,mid_value,2,1,5,2,10,store,False,False,True,False,0,0,0,0,0,0,0,0.0,2,0
1663,46,Phd,4,Together,34043.0,1,0,2,2013-10-25,3720,97,20,2,14,3,0,10,49,low_value,2,0,2,1,5,web,False,False,False,True,0,0,0,0,0,0,0,0.0,9,0
5543,58,Graduation,2,Together,57811.0,0,1,2,2013-06-24,3843,49,545,7,114,37,21,78,802,mid_value,7,2,11,5,25,store,False,False,True,False,0,0,0,1,0,0,1,0.16666666666666666,5,0
1577,78,Graduation,2,Married,78569.0,0,0,1,2014-02-19,3603,14,558,79,622,207,175,95,1736,high_value,4,6,4,1,15,catalog,True,False,False,False,0,0,0,0,1,1,2,0.3333333333333333,1,0
10641,46,Graduation,2,Single,7500.0,1,1,3,2012-12-27,4022,5,6,5,4,13,4,25,57,low_value,2,1,3,4,10,deals,False,True,False,False,0,0,0,0,0,0,0,0.0,6,0
5336,53,Master,3,Together,157733.0,1,0,2,2013-06-04,3863,37,39,1,9,2,0,8,59,low_value,1,0,1,0,2,web,False,False,False,True,0,0,0,0,0,0,0,0.0,1,0
6024,71,Graduation,2,Together,94384.0,0,0,1,2013-03-04,3955,62,1111,24,790,160,45,172,2302,high_value,5,8,5,0,18,catalog,True,False,False,False,1,0,0,1,1,1,4,0.6666666666666666,2,0
1878,39,2N Cycle,1,Married,23148.0,0,0,1,2014-02-18,3604,83,4,6,8,6,3,10,37,low_value,2,0,3,1,6,store,False,False,True,False,0,0,0,0,0,0,0,0.0,7,0
3099,54,Graduation,2,Divorced,44267.0,1,1,3,2013-02-25,3962,48,183,5,65,3,5,49,310,mid_value,5,2,4,5,16,web,False,False,False,True,0,0,0,0,0,0,0,0.0,9,0
6055,45,Graduation,2,Married,71626.0,0,0,1,2012-11-01,4078,94,546,72,376,94,145,72,1305,high_value,5,5,8,1,19,store,False,False,True,False,0,0,0,1,0,0,1,0.16666666666666666,3,0
5841,58,Graduation,2,Together,60894.0,0,1,2,2013-06-28,3839,61,606,7,155,10,0,54,832,mid_value,10,3,8,5,26,web,False,False,False,True,0,0,0,0,0,0,0,0.0,7,0
3972,48,Graduation,2,Together,50200.0,1,1,3,2013-04-03,3925,70,266,6,51,8,6,64,401,mid_value,7,1,5,6,19,web,False,False,False,True,0,0,0,0,0,0,0,0.0,8,0
4394,59,Phd,4,Married,81051.0,0,0,1,2014-05-23,3510,43,1142,29,249,38,29,14,1501,high_value,5,5,12,1,23,store,False,False,True,False,0,0,0,1,1,0,2,0.3333333333333333,2,0
5758,42,Graduation,2,Married,65169.0,0,0,1,2014-01-14,3639,23,1074,0,69,0,0,46,1189,high_value,10,4,13,1,28,store,False,False,True,False,1,1,1,0,1,1,5,0.8333333333333334,6,0
6658,52,Graduation,2,Together,59868.0,0,1,2,2013-07-22,3815,37,771,51,154,54,10,154,1194,high_value,11,2,12,7,32,store,False,False,True,False,0,0,0,0,0,0,0,0.0,6,0
4603,64,Phd,4,Married,65695.0,0,1,2,2014-01-31,3622,50,371,32,189,0,58,6,656,mid_value,5,4,10,2,21,store,False,False,True,False,0,0,0,0,0,0,0,0.0,4,0
8427,68,Master,3,Single,64857.0,0,0,1,2012-11-23,4056,78,556,14,717,210,0,43,1540,high_value,7,5,10,1,23,store,False,False,True,False,0,0,0,0,0,0,0,0.0,4,0
10260,59,Master,3,Together,45143.0,0,1,2,2013-08-26,3780,74,202,5,74,11,5,14,311,mid_value,6,1,5,3,15,web,False,False,False,True,0,0,0,0,0,0,0,0.0,7,0
7143,69,2N Cycle,1,Together,74805.0,0,1,2,2013-11-06,3708,14,209,162,209,41,162,37,820,mid_value,4,7,10,5,26,store,False,False,True,False,0,0,0,0,0,0,0,0.0,2,0
8789,35,2N Cycle,1,Married,59060.0,1,0,2,2014-01-11,3642,77,35,40,111,36,40,12,274,mid_value,3,1,7,3,14,store,False,False,True,False,0,0,0,0,0,0,0,0.0,4,0
6197,62,Phd,4,Single,27238.0,1,1,3,2013-04-20,3908,39,37,0,17,0,0,3,57,low_value,3,0,3,3,9,web,False,False,False,True,0,0,0,0,0,0,0,0.0,9,0
4554,59,Graduation,2,Together,47009.0,0,1,2,2013-10-01,3744,89,171,45,73,59,10,90,448,mid_value,3,2,8,4,17,store,False,False,True,False,0,0,0,0,0,0,0,0.0,4,0
4937,51,2N Cycle,1,Married,46094.0,1,1,3,2014-06-10,3492,62,12,2,20,3,2,5,44,low_value,1,0,3,1,5,store,False,False,True,False,0,0,0,0,0,0,0,0.0,7,0
1920,52,Graduation,2,Married,40321.0,1,1,3,2013-07-29,3808,59,44,4,21,6,0,27,102,low_value,3,0,3,2,8,web,False,False,False,True,0,0,0,0,0,0,0,0.0,7,0
8749,40,Graduation,2,Together,37235.0,1,0,2,2014-02-01,3621,68,20,2,9,4,6,20,61,low_value,1,1,2,1,5,store,False,False,True,False,0,0,0,0,0,0,0,0.0,4,0
1650,64,Master,3,Married,81843.0,0,0,1,2013-04-22,3906,13,779,86,537,34,69,138,1643,high_value,5,9,12,1,27,store,False,False,True,False,0,0,0,0,0,0,0,0.0,3,0
10377,66,Master,3,Together,46692.0,0,1,2,2013-06-06,3861,37,170,6,97,24,12,88,397,mid_value,6,1,5,3,15,web,False,False,False,True,0,0,0,0,0,0,0,0.0,6,0
9206,56,Graduation,2,Together,77382.0,0,1,2,2014-01-07,3646,36,491,48,231,112,105,134,1121,high_value,5,7,12,2,26,store,False,False,True,False,0,0,0,0,1,0,1,0.16666666666666666,1,0
10971,47,Graduation,2,Single,37774.0,2,0,3,2012-09-03,4137,28,173,8,107,7,2,176,473,mid_value,7,2,3,4,16,web,False,False,False,True,0,0,1,0,0,1,2,0.3333333333333333,9,1
6398,50,Basic,0,Married,18393.0,1,0,2,2014-03-29,3565,2,7,10,13,16,0,4,50,low_value,3,0,3,2,8,web,False,False,False,True,0,0,0,0,0,0,0,0.0,8,0
9212,62,Master,3,Married,72828.0,0,1,2,2013-02-14,3973,17,1205,0,235,19,14,205,1678,high_value,6,3,13,6,28,store,False,False,True,False,0,0,0,0,0,0,0,0.0,7,0
7937,42,Graduation,2,Married,24711.0,0,0,1,2014-04-18,3545,86,10,7,25,6,3,7,58,low_value,3,0,3,1,7,web,False,False,False,True,0,0,0,0,0,0,0,0.0,7,0
839,49,Phd,4,Married,45503.0,1,0,2,2013-09-25,3750,54,97,4,44,6,1,18,170,mid_value,3,1,4,1,9,store,False,False,True,False,0,0,0,0,0,0,0,0.0,5,0
4246,42,Master,3,Single,6560.0,0,0,1,2013-12-12,3672,2,67,11,26,4,3,262,373,mid_value,1,0,1,0,2,web,False,False,False,True,0,0,0,0,0,0,0,0.0,17,0
158,79,Phd,4,Together,71604.0,0,0,1,2013-11-17,3697,3,345,53,528,98,75,97,1196,high_value,8,3,5,1,17,web,False,False,False,True,0,0,1,0,0,1,2,0.3333333333333333,4,0
4832,45,Graduation,2,Married,27244.0,1,0,2,2014-03-07,3587,84,6,5,17,3,24,46,101,low_value,2,2,2,2,8,web,False,False,False,True,0,0,0,0,0,0,0,0.0,7,0
5621,55,Graduation,2,Married,48752.0,1,1,3,2012-12-12,4037,8,73,57,100,71,15,0,316,mid_value,6,1,5,5,17,web,False,False,False,True,0,0,0,0,0,1,1,0.16666666666666666,9,0
1945,62,Graduation,2,Married,71434.0,0,1,2,2013-09-18,3757,4,711,36,217,172,96,168,1400,high_value,7,4,7,3,21,web,False,False,False,True,1,0,0,1,0,0,2,0.3333333333333333,4,0
5147,76,Graduation,2,Single,90842.0,0,0,1,2013-07-29,3808,57,774,70,118,182,187,93,1424,high_value,4,9,13,1,27,store,False,False,True,False,0,0,0,0,0,0,0,0.0,1,0
2535,46,Master,3,Married,88097.0,1,0,2,2012-08-18,4153,24,163,0,480,0,126,75,844,high_value,6,5,8,1,20,store,False,False,True,False,1,0,0,1,1,1,4,0.6666666666666666,9,0
11039,49,Graduation,2,Married,51948.0,0,1,2,2013-09-17,3758,51,82,33,54,71,30,41,311,mid_value,5,2,4,2,13,web,False,False,False,True,0,0,0,0,0,0,0,0.0,5,0
9495,42,Graduation,2,Together,71853.0,0,0,1,2013-05-08,3890,29,358,108,413,141,97,32,1149,high_value,2,8,6,1,17,catalog,True,False,False,False,0,0,0,0,0,0,0,0.0,1,0
9635,41,Master,3,Married,35876.0,0,0,1,2014-04-20,3543,13,66,2,40,4,3,14,129,mid_value,3,1,3,1,8,web,False,False,False,True,0,0,0,0,0,0,0,0.0,6,0
2173,72,Graduation,2,Widow,40049.0,0,1,2,2013-10-16,3729,23,13,6,7,0,3,3,32,low_value,1,0,3,1,5,store,False,False,True,False,0,0,0,0,0,0,0,0.0,6,0
942,42,Graduation,2,Single,39660.0,1,0,2,2012-08-08,4163,36,139,13,78,20,13,36,299,mid_value,7,1,3,3,14,web,False,False,False,True,0,0,0,0,0,1,1,0.16666666666666666,9,0
9386,62,Graduation,2,Together,50127.0,0,1,2,2014-05-29,3504,88,274,0,21,4,6,15,320,mid_value,5,1,6,1,13,store,False,False,True,False,0,0,0,1,0,0,1,0.16666666666666666,6,0
5510,47,Master,3,Married,43263.0,0,1,2,2012-11-21,4058,2,262,6,61,0,10,102,441,mid_value,5,2,6,3,16,store,False,False,True,False,0,0,0,0,0,0,0,0.0,5,0
873,75,Master,3,Married,62845.0,1,1,3,2012-10-01,4109,3,1099,0,45,0,0,34,1178,high_value,3,4,10,11,28,deals,False,True,False,False,0,0,0,1,0,1,2,0.3333333333333333,8,0
2253,34,Graduation,2,Married,18929.0,0,0,1,2013-02-16,3971,15,32,0,8,23,4,18,85,low_value,1,0,4,1,6,store,False,False,True,False,0,0,0,0,0,0,0,0.0,6,0
5181,42,Basic,0,Single,24367.0,1,0,2,2013-03-20,3939,58,2,4,2,0,11,5,24,low_value,1,0,2,1,4,store,False,False,True,False,0,0,0,0,0,0,0,0.0,9,0
979,49,Graduation,2,Single,33249.0,1,0,2,2013-02-20,3967,11,6,10,21,19,14,42,112,low_value,2,1,3,2,8,store,False,False,True,False,0,0,0,0,0,0,0,0.0,6,0
10390,65,2N Cycle,1,Married,26887.0,0,1,2,2013-02-10,3977,27,6,7,4,3,4,6,30,low_value,1,0,3,1,5,store,False,False,True,False,0,0,0,0,0,0,0,0.0,6,0
4698,41,Phd,4,Married,50150.0,0,0,1,2013-06-20,3847,32,135,46,92,65,61,11,410,mid_value,5,2,7,2,16,store,False,False,True,False,0,0,0,0,0,0,0,0.0,5,0
7793,48,Graduation,2,Together,62061.0,0,1,2,2013-08-31,3775,12,641,7,84,0,30,38,800,mid_value,10,4,7,3,24,web,False,False,False,True,0,0,0,1,0,0,1,0.16666666666666666,6,0
1745,62,Phd,4,Divorced,85696.0,0,0,1,2013-05-03,3895,88,714,76,395,116,0,12,1313,high_value,4,6,9,1,20,store,False,False,True,False,0,0,0,0,0,1,1,0.16666666666666666,1,0
10590,68,Phd,4,Together,76542.0,0,0,1,2013-03-30,3929,91,794,73,573,0,29,14,1483,high_value,4,8,10,1,23,store,False,False,True,False,0,0,0,0,0,0,0,0.0,2,0
5080,31,Graduation,2,Single,70515.0,0,0,1,2013-10-21,3724,12,420,0,452,182,64,140,1258,high_value,6,6,4,1,17,web,False,False,False,True,0,0,0,0,0,1,1,0.16666666666666666,2,0
8369,37,Graduation,2,Together,18227.0,1,0,2,2012-11-08,4071,21,1,2,7,4,3,11,28,low_value,0,1,2,1,4,store,False,False,True,False,0,0,0,0,0,0,0,0.0,8,0
5232,59,Graduation,2,Married,69139.0,0,1,2,2014-01-27,3626,23,86,12,75,33,15,6,227,mid_value,4,1,5,1,11,store,False,False,True,False,0,0,0,0,0,0,0,0.0,4,0
2407,42,Graduation,2,Married,69109.0,0,0,1,2012-11-09,4070,10,823,25,459,124,29,95,1555,high_value,6,6,7,1,20,store,False,False,True,False,0,0,0,0,1,1,2,0.3333333333333333,4,0
3834,62,Graduation,2,Single,69627.0,0,1,2,2013-03-17,3942,35,231,161,215,171,30,53,861,high_value,8,2,11,2,23,store,False,False,True,False,0,0,0,0,0,0,0,0.0,5,0
7912,46,Graduation,2,Married,38136.0,1,0,2,2013-04-22,3906,69,8,15,27,0,20,33,103,low_value,3,1,2,2,8,web,False,False,False,True,0,0,1,0,0,0,1,0.16666666666666666,8,0
7712,78,Phd,4,Single,62159.0,0,0,1,2014-04-28,3535,68,182,17,259,77,70,29,634,mid_value,6,2,10,1,19,store,False,False,True,False,0,0,0,0,0,0,0,0.0,4,0
1065,61,Graduation,2,Single,80695.0,0,0,1,2013-12-29,3655,85,557,129,984,193,37,18,1918,high_value,5,8,5,1,19,catalog,True,False,False,False,0,0,0,0,0,0,0,0.0,2,0
7275,53,Master,3,Single,33316.0,1,1,3,2013-10-04,3741,34,79,1,31,4,4,12,131,mid_value,2,1,4,3,10,store,False,False,True,False,0,0,0,0,0,0,0,0.0,6,0
1343,56,Graduation,2,Together,58554.0,1,1,3,2012-09-26,4114,55,368,24,68,38,0,88,586,mid_value,8,2,6,6,22,web,False,False,False,True,0,0,0,0,0,0,0,0.0,7,0
1384,32,Basic,0,Married,17256.0,1,0,2,2013-11-23,3691,10,6,4,14,8,8,22,62,low_value,2,1,2,2,7,web,False,False,False,True,0,0,1,0,0,0,1,0.16666666666666666,8,0
9967,50,Graduation,2,Divorced,53034.0,1,1,3,2013-05-30,3868,30,160,15,196,15,11,50,447,mid_value,6,1,7,8,22,deals,False,True,False,False,0,0,0,0,0,0,0,0.0,8,0
6181,74,2N Cycle,1,Together,52203.0,0,0,1,2012-07-31,4171,36,488,21,238,56,108,28,939,high_value,8,7,11,1,27,store,False,False,True,False,0,0,0,0,0,0,0,0.0,6,0
10507,47,2N Cycle,1,Divorced,59601.0,0,1,2,2013-07-25,3812,14,691,7,69,0,7,23,797,mid_value,2,2,7,4,15,store,False,False,True,False,0,0,0,1,0,0,1,0.16666666666666666,8,0
2674,66,Master,3,Single,75154.0,0,1,2,2012-09-04,4136,79,543,10,205,160,143,82,1143,high_value,6,3,6,1,16,web,False,False,False,True,0,0,0,0,0,1,1,0.16666666666666666,3,0
2698,48,Graduation,2,Single,47025.0,0,1,2,2013-11-07,3707,52,254,7,108,20,0,26,415,mid_value,6,3,5,3,17,web,False,False,False,True,0,0,0,0,0,0,0,0.0,6,0
3231,51,Graduation,2,Married,37971.0,1,0,2,2013-11-25,3689,97,5,4,10,2,2,7,30,low_value,1,0,3,1,5,store,False,False,True,False,0,0,0,0,0,0,0,0.0,8,0
4096,56,Master,3,Divorced,41335.0,1,0,2,2013-12-26,3658,24,112,19,21,16,14,5,187,mid_value,4,1,4,3,12,web,False,False,False,True,0,0,0,0,0,0,0,0.0,7,0
10476,66,Graduation,2,Married,67267.0,0,1,2,2014-05-13,3520,0,134,11,59,15,2,30,251,mid_value,3,2,5,1,11,store,False,False,True,False,0,0,0,0,0,0,0,0.0,2,0
5948,49,Graduation,2,Single,57338.0,0,1,2,2014-04-29,3534,96,143,6,52,11,8,17,237,mid_value,4,1,5,2,12,store,False,False,True,False,0,0,0,0,0,0,0,0.0,5,0
9140,64,2N Cycle,1,Together,50523.0,1,1,3,2013-12-25,3659,89,51,4,24,4,7,1,91,low_value,2,0,4,2,8,store,False,False,True,False,0,0,0,0,0,0,0,0.0,6,0
10258,59,Master,3,Single,35791.0,2,1,4,2013-05-06,3892,94,27,0,5,0,0,3,35,low_value,1,0,3,2,6,store,False,False,True,False,0,0,0,0,0,0,0,0.0,8,0
5675,64,Phd,4,Divorced,50611.0,0,1,2,2012-10-04,4106,98,459,0,24,6,0,4,493,mid_value,4,5,7,6,22,store,False,False,True,False,0,0,0,1,0,0,1,0.16666666666666666,6,0
4743,55,Phd,4,Married,56242.0,0,1,2,2013-03-03,3956,72,689,8,167,11,8,88,971,high_value,8,4,11,5,28,store,False,False,True,False,0,0,0,0,0,0,0,0.0,6,0
8805,64,Graduation,2,Single,48904.0,0,1,2,2012-12-02,4047,1,283,10,38,0,13,27,371,mid_value,7,2,4,4,17,web,False,False,False,True,0,0,0,0,0,0,0,0.0,8,0
1542,49,Graduation,2,Single,56243.0,1,2,4,2013-12-30,3654,26,347,0,35,4,3,7,396,mid_value,4,2,8,6,20,store,False,False,True,False,0,0,0,0,0,0,0,0.0,5,0
6770,39,Graduation,2,Married,21355.0,1,0,2,2013-08-20,3786,5,5,13,14,0,5,31,68,low_value,2,1,2,2,7,web,False,False,False,True,0,0,1,0,0,1,2,0.3333333333333333,6,0
8773,53,Master,3,Together,57420.0,0,1,2,2013-06-25,3842,22,280,0,18,0,0,24,322,mid_value,5,1,6,3,15,store,False,False,True,False,0,0,0,1,0,0,1,0.16666666666666666,7,0
10420,69,Master,3,Divorced,46390.0,0,1,2,2014-05-05,3528,56,95,14,64,2,9,38,222,mid_value,4,2,3,1,10,web,False,False,False,True,0,0,0,0,0,0,0,0.0,7,0
7514,68,2N Cycle,1,Together,54342.0,1,1,3,2013-07-03,3834,74,84,10,34,11,10,28,177,mid_value,3,1,4,4,12,store,False,False,True,False,0,0,0,0,0,0,0,0.0,6,0
793,51,Graduation,2,Married,20895.0,1,0,2,2012-10-06,4104,24,18,3,17,3,0,4,45,low_value,2,0,3,1,6,store,False,False,True,False,0,0,0,0,0,0,0,0.0,9,0
10909,76,Graduation,2,Married,92344.0,0,0,1,2014-01-15,3638,9,992,24,694,51,19,119,1899,high_value,5,10,5,0,20,catalog,True,False,False,False,0,0,1,0,1,0,2,0.3333333333333333,1,0
8702,48,2N Cycle,1,Together,26907.0,1,1,3,2013-08-20,3786,10,9,1,7,0,3,2,22,low_value,1,0,3,2,6,store,False,False,True,False,0,0,0,0,0,0,0,0.0,7,0
4791,44,Graduation,2,Together,44964.0,1,1,3,2012-12-16,4033,35,19,1,17,2,0,2,41,low_value,1,0,3,1,5,store,False,False,True,False,0,0,0,0,0,0,0,0.0,8,0
2963,45,Graduation,2,Together,75507.0,0,0,1,2014-05-02,3531,56,709,93,374,104,80,80,1440,high_value,8,6,6,1,21,web,False,False,False,True,0,0,0,0,0,0,0,0.0,3,0
8216,52,Master,3,Married,53761.0,1,1,3,2013-10-11,3734,7,158,0,76,13,7,71,325,mid_value,4,4,3,6,17,deals,False,True,False,False,0,0,0,0,0,0,0,0.0,5,0
8140,51,Graduation,2,Together,22682.0,1,0,2,2013-10-03,3742,51,10,14,29,4,2,36,95,low_value,2,1,4,3,10,store,False,False,True,False,0,0,0,0,0,0,0,0.0,4,0
10146,52,Phd,4,Together,38887.0,1,0,2,2014-03-02,3592,17,25,1,13,0,0,3,42,low_value,1,0,3,1,5,store,False,False,True,False,0,0,0,0,0,0,0,0.0,7,0
5289,49,2N Cycle,1,Single,41658.0,1,1,3,2012-11-09,4070,30,8,4,12,15,4,29,72,low_value,1,1,2,2,6,store,False,False,True,False,0,0,0,0,0,0,0,0.0,4,0
2587,52,Phd,4,Married,29791.0,1,0,2,2014-05-15,3518,21,14,0,6,0,0,0,20,low_value,2,0,3,2,7,store,False,False,True,False,0,0,0,0,0,0,0,0.0,5,0
4405,68,Master,3,Married,63915.0,0,2,3,2013-07-30,3807,2,622,7,115,30,0,15,789,mid_value,6,3,12,2,23,store,False,False,True,False,0,0,0,0,0,0,0,0.0,5,0
8663,50,Graduation,2,Divorced,39996.0,1,1,3,2014-05-22,3511,85,11,0,3,0,0,1,15,low_value,1,0,2,1,4,store,False,False,True,False,0,0,0,0,0,0,0,0.0,6,0
2589,52,Graduation,2,Divorced,26759.0,1,0,2,2014-02-07,3615,65,25,3,16,8,5,2,59,low_value,2,1,3,2,8,store,False,False,True,False,0,0,0,0,0,0,0,0.0,6,0
3421,56,Master,3,Divorced,63841.0,0,1,2,2013-04-21,3907,64,635,15,100,20,7,131,908,high_value,9,3,9,1,22,web,False,False,False,True,0,0,0,0,0,0,0,0.0,6,0
10490,55,Phd,4,Married,51039.0,1,1,3,2012-12-10,4039,11,100,64,79,65,0,109,417,mid_value,6,2,4,2,14,web,False,False,False,True,0,0,0,0,0,0,0,0.0,7,0
4094,63,Graduation,2,Married,60544.0,1,1,3,2012-08-25,4146,92,201,2,43,3,5,35,289,mid_value,5,1,5,4,15,web,False,False,False,True,0,0,0,0,0,0,0,0.0,6,0
9958,52,Graduation,2,Married,65685.0,0,1,2,2014-03-29,3565,54,642,14,49,0,7,57,769,mid_value,9,2,9,1,21,web,False,False,False,True,0,0,0,0,0,0,0,0.0,5,0
2534,71,Graduation,2,Married,37716.0,0,1,2,2014-04-21,3542,4,97,1,41,6,2,41,188,mid_value,4,1,3,2,10,web,False,False,False,True,0,0,0,0,0,0,0,0.0,7,0
4188,67,Graduation,2,Single,36864.0,0,1,2,2012-08-13,4158,53,204,5,39,17,0,89,354,mid_value,5,2,4,3,14,web,False,False,False,True,0,0,0,0,0,1,1,0.16666666666666666,8,0
6613,54,Master,3,Married,44511.0,1,0,2,2012-10-12,4098,39,513,7,133,46,14,14,727,mid_value,8,4,8,6,26,web,False,False,False,True,0,0,0,0,0,0,0,0.0,8,0
10827,57,Phd,4,Married,36947.0,1,1,3,2012-08-07,4164,49,88,3,21,4,1,29,146,mid_value,3,0,4,4,11,store,False,False,True,False,0,0,0,0,0,0,0,0.0,9,0
5491,73,Master,3,Together,47352.0,0,1,2,2013-04-11,3917,70,172,12,112,8,0,15,319,mid_value,6,1,5,4,16,web,False,False,False,True,0,0,0,0,0,0,0,0.0,7,0
8402,71,Master,3,Married,67087.0,0,1,2,2013-12-17,3667,40,329,35,222,130,35,43,794,mid_value,7,5,8,2,22,store,False,False,True,False,0,0,0,0,0,0,0,0.0,4,0
8783,74,Graduation,2,Married,57045.0,0,1,2,2012-09-08,4132,40,296,13,104,11,13,17,454,mid_value,4,2,9,3,18,store,False,False,True,False,0,0,0,0,0,0,0,0.0,3,0
10010,71,Phd,4,Divorced,36957.0,1,1,3,2012-09-06,4134,43,100,2,16,2,1,31,152,mid_value,3,2,2,4,11,deals,False,True,False,False,0,0,0,0,0,1,1,0.16666666666666666,9,0
618,47,Phd,4,Married,69389.0,0,1,2,2012-09-28,4112,17,422,7,238,69,46,15,797,mid_value,7,2,12,1,22,store,False,False,True,False,0,0,0,0,0,0,0,0.0,4,0
9121,52,Graduation,2,Married,80134.0,1,0,2,2013-05-20,3878,40,1218,16,272,104,0,80,1690,high_value,5,3,6,2,16,store,False,False,True,False,1,0,0,1,1,1,4,0.6666666666666666,6,0
361,55,Master,3,Married,43142.0,1,1,3,2014-02-18,3604,84,5,1,7,2,1,4,20,low_value,1,0,2,1,4,store,False,False,True,False,0,0,0,0,0,0,0,0.0,7,0
4310,80,Graduation,2,Married,80589.0,0,0,1,2014-01-22,3631,25,507,93,520,242,40,26,1428,high_value,5,10,5,1,21,catalog,True,False,False,False,1,0,0,0,0,1,2,0.3333333333333333,1,0
2678,34,Graduation,2,Single,34412.0,1,0,2,2013-02-13,3974,62,52,12,50,4,36,55,209,mid_value,5,0,3,3,11,web,False,False,False,True,0,0,0,0,0,0,0,0.0,9,0
6376,45,Graduation,2,Single,57537.0,1,0,2,2013-06-10,3857,83,191,56,139,51,8,100,545,mid_value,4,3,8,4,19,store,False,False,True,False,0,0,0,0,0,0,0,0.0,4,0
524,58,Basic,0,Together,22634.0,0,0,1,2013-01-16,4002,47,2,23,11,8,6,46,96,low_value,2,1,2,1,6,web,False,False,False,True,0,0,0,0,0,0,0,0.0,8,0
10341,76,Graduation,2,Together,51315.0,0,0,1,2014-02-23,3599,45,68,28,39,16,30,41,222,mid_value,2,2,5,1,10,store,False,False,True,False,0,0,0,0,0,0,0,0.0,2,0
5654,52,Graduation,2,Married,36026.0,2,1,4,2014-03-16,3578,34,20,4,10,6,4,17,61,low_value,2,0,3,2,7,store,False,False,True,False,0,0,0,0,0,0,0,0.0,6,0
4098,51,Graduation,2,Married,24639.0,1,1,3,2014-01-28,3625,3,20,3,16,0,4,1,44,low_value,2,0,4,3,9,store,False,False,True,False,0,0,0,0,0,0,0,0.0,6,0
5824,52,Phd,4,Together,34578.0,2,1,4,2014-04-11,3552,1,7,0,1,0,0,0,8,low_value,1,0,2,1,4,store,False,False,True,False,0,0,0,0,0,0,0,0.0,6,0
7000,52,2N Cycle,1,Single,65704.0,0,0,1,2013-10-13,3732,18,279,172,74,38,8,246,817,mid_value,2,10,10,1,23,catalog,True,False,False,False,0,0,0,0,0,0,0,0.0,1,0
2561,58,Graduation,2,Single,63810.0,0,1,2,2012-11-11,4068,45,977,12,253,16,12,101,1371,high_value,4,3,12,4,23,store,False,False,True,False,0,0,0,1,0,0,1,0.16666666666666666,8,0
5229,55,Phd,4,Together,54132.0,0,1,2,2014-02-16,3606,81,30,1,8,0,0,3,42,low_value,1,0,3,1,5,store,False,False,True,False,0,0,0,0,0,0,0,0.0,7,0
4086,65,Graduation,2,Married,18690.0,0,0,1,2012-12-28,4021,77,6,1,7,23,4,19,60,low_value,1,1,2,1,5,store,False,False,True,False,0,0,0,0,0,0,0,0.0,8,0
2428,54,Graduation,2,Married,28164.0,1,0,2,2013-05-04,3894,23,3,18,26,11,8,12,78,low_value,2,0,4,3,9,store,False,False,True,False,0,0,0,0,0,0,0,0.0,7,0
8254,50,Phd,4,Married,34596.0,1,0,2,2013-04-13,3915,48,14,0,2,0,0,7,23,low_value,1,0,2,1,4,store,False,False,True,False,0,0,0,0,0,0,0,0.0,8,0
2836,52,Phd,4,Married,43269.0,1,0,2,2013-09-16,3759,61,10,1,7,0,0,1,19,low_value,1,0,2,1,4,store,False,False,True,False,0,0,0,0,0,0,0,0.0,8,0
8418,66,2N Cycle,1,Single,38741.0,1,1,3,2014-03-30,3564,60,7,10,17,8,6,13,61,low_value,2,0,3,2,7,store,False,False,True,False,0,0,0,0,0,0,0,0.0,7,0
1362,52,Graduation,2,Single,31907.0,0,0,1,2013-03-04,3955,75,33,87,64,175,16,74,449,mid_value,6,1,6,1,14,web,False,False,False,True,0,0,0,0,0,0,0,0.0,7,0
7152,41,Master,3,Married,27100.0,1,0,2,2013-04-05,3923,64,12,0,13,2,0,10,37,low_value,1,0,3,1,5,store,False,False,True,False,0,0,0,0,0,0,0,0.0,7,0
10033,51,2N Cycle,1,Divorced,31163.0,1,0,2,2014-02-13,3609,54,2,3,10,11,2,10,38,low_value,1,0,3,1,5,store,False,False,True,False,0,0,0,0,0,0,0,0.0,6,0
9349,39,Graduation,2,Married,92533.0,0,0,1,2013-12-19,3665,84,693,21,118,110,147,42,1131,high_value,6,5,11,1,23,store,False,False,True,False,1,0,0,0,1,0,2,0.3333333333333333,2,0
274,51,Graduation,2,Single,34853.0,1,1,3,2013-12-23,3661,75,9,3,15,2,3,2,34,low_value,2,0,3,2,7,store,False,False,True,False,0,0,0,0,0,0,0,0.0,6,0
3388,57,Graduation,2,Divorced,70844.0,1,1,3,2013-10-30,3715,16,129,26,67,3,67,2,294,mid_value,6,1,5,5,17,web,False,False,False,True,0,0,0,0,0,0,0,0.0,7,0
922,45,2N Cycle,1,Married,31086.0,1,1,3,2013-05-04,3894,79,16,2,11,3,0,16,48,low_value,1,1,2,2,6,store,False,False,True,False,0,0,1,0,0,0,1,0.16666666666666666,8,0
8588,63,Graduation,2,Married,60544.0,1,1,3,2012-08-25,4146,92,201,2,43,3,5,35,289,mid_value,5,1,5,4,15,web,False,False,False,True,0,0,0,0,0,0,0,0.0,6,0
2518,38,2N Cycle,1,Together,20491.0,0,0,1,2013-01-25,3993,16,5,4,5,4,2,10,30,low_value,0,1,2,1,4,store,False,False,True,False,0,0,0,0,0,0,0,0.0,7,0
574,60,Graduation,2,Married,42523.0,0,0,1,2014-04-23,3540,96,14,36,11,3,26,35,125,mid_value,1,1,4,1,7,store,False,False,True,False,0,0,0,0,0,0,0,0.0,2,0
3220,41,Graduation,2,Married,39922.0,1,0,2,2013-02-14,3973,30,29,12,59,19,1,36,156,mid_value,3,0,4,2,9,store,False,False,True,False,0,0,0,0,0,0,0,0.0,8,0
5967,72,Graduation,2,Together,33402.0,1,1,3,2013-07-18,3819,60,26,2,19,10,5,8,70,low_value,2,1,3,3,9,store,False,False,True,False,0,0,0,0,0,0,0,0.0,8,0
1183,75,Master,3,Married,36408.0,1,1,3,2013-09-21,3754,11,9,1,4,3,2,3,22,low_value,1,0,2,1,4,store,False,False,True,False,0,0,0,0,0,0,0,0.0,6,0
6856,45,Graduation,2,Together,21645.0,1,0,2,2012-09-03,4137,75,14,0,23,4,5,19,65,low_value,3,0,3,3,9,web,False,False,False,True,0,0,0,0,0,1,1,0.16666666666666666,9,0
4530,76,Master,3,Widow,78427.0,0,0,1,2012-10-24,4086,36,972,19,595,180,26,138,1930,high_value,3,7,10,3,23,store,False,False,True,False,1,0,0,0,0,1,2,0.3333333333333333,3,0
1553,78,Graduation,2,Together,82657.0,0,0,1,2013-09-27,3748,71,966,168,672,246,105,126,2283,high_value,7,5,10,1,23,store,False,False,True,False,1,0,0,1,0,0,2,0.3333333333333333,4,0
4682,66,Graduation,2,Married,51876.0,0,0,1,2013-10-15,3730,88,99,27,102,28,48,6,310,mid_value,2,2,8,1,13,store,False,False,True,False,0,0,0,0,0,0,0,0.0,1,0
8204,53,2N Cycle,1,Married,78041.0,0,0,1,2012-12-16,4033,93,482,35,553,72,160,17,1319,high_value,4,4,9,1,18,store,False,False,True,False,0,0,0,0,0,0,0,0.0,2,0
5221,67,Graduation,2,Married,52852.0,0,1,2,2012-12-01,4048,93,714,8,99,11,0,47,879,high_value,10,7,5,4,26,web,False,False,False,True,0,0,1,0,0,0,1,0.16666666666666666,8,0
1232,42,Phd,4,Together,70038.0,0,0,1,2013-10-25,3720,54,587,54,348,71,54,130,1244,high_value,4,4,8,1,17,store,False,False,True,False,0,0,0,0,0,0,0,0.0,2,0
1927,51,2N Cycle,1,Together,69401.0,0,1,2,2014-03-23,3571,41,399,27,159,58,8,39,690,mid_value,4,4,5,4,17,store,False,False,True,False,0,0,0,0,0,0,0,0.0,2,0
5788,52,Graduation,2,Together,46053.0,1,0,2,2013-02-17,3970,46,56,10,92,19,7,25,209,mid_value,3,2,4,3,12,store,False,False,True,False,0,0,0,0,0,0,0,0.0,5,0
6652,59,Graduation,2,Married,77343.0,0,0,1,2014-06-09,3493,28,227,151,573,98,54,31,1134,high_value,3,4,9,1,17,store,False,False,True,False,0,0,0,0,0,0,0,0.0,1,0
6246,71,Graduation,2,Single,73892.0,0,0,1,2013-11-13,3701,40,703,102,601,0,58,43,1507,high_value,3,11,8,1,23,catalog,True,False,False,False,0,0,0,0,0,1,1,0.16666666666666666,1,0
5975,57,Phd,4,Single,40304.0,1,0,2,2013-09-30,3745,82,37,0,17,0,0,3,57,low_value,2,0,3,1,6,store,False,False,True,False,0,0,0,0,0,0,0,0.0,7,0
6875,59,Phd,4,Together,32727.0,0,0,1,2012-08-28,4143,38,167,13,180,86,13,70,529,mid_value,7,3,5,2,17,web,False,False,False,True,0,0,0,0,0,0,0,0.0,8,0
4399,55,Graduation,2,Together,68695.0,0,0,1,2014-06-25,3477,3,458,81,356,106,50,40,1091,high_value,4,4,7,1,16,store,False,False,True,False,0,0,0,0,0,0,0,0.0,2,0
4042,53,Graduation,2,Divorced,43300.0,0,1,2,2012-10-13,4097,87,91,3,52,2,1,31,180,mid_value,4,0,4,3,11,web,False,False,False,True,0,0,0,0,0,1,1,0.16666666666666666,8,0
2157,52,Graduation,2,Together,26290.0,1,1,3,2013-01-12,4006,49,15,8,16,11,5,22,77,low_value,2,0,4,4,10,store,False,False,True,False,0,0,0,0,0,0,0,0.0,6,0
10133,54,Graduation,2,Single,93790.0,0,0,1,2014-02-12,3610,16,1302,68,731,89,114,45,2349,high_value,6,7,12,0,25,store,False,False,True,False,1,0,0,1,1,1,4,0.6666666666666666,2,0
2525,50,Phd,4,Married,38410.0,0,0,1,2012-09-14,4126,65,153,64,123,116,64,14,534,mid_value,5,2,9,2,18,store,False,False,True,False,0,0,0,0,0,1,1,0.16666666666666666,6,0
8233,74,Master,3,Widow,64866.0,0,1,2,2014-01-26,3627,9,508,5,21,7,5,10,556,mid_value,7,3,7,4,21,web,False,False,False,True,0,0,0,1,0,0,1,0.16666666666666666,5,0
9483,65,Graduation,2,Together,57957.0,0,1,2,2013-08-19,3787,24,290,59,177,77,5,29,637,mid_value,4,6,8,7,25,store,False,False,True,False,0,0,0,0,0,0,0,0.0,3,1
2945,69,Phd,4,Together,46015.0,1,1,3,2014-04-13,3550,25,38,0,2,0,0,6,46,low_value,1,0,3,1,5,store,False,False,True,False,0,1,1,0,0,0,2,0.3333333333333333,7,0
10403,46,Graduation,2,Together,16531.0,1,0,2,2014-06-18,3484,43,2,13,6,7,5,11,44,low_value,3,0,3,3,9,web,False,False,False,True,0,0,0,0,0,0,0,0.0,7,0
5074,38,Master,3,Married,28072.0,1,0,2,2013-07-08,3829,10,30,0,10,2,0,5,47,low_value,1,0,3,1,5,store,False,False,True,False,0,0,0,0,0,0,0,0.0,7,0
10524,61,Master,3,Divorced,49476.0,0,1,2,2013-06-20,3847,29,386,23,95,54,41,196,795,mid_value,2,11,5,4,22,catalog,True,False,False,False,0,0,0,0,0,0,0,0.0,2,0
4690,71,Graduation,2,Married,50725.0,0,1,2,2013-02-13,3974,45,443,10,75,0,10,48,586,mid_value,8,1,8,4,21,web,False,False,False,True,0,0,0,0,0,0,0,0.0,8,0
7521,72,Graduation,2,Together,83844.0,0,0,1,2013-05-12,3886,57,901,31,345,75,31,191,1574,high_value,4,4,11,1,20,store,False,False,True,False,0,0,0,0,1,0,1,0.16666666666666666,1,0
7196,74,Phd,4,Married,41145.0,1,1,3,2014-02-08,3614,20,9,0,3,0,0,1,13,low_value,0,0,3,1,4,store,False,False,True,False,0,0,0,0,0,0,0,0.0,3,0
4406,54,Graduation,2,Together,67419.0,0,1,2,2013-01-16,4002,29,846,84,352,91,56,42,1471,high_value,9,4,8,4,25,web,False,False,False,True,0,0,0,0,0,0,0,0.0,5,0
9672,54,2N Cycle,1,Married,23162.0,1,1,3,2013-12-21,3663,82,8,3,9,19,4,22,65,low_value,1,1,3,3,8,store,False,False,True,False,0,0,0,0,0,0,0,0.0,6,0
4864,47,Graduation,2,Married,34380.0,1,0,2,2013-05-02,3896,68,72,7,58,13,1,24,175,mid_value,4,1,3,4,12,web,False,False,False,True,0,0,0,0,0,0,0,0.0,8,0
4706,58,Graduation,2,Single,34704.0,0,1,2,2013-04-27,3901,65,29,0,5,0,1,5,40,low_value,1,0,3,1,5,store,False,False,True,False,0,0,0,0,0,0,0,0.0,5,0
4070,55,Phd,4,Married,94871.0,0,2,3,2012-09-01,4139,99,169,24,553,188,0,144,1078,high_value,8,5,4,1,18,web,False,False,False,True,0,0,0,1,1,1,3,0.5,7,0
25,66,Graduation,2,Married,65148.0,0,1,2,2012-11-16,4063,9,460,35,422,33,12,153,1115,high_value,6,6,7,2,21,store,False,False,True,False,0,0,0,0,0,0,0,0.0,4,0
3697,70,Graduation,2,Together,39898.0,0,1,2,2013-02-12,3975,20,69,8,26,12,7,12,134,mid_value,3,0,4,2,9,store,False,False,True,False,0,0,0,0,0,0,0,0.0,7,0
217,68,Master,3,Single,64857.0,0,0,1,2012-11-23,4056,78,556,14,717,210,0,43,1540,high_value,7,5,10,1,23,store,False,False,True,False,0,0,0,0,0,0,0,0.0,4,0
4220,54,Phd,4,Married,59892.0,0,1,2,2013-11-02,3712,26,73,0,13,0,1,0,87,low_value,2,1,3,1,7,store,False,False,True,False,0,0,0,0,0,0,0,0.0,3,0
5286,37,Master,3,Single,41020.0,0,0,1,2013-10-28,3717,68,112,1,54,7,7,36,217,mid_value,3,2,4,1,10,store,False,False,True,False,0,0,0,0,0,0,0,0.0,3,0
9559,63,Phd,4,Married,57072.0,0,1,2,2014-01-24,3629,79,944,0,60,0,0,30,1034,high_value,7,5,13,2,27,store,False,False,True,False,0,0,1,0,0,0,1,0.16666666666666666,5,0
2849,45,Graduation,2,Single,60474.0,0,1,2,2013-04-01,3927,25,265,199,303,234,9,170,1180,high_value,10,2,12,7,31,store,False,False,True,False,0,0,0,0,0,0,0,0.0,7,0
7787,64,Graduation,2,Together,62807.0,0,1,2,2012-08-31,4140,83,526,28,135,10,21,99,819,mid_value,5,3,12,3,23,store,False,False,True,False,0,0,0,0,0,0,0,0.0,5,0
3102,43,2N Cycle,1,Together,19414.0,1,0,2,2013-10-16,3729,32,2,3,12,3,5,7,32,low_value,1,0,3,1,5,store,False,False,True,False,0,0,0,0,0,0,0,0.0,8,0
5868,44,Graduation,2,Married,19107.0,1,0,2,2013-08-22,3784,49,2,4,9,10,5,16,46,low_value,1,0,3,2,6,store,False,False,True,False,0,0,0,0,0,0,0,0.0,7,0
8370,48,2N Cycle,1,Together,75484.0,0,1,2,2012-08-02,4169,50,378,97,259,197,194,34,1159,high_value,7,3,6,2,18,web,False,False,False,True,0,0,0,0,0,0,0,0.0,4,0
9988,48,Master,3,Single,70379.0,0,1,2,2013-03-03,3956,84,553,25,142,65,67,8,860,high_value,6,3,13,3,25,store,False,False,True,False,0,0,0,0,0,0,0,0.0,4,0
2939,54,Master,3,Together,79419.0,0,0,1,2014-06-22,3480,96,751,127,687,20,15,31,1631,high_value,4,6,4,1,15,catalog,True,False,False,False,0,0,0,0,0,0,0,0.0,2,0
5529,78,Phd,4,Together,64014.0,2,1,4,2014-06-10,3492,56,406,0,30,0,0,8,444,mid_value,8,2,5,7,22,web,False,False,False,True,1,0,0,0,0,0,1,0.16666666666666666,7,0
9743,69,Graduation,2,Married,76998.0,0,1,2,2013-01-11,4007,85,1449,89,161,69,35,107,1910,high_value,11,8,8,2,29,web,False,False,False,True,0,0,0,0,1,0,1,0.16666666666666666,6,0
5763,52,Master,3,Together,49854.0,1,0,2,2013-11-10,3704,63,123,17,171,39,0,30,380,mid_value,6,2,5,5,18,web,False,False,False,True,0,0,0,0,0,0,0,0.0,6,0
3478,53,Phd,4,Married,60585.0,1,1,3,2013-06-24,3843,17,267,42,309,55,42,21,736,mid_value,7,4,9,10,30,deals,False,True,False,False,0,0,0,0,0,1,1,0.16666666666666666,5,0
7494,74,Phd,4,Divorced,42873.0,1,1,3,2013-01-21,3997,11,209,0,40,3,2,15,269,mid_value,6,1,4,4,15,web,False,False,False,True,0,0,0,0,0,0,0,0.0,8,0
1763,36,Graduation,2,Together,87679.0,0,0,1,2013-07-27,3810,62,1259,172,815,97,148,33,2524,high_value,7,11,10,1,29,catalog,True,False,False,False,1,0,1,0,1,1,4,0.6666666666666666,4,0
7250,46,Graduation,2,Together,57867.0,1,0,2,2013-10-01,3744,48,344,35,178,15,23,17,612,mid_value,7,2,9,7,25,store,False,False,True,False,0,0,0,0,0,0,0,0.0,6,0
2005,34,Graduation,2,Married,35765.0,1,0,2,2013-12-11,3673,86,22,3,30,0,5,15,75,low_value,2,0,4,2,8,store,False,False,True,False,0,0,0,0,0,0,0,0.0,6,0
10770,65,Graduation,2,Married,65492.0,0,0,1,2014-01-26,3627,73,247,161,295,210,85,47,1045,high_value,4,7,13,2,26,store,False,False,True,False,0,0,0,0,0,0,0,0.0,2,0
6885,47,Graduation,2,Divorced,32952.0,1,0,2,2013-12-01,3683,36,38,0,12,3,1,1,55,low_value,2,0,3,1,6,store,False,False,True,False,0,0,0,0,0,0,0,0.0,7,0
2072,55,Phd,4,Together,53374.0,0,1,2,2012-08-16,4155,34,896,10,101,13,10,34,1064,high_value,4,2,9,6,21,store,False,False,True,False,0,0,1,0,0,1,2,0.3333333333333333,9,0
9463,65,Graduation,2,Together,71706.0,0,1,2,2012-11-13,4066,16,931,56,253,91,98,14,1443,high_value,9,5,7,4,25,web,False,False,False,True,0,0,0,0,0,0,0,0.0,5,0
6318,36,Graduation,2,Married,68487.0,0,0,1,2013-01-13,4005,48,758,12,385,33,89,89,1366,high_value,9,7,13,1,30,store,False,False,True,False,0,0,0,0,0,0,0,0.0,4,0
4093,49,Master,3,Together,53253.0,1,1,3,2013-02-11,3976,61,216,9,57,20,9,125,436,mid_value,4,3,5,7,19,deals,False,True,False,False,0,0,0,0,0,0,0,0.0,5,0
5751,51,2N Cycle,1,Divorced,31163.0,1,0,2,2014-02-13,3609,54,2,3,10,11,2,10,38,low_value,1,0,3,1,5,store,False,False,True,False,0,0,0,0,0,0,0,0.0,6,0
3340,47,Graduation,2,Married,42014.0,1,0,2,2012-08-17,4154,56,244,15,108,4,15,50,436,mid_value,7,1,6,6,20,web,False,False,False,True,0,0,0,0,0,1,1,0.16666666666666666,8,0
3594,51,Master,3,Married,54108.0,1,1,3,2012-11-05,4074,74,539,6,91,8,6,97,747,mid_value,8,2,9,13,32,deals,False,True,False,False,0,0,0,0,0,0,0,0.0,8,0
3584,69,Phd,4,Single,49667.0,0,0,1,2012-08-20,4151,35,1181,26,120,17,13,39,1396,high_value,5,10,5,2,22,catalog,True,False,False,False,0,0,1,0,0,1,2,0.3333333333333333,8,0
3643,50,Master,3,Married,63206.0,0,0,1,2014-03-20,3574,65,750,8,125,11,8,26,928,high_value,4,3,6,1,14,store,False,False,True,False,0,0,0,0,1,0,1,0.16666666666666666,2,0
851,52,Master,3,Married,57136.0,1,1,3,2013-07-09,3828,48,306,5,109,21,109,92,642,mid_value,5,2,10,9,26,store,False,False,True,False,0,0,0,0,0,0,0,0.0,6,0
7706,49,2N Cycle,1,Together,46772.0,0,1,2,2012-11-07,4072,88,350,104,189,197,151,57,1048,high_value,11,8,5,6,30,web,False,False,False,True,0,0,1,0,0,0,1,0.16666666666666666,8,0
3967,53,Phd,4,Married,78931.0,0,0,1,2013-10-25,3720,19,331,197,170,58,152,35,943,high_value,2,8,13,1,24,store,False,False,True,False,0,0,0,0,0,0,0,0.0,1,0
10128,66,Graduation,2,Together,53977.0,0,1,2,2013-06-08,3859,21,620,16,165,0,24,82,907,high_value,5,5,12,5,27,store,False,False,True,False,0,0,0,0,0,0,0,0.0,5,0
486,36,Graduation,2,Married,84219.0,0,0,1,2014-02-02,3620,27,434,137,400,45,137,45,1198,high_value,3,4,10,1,18,store,False,False,True,False,0,0,0,0,0,0,0,0.0,1,0
9,49,Master,3,Single,46098.0,1,1,3,2012-08-18,4153,86,57,0,27,0,0,36,120,mid_value,3,2,2,4,11,deals,False,True,False,False,0,0,0,0,0,0,0,0.0,8,0
9451,59,Graduation,2,Married,73538.0,0,1,2,2012-11-25,4054,92,811,76,428,99,137,107,1658,high_value,10,4,9,3,26,web,False,False,False,True,0,0,0,0,0,0,0,0.0,7,0
9264,38,Graduation,2,Married,79529.0,0,0,1,2014-04-27,3536,1,423,42,706,73,197,197,1638,high_value,4,8,9,1,22,store,False,False,True,False,0,0,0,0,0,0,0,0.0,2,0
3865,47,2N Cycle,1,Together,20981.0,0,0,1,2013-04-30,3898,14,2,12,10,6,13,30,73,low_value,3,1,2,1,7,web,False,False,False,True,0,0,0,0,0,1,1,0.16666666666666666,8,0
2853,44,Graduation,2,Single,51766.0,1,0,2,2014-03-11,3583,74,60,51,87,6,20,51,275,mid_value,4,2,4,2,12,web,False,False,False,True,0,0,0,0,0,0,0,0.0,5,0
1490,62,Graduation,2,Married,55759.0,0,1,2,2012-11-28,4051,84,675,0,85,10,7,77,854,high_value,10,3,8,5,26,web,False,False,False,True,0,0,0,0,0,0,0,0.0,8,0
6310,46,Graduation,2,Married,33039.0,1,0,2,2013-09-09,3766,4,30,8,12,8,8,12,78,low_value,2,0,4,1,7,store,False,False,True,False,0,0,0,0,0,0,0,0.0,5,0
10380,52,Master,3,Married,37787.0,1,0,2,2013-09-20,3755,50,40,1,40,4,3,18,106,low_value,3,0,3,1,7,web,False,False,False,True,0,0,0,0,0,0,0,0.0,8,0
3887,54,Graduation,2,Single,27242.0,1,0,2,2012-11-11,4068,2,3,17,26,20,1,39,106,low_value,2,0,3,2,7,store,False,False,True,False,0,0,0,0,0,1,1,0.16666666666666666,9,0
4278,41,Phd,4,Single,87188.0,0,0,1,2013-06-03,3864,73,910,111,724,49,74,55,1923,high_value,10,2,6,1,19,web,False,False,False,True,0,0,0,0,0,1,1,0.16666666666666666,3,0
8643,53,Graduation,2,Together,69930.0,0,0,1,2013-05-26,3872,21,252,98,827,219,70,196,1662,high_value,4,5,12,1,22,store,False,False,True,False,0,0,0,0,0,0,0,0.0,3,0
1998,48,Graduation,2,Single,37697.0,1,0,2,2014-02-07,3615,82,34,6,21,11,4,8,84,low_value,2,1,3,1,7,store,False,False,True,False,0,0,0,0,0,0,0,0.0,6,0
10795,51,Phd,4,Married,37401.0,1,0,2,2014-05-06,3527,14,19,3,19,3,1,3,48,low_value,2,0,3,2,7,store,False,False,True,False,0,0,0,0,0,0,0,0.0,7,0
11110,51,Graduation,2,Single,3502.0,1,0,2,2013-04-13,3915,56,2,1,1,0,0,1,5,low_value,0,0,0,0,0,web,False,False,False,True,0,0,0,0,0,0,0,0.0,14,0
2408,48,Graduation,2,Married,58597.0,1,1,3,2012-11-20,4059,20,490,0,184,10,28,21,733,mid_value,7,4,9,12,32,deals,False,True,False,False,0,0,0,0,0,0,0,0.0,7,0
202,76,Phd,4,Widow,82032.0,0,0,1,2014-04-05,3558,54,332,194,377,149,125,57,1234,high_value,4,6,7,0,17,store,False,False,True,False,0,0,0,0,0,0,0,0.0,1,0
7998,66,Graduation,2,Together,28087.0,1,1,3,2012-12-11,4038,77,53,8,17,13,0,21,112,low_value,2,2,2,3,9,deals,False,True,False,False,0,0,0,0,0,0,0,0.0,7,0
830,37,Phd,4,Single,74004.0,0,0,1,2014-02-24,3598,5,784,48,560,42,176,48,1658,high_value,4,6,4,1,15,catalog,True,False,False,False,1,0,0,0,1,1,3,0.5,3,0
3536,64,Graduation,2,Together,19740.0,0,1,2,2013-03-24,3935,65,7,11,3,10,4,20,55,low_value,1,1,3,2,7,store,False,False,True,False,0,0,0,0,0,0,0,0.0,5,0
6050,49,2N Cycle,1,Married,57036.0,0,1,2,2012-12-11,4038,33,1171,43,219,19,14,47,1513,high_value,6,3,13,4,26,store,False,False,True,False,0,0,1,0,0,0,1,0.16666666666666666,9,0
125,66,2N Cycle,1,Together,53083.0,1,1,3,2013-05-15,3883,65,215,7,33,3,0,13,271,mid_value,5,1,5,6,17,deals,False,True,False,False,0,0,0,1,0,0,1,0.16666666666666666,7,0
3463,49,Phd,4,Married,69283.0,0,1,2,2014-06-14,3488,41,674,62,134,0,26,8,904,high_value,7,3,13,4,27,store,False,False,True,False,0,0,0,0,0,0,0,0.0,5,0
2804,49,Master,3,Single,46098.0,1,1,3,2012-08-18,4153,86,57,0,27,0,0,36,120,mid_value,3,2,2,4,11,deals,False,True,False,False,0,0,0,0,0,1,1,0.16666666666666666,8,0
3745,36,2N Cycle,1,Married,23331.0,1,0,2,2012-09-04,4136,92,5,36,7,0,10,45,103,low_value,3,0,3,2,8,web,False,False,False,True,0,0,0,0,0,0,0,0.0,8,0
9771,36,2N Cycle,1,Single,23331.0,1,0,2,2012-10-05,4105,97,104,20,101,24,15,5,269,mid_value,5,1,5,6,17,deals,False,True,False,False,0,0,0,0,0,0,0,0.0,9,0
451,35,Graduation,2,Single,9255.0,1,0,2,2013-12-20,3664,91,9,0,7,2,0,4,22,low_value,1,1,2,1,5,store,False,False,True,False,0,0,0,0,0,0,0,0.0,8,0
10530,65,Phd,4,Widow,67786.0,0,0,1,2013-12-07,3677,0,431,82,441,80,20,102,1156,high_value,3,6,6,1,16,catalog,True,False,False,False,0,0,0,0,0,1,1,0.16666666666666666,1,0
1079,53,Phd,4,Married,71969.0,0,1,2,2012-10-16,4094,59,1000,0,76,0,0,10,1086,high_value,3,4,9,3,19,store,False,False,True,False,0,0,0,1,0,0,1,0.16666666666666666,8,0
8920,57,Master,3,Single,59235.0,1,0,2,2013-01-12,4006,4,448,40,469,80,0,91,1128,high_value,11,2,12,3,28,store,False,False,True,False,0,0,0,0,0,0,0,0.0,7,0
6678,35,Graduation,2,Together,31928.0,1,0,2,2014-03-28,3566,5,33,4,24,4,2,5,72,low_value,3,0,4,2,9,store,False,False,True,False,0,0,0,0,0,0,0,0.0,7,0
3852,63,Master,3,Together,74881.0,1,1,3,2013-03-08,3951,48,505,72,270,36,27,54,964,high_value,9,2,12,4,27,store,False,False,True,False,0,0,0,0,0,0,0,0.0,5,0
528,46,Graduation,2,Married,65819.0,0,0,1,2012-11-29,4050,99,267,38,701,149,165,63,1383,high_value,5,4,10,1,20,store,False,False,True,False,0,0,0,0,0,0,0,0.0,3,0
73,71,Phd,4,Single,51411.0,1,2,4,2013-05-26,3872,81,14,0,3,0,0,1,18,low_value,0,0,3,1,4,store,False,False,True,False,0,0,0,0,0,0,0,0.0,5,0
5589,60,Graduation,2,Divorced,51983.0,0,1,2,2012-08-31,4140,95,631,0,115,10,7,30,793,mid_value,9,2,10,3,24,store,False,False,True,False,0,0,0,0,0,0,0,0.0,7,0
10212,38,Master,3,Together,42386.0,1,0,2,2013-01-13,4005,43,65,4,16,0,4,11,100,low_value,3,0,3,1,7,web,False,False,False,True,0,0,0,0,0,0,0,0.0,8,0
6365,37,2N Cycle,1,Married,30390.0,0,0,1,2013-09-02,3773,5,10,12,12,25,1,20,80,low_value,2,0,3,1,6,store,False,False,True,False,0,0,0,0,0,0,0,0.0,6,0
5636,61,Graduation,2,Single,30983.0,0,0,1,2012-11-09,4070,50,51,4,50,12,1,49,167,mid_value,4,0,3,1,8,web,False,False,False,True,0,0,0,0,0,1,1,0.16666666666666666,8,0
591,67,Graduation,2,Widow,66033.0,0,1,2,2013-01-20,3998,76,293,35,179,46,59,65,677,mid_value,8,3,7,2,20,web,False,False,False,True,0,0,0,0,0,0,0,0.0,7,0
2217,49,2N Cycle,1,Married,37284.0,1,1,3,2013-03-29,3930,46,11,1,2,2,1,6,23,low_value,0,0,3,1,4,store,False,False,True,False,0,0,0,0,0,0,0,0.0,6,0
2544,73,Master,3,Divorced,57530.0,0,1,2,2013-10-12,3733,68,50,1,27,6,7,1,92,low_value,1,1,4,1,7,store,False,False,True,False,0,0,0,0,0,0,0,0.0,1,0
7725,59,2N Cycle,1,Married,76800.0,0,0,1,2014-03-08,3586,33,173,26,255,35,71,81,641,mid_value,4,4,7,1,16,store,False,False,True,False,0,0,0,0,0,0,0,0.0,1,0
8091,68,Graduation,2,Married,63943.0,0,1,2,2012-09-02,4138,50,423,184,368,13,97,21,1106,high_value,6,4,6,1,17,web,False,False,False,True,0,0,0,0,0,0,0,0.0,5,0
7321,62,Graduation,2,Together,76081.0,0,0,1,2014-05-23,3510,85,292,30,415,63,33,200,1033,high_value,4,5,4,1,14,catalog,True,False,False,False,1,0,0,0,0,0,1,0.16666666666666666,2,0
5462,50,Graduation,2,Married,67445.0,0,1,2,2012-08-12,4159,63,757,80,217,29,80,11,1174,high_value,9,6,12,5,32,store,False,False,True,False,0,0,0,0,0,0,0,0.0,6,0
7791,57,Master,3,Married,37054.0,1,1,3,2013-09-15,3760,89,12,1,6,0,1,5,25,low_value,1,0,3,2,6,store,False,False,True,False,0,0,0,0,0,0,0,0.0,7,0
955,62,Master,3,Together,47175.0,1,1,3,2012-10-28,4082,81,167,2,44,6,2,19,240,mid_value,4,2,4,7,17,deals,False,True,False,False,0,0,1,0,0,1,2,0.3333333333333333,8,0
4037,48,Graduation,2,Divorced,31859.0,1,0,2,2013-06-14,3853,77,3,1,3,8,0,5,20,low_value,1,0,2,1,4,store,False,False,True,False,0,0,0,0,0,0,0,0.0,7,0
6642,63,Graduation,2,Divorced,27215.0,2,1,4,2013-01-23,3995,50,30,5,22,8,9,28,102,low_value,2,1,4,4,11,store,False,False,True,False,0,0,0,0,0,0,0,0.0,6,0
2793,48,Phd,4,Divorced,70179.0,0,1,2,2013-07-21,3816,10,532,88,168,69,44,133,1034,high_value,7,3,13,3,26,store,False,False,True,False,0,0,0,0,0,0,0,0.0,5,0
5424,41,Graduation,2,Married,39922.0,1,0,2,2013-02-14,3973,30,29,12,59,19,1,36,156,mid_value,3,0,4,2,9,store,False,False,True,False,0,0,0,0,0,0,0,0.0,8,0
879,48,Master,3,Married,49681.0,0,2,3,2013-11-04,3710,66,411,0,26,0,0,21,458,mid_value,7,1,7,6,21,web,False,False,False,True,0,0,0,0,0,0,0,0.0,7,0
9530,36,Graduation,2,Married,24645.0,1,0,2,2012-11-01,4078,16,5,3,4,4,1,0,17,low_value,1,0,2,1,4,store,False,False,True,False,0,0,0,0,0,0,0,0.0,8,0
4828,70,Graduation,2,Divorced,79865.0,0,1,2,2014-06-18,3484,12,71,99,278,185,121,38,792,mid_value,5,10,5,1,21,catalog,True,False,False,False,0,0,0,0,0,0,0,0.0,1,0
10699,39,Graduation,2,Married,44322.0,1,0,2,2014-06-16,3486,30,46,0,40,3,0,3,92,low_value,3,0,3,2,8,web,False,False,False,True,0,0,0,0,0,0,0,0.0,8,0
1497,72,Graduation,2,Single,47958.0,0,1,2,2013-01-19,3999,8,268,11,88,15,3,22,407,mid_value,6,3,5,2,16,web,False,False,False,True,0,0,0,0,0,0,0,0.0,5,0
7476,60,Master,3,Single,63972.0,0,1,2,2012-12-02,4047,93,928,63,254,0,12,12,1269,high_value,5,4,10,4,23,store,False,False,True,False,0,0,0,1,0,0,1,0.16666666666666666,4,0
4390,70,Graduation,2,Together,75315.0,0,1,2,2014-04-15,3548,14,459,15,171,142,23,31,841,high_value,5,4,12,2,23,store,False,False,True,False,0,0,0,0,0,0,0,0.0,2,0
10478,74,Phd,4,Married,55517.0,1,1,3,2012-09-27,4113,53,483,0,108,0,6,36,633,mid_value,11,1,6,5,23,web,False,False,False,True,0,0,0,0,0,1,1,0.16666666666666666,9,0
1081,67,Phd,4,Married,75283.0,1,2,4,2013-03-27,3932,26,733,9,180,12,19,66,1019,high_value,6,3,5,11,25,deals,False,True,False,False,0,0,0,0,0,0,0,0.0,4,0
4261,78,Phd,4,Single,82800.0,0,0,1,2012-11-24,4055,23,1006,22,115,59,68,45,1315,high_value,7,6,12,1,26,store,False,False,True,False,1,0,0,0,1,1,3,0.5,3,0
9916,70,Graduation,2,Married,38998.0,1,1,3,2012-11-03,4076,92,34,1,14,0,0,5,54,low_value,2,0,3,3,8,store,False,False,True,False,0,0,0,0,0,0,0,0.0,8,1
5350,33,Master,3,Single,90638.0,0,0,1,2014-02-13,3609,29,1156,120,915,94,144,96,2525,high_value,3,4,10,1,18,store,False,False,True,False,0,0,0,0,1,1,2,0.3333333333333333,1,0
8135,38,Master,3,Married,27161.0,1,0,2,2013-10-28,3717,41,7,4,23,7,0,11,52,low_value,1,0,3,1,5,store,False,False,True,False,0,0,0,0,0,0,0,0.0,7,0
8685,47,Graduation,2,Married,42014.0,1,0,2,2012-08-17,4154,56,244,15,108,4,15,50,436,mid_value,7,1,6,6,20,web,False,False,False,True,0,0,0,0,0,1,1,0.16666666666666666,8,0
4967,64,Phd,4,Together,38201.0,0,1,2,2013-03-29,3930,19,233,0,23,0,0,12,268,mid_value,5,1,5,4,15,web,False,False,False,True,0,0,0,0,0,0,0,0.0,8,0
2130,42,Graduation,2,Together,45203.0,2,0,3,2014-03-23,3571,4,35,3,67,10,8,24,147,mid_value,3,1,3,1,8,web,False,False,False,True,0,0,0,0,0,1,1,0.16666666666666666,6,0
9298,77,Phd,4,Together,81574.0,0,0,1,2014-04-28,3535,89,1252,0,465,46,35,0,1798,high_value,4,5,8,1,18,store,False,False,True,False,0,0,0,1,1,0,2,0.3333333333333333,1,0
8175,32,Graduation,2,Married,34935.0,0,0,1,2013-06-21,3846,71,34,4,66,3,10,20,137,mid_value,2,1,4,1,8,store,False,False,True,False,0,0,0,0,0,0,0,0.0,7,0
6257,48,Master,3,Single,60482.0,0,1,2,2013-01-23,3995,81,255,43,134,37,14,24,507,mid_value,7,2,7,1,17,web,False,False,False,True,0,0,0,0,0,0,0,0.0,7,0
3790,68,Graduation,2,Together,34633.0,2,1,4,2014-01-23,3630,31,8,1,5,0,0,1,15,low_value,1,0,2,1,4,store,False,False,True,False,0,0,0,0,0,0,0,0.0,6,0
9952,77,Master,3,Together,78093.0,0,0,1,2013-12-11,3673,53,368,32,639,13,43,10,1105,high_value,4,7,5,1,17,catalog,True,False,False,False,0,0,0,0,0,0,0,0.0,1,0
3503,74,Graduation,2,Divorced,82460.0,0,0,1,2013-12-02,3682,78,255,47,573,52,32,15,974,high_value,5,3,6,1,15,store,False,False,True,False,0,0,0,0,0,0,0,0.0,1,0
5223,58,Master,3,Together,45903.0,0,1,2,2014-04-23,3540,80,33,8,10,2,10,3,66,low_value,2,1,3,2,8,store,False,False,True,False,0,0,0,0,0,0,0,0.0,4,0
4608,37,Graduation,2,Divorced,81361.0,0,0,1,2014-02-25,3597,18,163,23,424,27,65,76,778,mid_value,3,10,13,1,27,store,False,False,True,False,0,0,0,0,0,1,1,0.16666666666666666,1,0
1626,51,Phd,4,Divorced,35860.0,1,1,3,2014-05-19,3514,37,15,0,8,4,2,20,49,low_value,1,1,2,2,6,store,False,False,True,False,0,0,1,0,0,1,2,0.3333333333333333,5,0
4764,72,Master,3,Together,40442.0,1,1,3,2012-08-19,4152,52,45,12,52,25,22,13,169,mid_value,3,1,4,4,12,store,False,False,True,False,0,0,0,0,0,1,1,0.16666666666666666,7,0
2471,59,Graduation,2,Married,61482.0,0,0,1,2014-06-27,3475,39,48,58,68,16,66,43,299,mid_value,3,2,6,1,12,store,False,False,True,False,0,0,0,0,0,0,0,0.0,2,0
5892,44,Graduation,2,Married,34968.0,1,0,2,2013-04-10,3918,11,158,6,45,8,2,2,221,mid_value,3,2,5,7,17,deals,False,True,False,False,0,0,0,0,0,0,0,0.0,7,0
2612,37,Graduation,2,Married,75794.0,0,0,1,2013-12-24,3660,33,754,160,625,63,32,48,1682,high_value,7,5,12,1,25,store,False,False,True,False,1,0,0,0,0,0,1,0.16666666666666666,3,0
4971,62,Phd,4,Together,31497.0,0,1,2,2012-12-06,4043,22,108,1,28,13,1,4,155,mid_value,3,1,4,2,10,store,False,False,True,False,0,0,0,0,0,0,0,0.0,8,0
5185,69,Graduation,2,Married,74268.0,0,0,1,2013-02-14,3973,83,199,66,315,97,174,41,892,high_value,4,3,5,1,13,store,False,False,True,False,0,0,0,0,0,0,0,0.0,2,0
10069,36,Basic,0,Together,13724.0,1,0,2,2012-08-31,4140,43,2,7,5,2,15,27,58,low_value,2,0,2,1,5,web,False,False,False,True,0,0,1,0,0,0,1,0.16666666666666666,9,0
2262,59,Master,3,Together,45143.0,0,1,2,2013-08-26,3780,74,202,5,74,11,5,14,311,mid_value,6,1,5,3,15,web,False,False,False,True,0,0,0,0,0,0,0,0.0,7,0
1131,57,Phd,4,Single,52569.0,0,1,2,2014-04-05,3558,54,85,0,3,0,0,7,95,low_value,2,0,4,1,7,store,False,False,True,False,0,0,0,0,0,0,0,0.0,3,0
1041,51,Phd,4,Single,48432.0,0,1,2,2012-10-18,4092,3,322,3,50,4,3,42,424,mid_value,7,1,6,5,19,web,False,False,False,True,0,0,0,0,0,1,1,0.16666666666666666,8,0
24,64,Master,3,Together,17144.0,1,1,3,2014-02-15,3607,96,18,2,19,0,2,6,47,low_value,3,0,4,5,12,deals,False,True,False,False,0,0,0,0,0,0,0,0.0,7,0
3409,40,Graduation,2,Single,36108.0,1,0,2,2013-10-15,3730,68,141,8,129,3,11,47,339,mid_value,7,1,4,3,15,web,False,False,False,True,0,0,1,0,0,0,1,0.16666666666666666,9,0
7022,53,Graduation,2,Married,76445.0,1,0,2,2012-09-28,4112,2,739,107,309,140,80,35,1410,high_value,2,5,13,1,21,store,False,False,True,False,0,0,0,0,0,0,0,0.0,6,0
7943,49,Phd,4,Married,36663.0,1,0,2,2014-04-25,3538,40,18,0,6,3,3,5,35,low_value,1,1,3,1,6,store,False,False,True,False,0,0,0,0,0,0,0,0.0,2,0
5272,59,Master,3,Married,53843.0,0,1,2,2013-06-27,3840,64,378,0,88,19,4,73,562,mid_value,8,5,3,4,20,web,False,False,False,True,0,0,0,0,0,0,0,0.0,7,0
5453,68,Master,3,Married,90226.0,0,0,1,2012-09-26,4114,26,1083,108,649,253,151,108,2352,high_value,4,7,12,1,24,store,False,False,True,False,1,0,0,0,0,0,1,0.16666666666666666,2,0
2565,69,Master,3,Divorced,70638.0,0,0,1,2013-06-01,3866,69,1016,12,215,16,12,63,1334,high_value,4,5,10,1,20,store,False,False,True,False,0,0,0,1,0,0,1,0.16666666666666666,3,0
800,64,Graduation,2,Together,44512.0,1,1,3,2013-08-30,3776,57,23,1,6,0,0,2,32,low_value,1,0,3,2,6,store,False,False,True,False,0,0,0,0,0,0,0,0.0,4,0
11092,63,Graduation,2,Married,27116.0,1,1,3,2014-03-02,3592,78,12,1,21,2,2,3,41,low_value,2,0,3,2,7,store,False,False,True,False,0,0,0,0,0,0,0,0.0,7,0
5062,61,Phd,4,Married,54072.0,1,1,3,2013-07-27,3810,71,35,0,4,0,0,0,39,low_value,2,0,2,1,5,web,False,False,False,True,0,0,0,0,0,0,0,0.0,8,0
8969,47,Graduation,2,Married,71855.0,0,1,2,2013-01-16,4002,59,548,31,422,0,112,28,1141,high_value,5,5,11,4,25,store,False,False,True,False,0,0,0,0,0,0,0,0.0,3,0
4656,34,2N Cycle,1,Single,51250.0,1,0,2,2013-03-30,3929,28,342,32,230,34,32,40,710,mid_value,10,5,4,5,24,web,False,False,False,True,0,0,1,0,0,0,1,0.16666666666666666,9,0
4480,51,Master,3,Married,60432.0,0,1,2,2014-03-09,3585,61,365,3,15,4,3,11,401,mid_value,7,2,5,5,19,web,False,False,False,True,0,0,0,0,0,0,0,0.0,6,0
9971,60,Phd,4,Married,65526.0,0,1,2,2014-04-11,3552,22,397,19,69,12,0,9,506,mid_value,4,4,8,1,17,store,False,False,True,False,0,0,0,0,0,0,0,0.0,2,0
6729,36,Graduation,2,Single,68655.0,0,0,1,2012-08-10,4161,95,456,19,832,75,118,38,1538,high_value,4,5,11,1,21,store,False,False,True,False,0,0,0,0,0,0,0,0.0,3,0
1773,46,2N Cycle,1,Married,12393.0,0,0,1,2012-12-04,4045,38,5,6,15,11,7,13,57,low_value,2,0,3,1,6,store,False,False,True,False,0,0,0,0,0,0,0,0.0,9,0
9242,34,Graduation,2,Single,64509.0,0,0,1,2013-08-17,3789,19,836,185,575,24,25,77,1722,high_value,6,3,9,1,19,store,False,False,True,False,0,0,1,0,0,1,2,0.3333333333333333,4,0
1764,49,Graduation,2,Single,33955.0,1,0,2,2013-08-09,3797,92,100,2,128,23,7,10,270,mid_value,5,1,5,4,15,web,False,False,False,True,0,0,0,0,0,0,0,0.0,8,0
6215,47,Graduation,2,Married,31353.0,1,1,3,2013-12-29,3655,24,10,0,10,3,1,7,31,low_value,1,1,2,2,6,store,False,False,True,False,0,0,0,0,0,1,1,0.16666666666666666,8,0
10099,40,Graduation,2,Married,55434.0,1,0,2,2013-10-05,3740,21,238,115,215,169,69,76,882,high_value,5,3,13,3,24,store,False,False,True,False,0,0,0,0,0,0,0,0.0,4,0
5423,41,Graduation,2,Together,28359.0,1,0,2,2013-10-27,3718,35,6,0,5,2,1,2,16,low_value,1,0,2,1,4,store,False,False,True,False,0,0,0,0,0,0,0,0.0,7,0
940,37,Graduation,2,Single,57100.0,1,0,2,2014-05-18,3515,9,158,11,99,15,11,17,311,mid_value,3,2,7,2,14,store,False,False,True,False,0,0,0,0,0,0,0,0.0,3,0
3011,59,Graduation,2,Married,69139.0,0,1,2,2014-01-27,3626,23,86,12,75,33,15,6,227,mid_value,4,1,5,1,11,store,False,False,True,False,0,0,0,0,0,0,0,0.0,4,0
3298,68,Master,3,Married,52973.0,0,1,2,2012-11-08,4071,92,856,0,76,12,9,199,1152,high_value,9,6,9,7,31,web,False,False,False,True,0,0,0,0,0,0,0,0.0,8,0
8286,59,Phd,4,Together,51717.0,0,1,2,2013-08-20,3786,55,98,1,17,0,1,5,122,mid_value,3,0,4,1,8,store,False,False,True,False,0,0,0,1,0,0,1,0.16666666666666666,7,0
9668,53,Graduation,2,Married,18793.0,1,0,2,2013-01-12,4006,14,4,16,20,0,17,20,77,low_value,2,0,4,3,9,store,False,False,True,False,0,0,0,0,0,0,0,0.0,8,0
5120,42,2N Cycle,1,Together,66664.0,0,0,1,2012-09-25,4115,78,398,96,447,220,96,32,1289,high_value,5,7,6,1,19,catalog,True,False,False,False,0,0,0,0,0,0,0,0.0,3,0
6097,65,Graduation,2,Single,50664.0,1,1,3,2013-01-16,4002,64,313,8,104,6,4,126,561,mid_value,8,1,6,9,24,deals,False,True,False,False,0,0,0,0,0,0,0,0.0,9,0
7019,61,Graduation,2,Together,54414.0,1,1,3,2013-01-23,3995,49,109,18,16,24,26,18,211,mid_value,3,1,5,4,13,store,False,False,True,False,0,0,0,0,0,0,0,0.0,4,0
7408,72,Phd,4,Married,54549.0,0,1,2,2014-03-03,3591,8,216,2,6,0,0,9,233,mid_value,5,1,4,2,12,web,False,False,False,True,0,0,0,0,0,0,0,0.0,7,0
8041,53,Phd,4,Widow,47111.0,0,1,2,2012-09-08,4132,35,595,71,153,120,112,41,1092,high_value,3,2,10,6,21,store,False,False,True,False,0,0,0,0,0,0,0,0.0,9,0
252,61,Phd,4,Divorced,41003.0,0,0,1,2013-03-17,3942,11,123,133,142,71,44,88,601,mid_value,6,2,8,1,17,store,False,False,True,False,0,0,0,0,0,0,0,0.0,6,0
9986,42,Graduation,2,Together,19444.0,1,0,2,2014-02-22,3600,8,16,0,23,3,2,10,54,low_value,4,1,2,3,10,web,False,False,False,True,0,0,0,0,0,1,1,0.16666666666666666,7,0
3276,48,2N Cycle,1,Together,36301.0,1,0,2,2013-10-25,3720,53,11,12,35,3,5,12,78,low_value,3,0,3,1,7,web,False,False,False,True,0,0,0,0,0,0,0,0.0,7,0
3859,77,Phd,4,Together,73059.0,0,1,2,2013-08-31,3775,36,410,112,420,0,82,71,1095,high_value,9,3,13,1,26,store,False,False,True,False,0,0,0,0,0,0,0,0.0,4,0
3570,55,Phd,4,Together,42731.0,1,0,2,2013-10-21,3724,64,159,2,51,6,2,24,244,mid_value,4,1,5,3,13,store,False,False,True,False,0,0,0,0,0,0,0,0.0,5,0
3783,65,Phd,4,Married,52854.0,1,1,3,2014-03-24,3570,43,105,0,10,0,1,0,116,mid_value,2,1,4,2,9,store,False,False,True,False,0,0,0,0,0,0,0,0.0,5,0
10207,46,Graduation,2,Together,22775.0,1,0,2,2013-06-19,3848,40,5,1,8,0,0,1,15,low_value,1,0,2,1,4,store,False,False,True,False,0,0,0,0,0,0,0,0.0,8,0
10906,76,Phd,4,Together,46681.0,0,2,3,2013-10-08,3737,52,269,15,69,15,19,38,425,mid_value,4,6,4,2,16,catalog,True,False,False,False,0,0,0,0,0,0,0,0.0,5,0
3427,69,Phd,4,Married,59821.0,0,1,2,2013-04-12,3916,11,629,0,70,0,0,35,734,mid_value,11,2,7,6,26,web,False,False,False,True,0,0,0,0,0,0,0,0.0,8,0
5209,70,Graduation,2,Divorced,50002.0,0,1,2,2013-06-17,3850,21,443,5,71,21,16,82,638,mid_value,8,2,7,2,19,web,False,False,False,True,0,0,0,0,0,0,0,0.0,7,0
10711,79,Graduation,2,Married,69755.0,0,0,1,2013-10-02,3743,23,217,77,373,111,23,93,894,high_value,3,6,12,1,22,store,False,False,True,False,0,0,0,0,0,0,0,0.0,1,0
10785,55,Graduation,2,Married,44078.0,1,1,3,2014-06-19,3483,17,24,1,10,2,0,4,41,low_value,2,0,3,2,7,store,False,False,True,False,0,0,0,0,0,0,0,0.0,5,0
2814,48,Master,3,Together,30560.0,1,0,2,2013-06-27,3840,6,9,1,5,4,5,7,31,low_value,1,0,3,1,5,store,False,False,True,False,0,0,0,0,0,0,0,0.0,7,0
6866,55,Master,3,Together,35924.0,1,1,3,2014-03-23,3571,56,8,0,14,2,3,7,34,low_value,1,0,3,1,5,store,False,False,True,False,0,0,0,0,0,0,0,0.0,5,0
1665,60,Phd,4,Divorced,64140.0,0,2,3,2013-09-23,3752,71,1459,0,61,0,15,215,1750,high_value,2,5,6,5,18,store,False,False,True,False,0,1,1,0,1,1,4,0.6666666666666666,5,0
6575,43,Graduation,2,Together,56386.0,1,1,3,2012-10-27,4083,51,230,48,214,13,32,75,612,mid_value,9,1,7,8,25,web,False,False,False,True,0,0,0,0,0,0,0,0.0,9,0
3829,45,Basic,0,Together,24594.0,1,0,2,2013-12-10,3674,94,1,3,6,10,0,9,29,low_value,1,0,3,1,5,store,False,False,True,False,0,0,0,0,0,0,0,0.0,5,0
3091,43,2N Cycle,1,Together,75774.0,1,0,2,2014-05-02,3531,27,340,21,134,258,14,56,823,mid_value,7,5,8,1,21,store,False,False,True,False,0,0,0,0,0,0,0,0.0,4,0
10141,64,Master,3,Divorced,39228.0,0,0,1,2013-05-10,3888,1,7,1,6,0,3,3,20,low_value,0,0,3,1,4,store,False,False,True,False,0,0,0,0,0,0,0,0.0,4,0
5177,50,Master,3,Married,58494.0,0,1,2,2013-12-12,3672,56,298,7,68,4,0,19,396,mid_value,6,2,6,2,16,web,False,False,False,True,0,0,0,0,0,0,0,0.0,6,0
7005,43,Graduation,2,Single,58684.0,0,0,1,2014-06-16,3486,71,479,35,179,28,7,85,813,mid_value,5,3,12,1,21,store,False,False,True,False,0,0,0,1,0,0,1,0.16666666666666666,2,0
6409,57,Graduation,2,Divorced,57136.0,0,0,1,2013-05-18,3880,18,267,140,599,34,12,127,1179,high_value,7,5,7,1,20,web,False,False,False,True,0,0,0,0,0,1,1,0.16666666666666666,6,0
7485,74,Phd,4,Widow,56551.0,1,1,3,2014-05-07,3526,48,67,4,32,17,2,16,138,mid_value,2,1,4,3,10,store,False,False,True,False,0,0,0,0,0,0,0,0.0,4,0
8079,42,Graduation,2,Married,22448.0,1,0,2,2014-02-26,3596,86,3,1,8,23,2,18,55,low_value,2,1,3,3,9,store,False,False,True,False,0,0,0,0,0,0,0,0.0,3,0
8395,63,Graduation,2,Single,82014.0,0,0,1,2012-08-20,4151,48,980,37,265,35,163,31,1511,high_value,3,6,12,1,22,store,False,False,True,False,0,0,0,0,0,1,1,0.16666666666666666,6,0
10352,61,Graduation,2,Widow,34213.0,1,1,3,2012-09-07,4133,2,50,4,28,6,3,26,117,mid_value,3,1,2,3,9,web,False,False,False,True,0,0,0,0,0,1,1,0.16666666666666666,9,0
4931,47,Graduation,2,Together,157146.0,0,0,1,2013-04-29,3899,13,1,0,1725,2,1,1,1730,high_value,0,28,0,0,28,catalog,True,False,False,False,0,0,0,0,0,0,0,0.0,1,0
13,77,Phd,4,Widow,25358.0,0,1,2,2013-07-22,3815,57,19,0,5,0,0,8,32,low_value,1,0,3,2,6,store,False,False,True,False,0,0,0,0,0,0,0,0.0,6,0
1834,46,Master,3,Single,35544.0,1,0,2,2014-03-08,3586,77,30,5,23,4,1,4,67,low_value,2,0,3,1,6,store,False,False,True,False,0,0,0,0,0,0,0,0.0,7,0
2285,70,Master,3,Together,36634.0,0,1,2,2013-05-28,3870,0,213,9,76,4,3,30,335,mid_value,5,2,5,3,15,web,False,False,False,True,0,0,0,0,0,0,0,0.0,7,0
2295,70,Phd,4,Married,62670.0,0,1,2,2014-02-02,3620,57,539,30,92,80,46,38,825,mid_value,5,3,13,1,22,store,False,False,True,False,0,0,0,0,0,0,0,0.0,3,0
1378,52,2N Cycle,1,Together,50334.0,0,1,2,2013-07-24,3813,24,284,16,160,84,16,134,694,mid_value,7,4,6,6,23,web,False,False,False,True,0,0,0,0,0,0,0,0.0,6,0
2781,43,Graduation,2,Single,72066.0,0,0,1,2014-06-23,3479,55,1003,34,536,134,51,34,1792,high_value,4,6,6,1,17,catalog,True,False,False,False,1,0,0,0,1,1,3,0.5,2,0
1165,66,Phd,4,Single,50729.0,1,1,3,2013-05-02,3896,62,239,13,143,45,4,52,496,mid_value,6,2,7,9,24,deals,False,True,False,False,0,0,0,0,0,0,0,0.0,6,0
1404,56,Graduation,2,Together,34916.0,2,0,3,2013-05-15,3883,89,51,23,82,33,0,42,231,mid_value,5,1,3,4,13,web,False,False,False,True,0,0,0,0,0,0,0,0.0,9,0
6457,48,Graduation,2,Divorced,64892.0,0,1,2,2014-05-29,3504,77,527,24,230,32,24,65,902,high_value,6,4,12,2,24,store,False,False,True,False,0,0,0,0,0,0,0,0.0,4,0
2639,58,Graduation,2,Single,43602.0,1,1,3,2014-01-10,3643,45,19,5,12,10,3,19,68,low_value,3,1,2,3,9,web,False,False,False,True,0,0,0,0,0,0,0,0.0,6,0
8299,35,Phd,4,Single,33996.0,0,0,1,2013-09-11,3764,46,40,2,15,8,0,6,71,low_value,1,1,3,1,6,store,False,False,True,False,0,0,0,0,0,0,0,0.0,4,0
6437,39,2N Cycle,1,Single,41473.0,1,0,2,2013-06-19,3848,80,21,8,20,15,3,9,76,low_value,2,0,3,1,6,store,False,False,True,False,0,0,0,0,0,0,0,0.0,7,0
6912,57,Phd,4,Married,63246.0,0,2,3,2013-08-20,3786,60,593,30,91,29,22,7,772,mid_value,6,3,12,1,22,store,False,False,True,False,0,0,0,0,0,0,0,0.0,4,0
7327,65,Phd,4,Married,36732.0,1,1,3,2013-12-29,3655,71,21,5,3,10,1,7,47,low_value,1,1,4,3,9,store,False,False,True,False,0,0,0,0,0,0,0,0.0,2,0
5299,54,Phd,4,Married,69084.0,1,0,2,2013-11-19,3695,43,1181,107,199,39,30,30,1586,high_value,7,3,13,2,25,store,False,False,True,False,0,0,0,0,0,0,0,0.0,8,0
4127,57,Phd,4,Married,77766.0,0,1,2,2013-02-22,3965,97,1004,59,265,115,59,27,1529,high_value,11,10,11,2,34,web,False,False,False,True,0,0,1,0,0,1,2,0.3333333333333333,6,0
8143,39,Phd,4,Single,37929.0,0,0,1,2013-07-30,3807,49,202,2,46,3,2,10,265,mid_value,4,2,5,2,13,store,False,False,True,False,1,0,0,1,0,1,3,0.5,7,0
1964,73,Graduation,2,Together,86610.0,0,0,1,2013-09-05,3770,66,446,107,768,33,196,53,1603,high_value,5,6,6,1,18,catalog,True,False,False,False,0,0,0,0,0,0,0,0.0,2,0
3690,38,Master,3,Married,80141.0,0,0,1,2013-01-11,4007,20,1184,102,673,52,40,40,2091,high_value,7,4,10,1,22,store,False,False,True,False,0,0,0,0,1,1,2,0.3333333333333333,6,0
3433,69,2N Cycle,1,Married,72635.0,0,0,1,2013-06-03,3864,54,390,22,323,104,35,107,981,high_value,6,8,6,1,21,catalog,True,False,False,False,1,0,0,0,0,0,1,0.16666666666666666,3,0
3389,54,Graduation,2,Married,69016.0,0,1,2,2012-11-22,4057,61,726,53,363,123,107,161,1533,high_value,8,9,13,4,34,store,False,False,True,False,0,0,0,0,0,0,0,0.0,5,0
4712,33,2N Cycle,1,Together,20193.0,0,0,1,2012-11-28,4051,18,8,8,22,24,11,9,82,low_value,1,1,4,1,7,store,False,False,True,False,0,0,0,0,0,0,0,0.0,4,0
1170,49,Graduation,2,Married,27573.0,1,0,2,2013-03-25,3934,45,50,15,110,39,15,15,244,mid_value,5,1,4,4,14,web,False,False,False,True,0,0,0,0,0,0,0,0.0,8,0
6347,45,Basic,0,Single,15862.0,1,0,2,2013-06-27,3840,26,1,1,4,11,9,10,36,low_value,1,0,3,1,5,store,False,False,True,False,0,0,0,0,0,0,0,0.0,8,0
4065,48,Phd,4,Married,49544.0,1,0,2,2013-02-12,3975,0,308,0,73,0,0,23,404,mid_value,5,1,8,2,16,store,False,False,True,False,0,0,0,0,0,0,0,0.0,7,0
8230,44,Graduation,2,Married,33228.0,1,0,2,2014-01-23,3630,28,22,2,31,7,4,5,71,low_value,2,0,3,1,6,store,False,False,True,False,0,0,0,0,0,0,0,0.0,7,0
1215,46,Graduation,2,Together,70440.0,0,0,1,2013-10-08,3737,49,690,117,499,76,102,88,1572,high_value,5,10,7,1,23,catalog,True,False,False,False,1,0,0,0,0,0,1,0.16666666666666666,3,0
5939,53,Graduation,2,Together,38232.0,1,1,3,2014-01-17,3636,84,43,5,28,7,6,33,122,mid_value,3,1,3,4,11,deals,False,True,False,False,0,0,0,0,0,0,0,0.0,5,0
2156,69,Phd,4,Married,22554.0,1,1,3,2012-11-03,4076,38,27,0,10,0,0,4,41,low_value,2,0,4,4,10,store,False,False,True,False,0,0,0,0,0,0,0,0.0,5,0
7788,41,Phd,4,Married,23536.0,1,0,2,2014-06-04,3498,53,6,0,3,0,0,1,10,low_value,0,0,3,1,4,store,False,False,True,False,0,0,0,0,0,0,0,0.0,3,0
10323,72,Graduation,2,Married,49413.0,0,1,2,2013-10-25,3720,88,205,7,41,3,2,46,304,mid_value,4,2,5,2,13,store,False,False,True,False,0,0,0,0,0,0,0,0.0,5,0
7947,55,Graduation,2,Married,42231.0,1,1,3,2014-03-25,3569,99,24,0,8,0,1,4,37,low_value,1,0,3,1,5,store,False,False,True,False,0,0,0,0,0,0,0,0.0,5,0
1891,44,Master,3,Divorced,78789.0,0,0,1,2012-08-08,4163,12,667,50,850,21,83,83,1754,high_value,4,6,5,1,16,catalog,True,False,False,False,0,0,0,0,0,1,1,0.16666666666666666,2,0
2570,56,Graduation,2,Together,56534.0,0,1,2,2013-07-23,3814,35,691,7,61,10,0,46,815,mid_value,10,4,7,4,25,web,False,False,False,True,0,1,0,1,0,1,3,0.5,8,0
9256,53,Graduation,2,Single,58350.0,0,1,2,2013-01-04,4014,5,493,26,206,116,80,80,1001,high_value,8,3,12,4,27,store,False,False,True,False,0,0,0,0,0,0,0,0.0,6,0
295,35,Graduation,2,Single,81217.0,0,0,1,2013-07-19,3818,77,493,70,324,146,40,84,1157,high_value,3,7,11,1,22,store,False,False,True,False,0,0,0,0,0,0,0,0.0,1,0
7397,73,Graduation,2,Single,49090.0,0,1,2,2013-07-19,3818,45,494,5,82,7,0,100,688,mid_value,7,2,9,3,21,store,False,False,True,False,0,0,0,0,0,0,0,0.0,7,0
6349,37,Master,3,Divorced,61787.0,0,0,1,2013-07-06,3831,71,621,73,414,78,48,85,1319,high_value,8,4,6,1,19,web,False,False,False,True,0,0,0,0,0,0,0,0.0,5,0
10790,39,Phd,4,Married,18169.0,1,0,2,2013-02-19,3968,40,9,0,5,0,0,7,21,low_value,1,0,2,1,4,store,False,False,True,False,0,0,0,0,0,0,0,0.0,8,0
10398,43,2N Cycle,1,Single,24336.0,1,0,2,2012-08-27,4144,82,1,6,2,8,2,12,31,low_value,1,0,2,1,4,store,False,False,True,False,0,0,0,0,0,0,0,0.0,7,0
2431,34,Graduation,2,Married,18222.0,0,0,1,2012-12-31,4018,70,12,4,19,12,6,14,67,low_value,2,0,3,1,6,store,False,False,True,False,0,0,0,0,0,0,0,0.0,8,0
550,72,Graduation,2,Divorced,62335.0,0,1,2,2013-05-23,3875,87,243,131,217,85,6,26,708,mid_value,3,3,13,2,21,store,False,False,True,False,0,0,0,0,0,0,0,0.0,2,0
1890,53,2N Cycle,1,Together,42033.0,1,1,3,2012-09-19,4121,95,11,1,4,2,0,7,25,low_value,1,0,2,1,4,store,False,False,True,False,0,0,0,0,0,0,0,0.0,7,0
10742,41,Phd,4,Married,86580.0,0,0,1,2013-02-27,3960,72,532,21,127,26,20,20,746,mid_value,4,2,5,0,11,store,False,False,True,False,0,0,0,0,1,0,1,0.16666666666666666,1,0
10356,67,Phd,4,Divorced,41437.0,1,1,3,2012-09-22,4118,5,29,0,2,0,0,1,32,low_value,1,0,3,1,5,store,False,False,True,False,0,0,0,0,0,0,0,0.0,7,0
4676,73,Master,3,Widow,73705.0,0,2,3,2014-03-05,3589,86,612,91,520,258,107,107,1695,high_value,9,6,8,2,25,web,False,False,False,True,0,0,0,0,0,0,0,0.0,5,0
8852,48,Graduation,2,Married,61064.0,0,1,2,2012-08-31,4140,80,387,126,342,0,45,180,1080,high_value,8,4,11,5,28,store,False,False,True,False,0,0,0,0,0,0,0,0.0,6,0
3565,69,Master,3,Married,38452.0,1,1,3,2014-03-30,3564,62,56,0,14,0,0,2,72,low_value,3,0,3,3,9,web,False,False,False,True,0,0,0,0,0,0,0,0.0,7,0
5294,35,Graduation,2,Single,18358.0,1,0,2,2013-11-20,3694,49,6,8,19,16,4,4,57,low_value,3,0,4,3,10,store,False,False,True,False,0,0,0,0,0,0,0,0.0,7,0
1958,51,Phd,4,Together,55012.0,0,1,2,2014-03-21,3573,85,582,0,65,0,0,13,660,mid_value,8,2,9,6,25,store,False,False,True,False,0,0,0,0,0,0,0,0.0,5,0
7349,51,Basic,0,Together,9722.0,1,0,2,2012-10-02,4108,7,6,17,16,6,16,42,103,low_value,3,1,3,4,11,deals,False,True,False,False,0,0,0,0,0,1,1,0.16666666666666666,8,0
8799,40,Phd,4,Married,38175.0,1,0,2,2013-09-23,3752,6,70,6,69,2,3,3,153,mid_value,3,1,4,3,11,store,False,False,True,False,0,0,0,0,0,0,0,0.0,7,0
1351,68,Master,3,Together,58656.0,0,1,2,2012-09-20,4120,25,962,12,194,16,24,12,1220,high_value,7,8,13,4,32,store,False,False,True,False,0,0,0,0,1,0,1,0.16666666666666666,6,0
1045,59,Graduation,2,Together,52117.0,0,1,2,2012-08-16,4155,55,112,10,107,30,0,20,279,mid_value,5,2,4,2,13,web,False,False,False,True,0,0,0,0,0,0,0,0.0,7,0
7732,46,Graduation,2,Married,64813.0,1,0,2,2014-01-02,3651,81,293,0,124,179,97,52,745,mid_value,7,2,10,1,20,store,False,False,True,False,0,0,0,0,0,0,0,0.0,5,0
8070,51,Phd,4,Married,54222.0,0,1,2,2014-03-01,3593,98,199,12,31,3,12,7,264,mid_value,3,3,5,1,12,store,False,False,True,False,0,0,0,0,0,0,0,0.0,3,0
477,38,Graduation,2,Married,83512.0,0,0,1,2014-06-17,3485,31,1060,61,835,80,20,101,2157,high_value,4,7,10,1,22,store,False,False,True,False,1,1,1,0,1,1,5,0.8333333333333334,1,0
7832,65,Master,3,Married,77520.0,0,1,2,2013-08-28,3778,30,940,44,396,0,88,58,1526,high_value,8,7,7,1,23,web,False,False,False,True,1,0,1,0,1,1,4,0.6666666666666666,4,0
2202,46,Graduation,2,Together,41154.0,0,1,2,2013-04-09,3919,98,44,2,11,2,3,7,69,low_value,1,0,4,1,6,store,False,False,True,False,0,0,0,0,0,0,0,0.0,5,0
7396,58,Graduation,2,Married,80398.0,0,0,1,2012-11-10,4069,92,342,51,936,207,35,26,1597,high_value,5,8,12,1,26,store,False,False,True,False,0,0,0,0,1,0,1,0.16666666666666666,3,0
4055,32,Basic,0,Single,18746.0,1,0,2,2014-05-29,3504,41,2,10,11,12,9,20,64,low_value,3,0,3,2,8,web,False,False,False,True,0,0,0,0,0,0,0,0.0,6,0
10340,40,Graduation,2,Together,35196.0,1,0,2,2012-11-13,4066,68,75,12,141,43,39,187,497,mid_value,6,1,5,6,18,web,False,False,False,True,0,0,0,0,0,0,0,0.0,8,0
10091,68,Graduation,2,Single,60230.0,0,1,2,2013-05-20,3878,78,520,20,367,39,81,40,1067,high_value,6,3,6,2,17,web,False,False,False,True,0,0,0,0,0,0,0,0.0,5,0
7629,47,Graduation,2,Married,22108.0,1,1,3,2014-05-08,3525,46,5,3,9,6,2,6,31,low_value,2,0,3,2,7,store,False,False,True,False,0,0,0,0,0,0,0,0.0,7,0
10640,50,Graduation,2,Together,44392.0,1,1,3,2013-09-05,3770,71,87,5,71,7,12,29,211,mid_value,4,1,4,5,14,deals,False,True,False,False,0,0,0,0,0,0,0,0.0,7,0
3498,48,Phd,4,Married,55424.0,0,1,2,2012-11-25,4054,6,462,61,184,10,53,107,877,high_value,7,5,9,4,25,store,False,False,True,False,0,0,1,0,0,1,2,0.3333333333333333,6,0
6742,45,Graduation,2,Married,17688.0,1,0,2,2013-01-13,4005,82,2,2,1,3,1,2,11,low_value,1,0,2,1,4,store,False,False,True,False,0,0,0,0,0,0,0,0.0,8,1
1172,41,Phd,4,Married,92491.0,0,0,1,2013-05-01,3897,71,979,44,935,29,25,22,2034,high_value,7,5,12,1,25,store,False,False,True,False,1,0,0,1,1,1,4,0.6666666666666666,3,0
569,33,Graduation,2,Single,90273.0,0,0,1,2013-12-14,3670,32,704,129,853,120,74,111,1991,high_value,5,6,7,1,19,store,False,False,True,False,1,0,0,1,1,1,4,0.6666666666666666,2,0
4686,62,Phd,4,Widow,82571.0,0,0,1,2014-04-02,3561,28,861,31,558,62,95,79,1686,high_value,6,5,13,0,24,store,False,False,True,False,0,0,0,0,1,0,1,0.16666666666666666,2,0
1381,42,Phd,4,Single,38513.0,1,0,2,2014-01-28,3625,20,172,3,115,16,0,18,324,mid_value,6,1,5,5,17,web,False,False,False,True,0,0,0,0,0,1,1,0.16666666666666666,8,0
2634,45,Master,3,Single,16653.0,1,0,2,2014-04-18,3545,10,5,7,31,15,4,7,69,low_value,2,1,3,3,9,store,False,False,True,False,0,0,0,0,0,1,1,0.16666666666666666,6,0
10905,69,Graduation,2,Together,42586.0,1,1,3,2012-10-29,4081,7,194,2,56,0,0,0,252,mid_value,4,1,6,5,16,store,False,False,True,False,0,0,0,0,0,1,1,0.16666666666666666,8,0
1744,59,Basic,0,Single,23529.0,0,1,2,2013-01-07,4011,67,9,7,13,3,2,20,54,low_value,1,1,2,1,5,store,False,False,True,False,0,0,0,0,0,0,0,0.0,6,0
1000,63,Master,3,Together,74881.0,1,1,3,2013-03-08,3951,48,505,72,270,36,27,54,964,high_value,9,2,12,4,27,store,False,False,True,False,0,0,0,0,0,0,0,0.0,5,0
3828,73,Graduation,2,Married,71107.0,0,1,2,2013-02-17,3970,61,533,10,217,198,174,195,1327,high_value,7,6,13,2,28,store,False,False,True,False,0,0,0,0,0,0,0,0.0,4,0
8605,60,Phd,4,Together,46910.0,1,1,3,2014-03-23,3571,36,48,0,14,0,0,6,68,low_value,2,0,3,2,7,store,False,False,True,False,0,0,0,0,0,0,0,0.0,6,0
10304,65,Graduation,2,Married,18690.0,0,0,1,2012-12-28,4021,77,6,1,7,23,4,19,60,low_value,1,1,2,1,5,store,False,False,True,False,0,0,0,0,0,0,0,0.0,8,0
4351,69,Graduation,2,Divorced,37244.0,1,1,3,2013-04-27,3901,90,18,2,10,0,0,25,55,low_value,1,1,2,1,5,store,False,False,True,False,0,0,1,0,0,0,1,0.16666666666666666,7,0
10129,58,Graduation,2,Together,82427.0,0,0,1,2014-03-12,3582,35,482,147,509,104,107,107,1456,high_value,3,5,12,1,21,store,False,False,True,False,0,0,0,0,1,0,1,0.16666666666666666,1,0
2499,66,2N Cycle,1,Single,75342.0,0,1,2,2013-05-06,3892,38,204,97,97,21,118,26,563,mid_value,5,2,10,1,18,store,False,False,True,False,0,0,0,0,0,0,0,0.0,4,0
10092,70,Graduation,2,Divorced,70044.0,0,1,2,2013-02-18,3969,46,1073,0,250,153,14,14,1504,high_value,7,10,5,4,26,catalog,True,False,False,False,0,0,0,0,0,0,0,0.0,5,0
7500,57,Graduation,2,Single,79146.0,1,1,3,2014-04-24,3539,33,245,16,223,21,43,16,564,mid_value,8,1,8,2,19,web,False,False,False,True,0,0,0,0,0,0,0,0.0,6,0
5796,61,Graduation,2,Married,77437.0,0,0,1,2013-11-26,3688,70,560,21,442,29,44,29,1125,high_value,4,5,13,1,23,store,False,False,True,False,0,0,0,0,1,0,1,0.16666666666666666,1,0
10556,65,Graduation,2,Married,54984.0,0,1,2,2014-05-24,3509,51,173,13,131,32,3,6,358,mid_value,6,1,6,4,17,web,False,False,False,True,1,0,0,0,0,0,1,0.16666666666666666,7,0
1064,53,Phd,4,Married,42403.0,1,0,2,2013-12-11,3673,18,22,1,11,0,5,3,42,low_value,1,0,3,1,5,store,False,False,True,False,0,0,0,0,0,0,0,0.0,8,0
48,60,Graduation,2,Together,55761.0,0,1,2,2014-04-24,3539,97,136,1,12,0,3,32,184,mid_value,4,1,3,2,10,web,False,False,False,True,0,0,0,1,0,0,1,0.16666666666666666,6,0
7610,41,Graduation,2,Together,37292.0,1,0,2,2013-04-18,3910,32,275,0,86,10,23,66,460,mid_value,6,3,5,5,19,web,False,False,False,True,0,0,0,0,0,0,0,0.0,8,0
263,79,Phd,4,Single,45576.0,0,0,1,2014-05-28,3505,9,56,19,29,2,14,25,145,mid_value,3,1,3,1,8,web,False,False,False,True,0,0,0,0,0,1,1,0.16666666666666666,8,0
10814,77,Graduation,2,Together,70321.0,0,0,1,2013-01-16,4002,6,303,23,751,82,26,191,1376,high_value,6,5,13,1,25,store,False,False,True,False,0,0,0,0,0,1,1,0.16666666666666666,4,0
9710,55,Phd,4,Divorced,58086.0,0,1,2,2013-01-20,3998,80,708,7,62,0,0,15,792,mid_value,11,3,7,2,23,web,False,False,False,True,0,0,0,0,0,0,0,0.0,8,0
9292,72,Graduation,2,Married,81795.0,0,0,1,2012-10-26,4084,74,324,132,693,27,118,88,1382,high_value,4,11,7,1,23,catalog,True,False,False,False,0,0,0,0,0,0,0,0.0,2,0
10250,77,Basic,0,Together,28389.0,0,0,1,2012-11-20,4059,49,1,5,3,7,4,8,28,low_value,1,0,2,1,4,store,False,False,True,False,0,0,0,0,0,0,0,0.0,7,0
7881,78,Master,3,Married,66835.0,0,0,1,2013-09-28,3747,21,620,26,195,34,17,141,1033,high_value,6,4,13,1,24,store,False,False,True,False,0,0,0,0,0,0,0,0.0,2,0
5847,55,Graduation,2,Divorced,69901.0,0,1,2,2013-05-29,3869,95,312,21,206,102,92,149,882,high_value,7,3,10,3,23,store,False,False,True,False,0,0,0,0,0,0,0,0.0,5,0
737,75,Phd,4,Married,80360.0,0,0,1,2013-03-03,3956,56,1493,86,454,112,43,43,2231,high_value,4,4,5,2,15,store,False,False,True,False,1,0,0,1,1,0,3,0.5,2,0
3571,63,Phd,4,Together,63342.0,0,1,2,2012-10-16,4094,48,918,21,118,13,10,21,1101,high_value,8,3,5,3,19,web,False,False,False,True,0,0,0,1,0,1,2,0.3333333333333333,6,0
7807,50,Graduation,2,Married,44989.0,0,1,2,2012-09-12,4128,26,98,0,106,49,10,106,369,mid_value,5,1,5,5,16,web,False,False,False,True,0,0,0,0,0,0,0,0.0,6,0
3878,44,2N Cycle,1,Single,31859.0,1,0,2,2014-02-27,3595,3,3,4,7,15,8,11,48,low_value,1,0,3,1,5,store,False,False,True,False,0,0,0,0,0,0,0,0.0,7,0
5092,75,Phd,4,Widow,51569.0,0,1,2,2013-02-12,3975,39,380,0,47,6,0,34,467,mid_value,7,1,7,4,19,web,False,False,False,True,0,0,0,1,0,1,2,0.3333333333333333,8,0
2154,53,Graduation,2,Widow,30372.0,1,1,3,2012-12-25,4024,33,15,0,12,7,3,7,44,low_value,2,0,3,3,8,store,False,False,True,False,0,0,0,0,0,0,0,0.0,7,0
5394,45,Basic,0,Single,16014.0,1,1,3,2013-03-17,3942,42,3,9,4,7,8,7,38,low_value,1,1,4,4,10,store,False,False,True,False,0,0,0,0,0,0,0,0.0,3,0
3798,56,Graduation,2,Married,41120.0,1,1,3,2013-11-06,3708,80,24,2,23,0,8,24,81,low_value,2,1,3,3,9,store,False,False,True,False,0,0,0,0,0,0,0,0.0,6,0
3524,53,Master,3,Single,39763.0,1,0,2,2013-08-04,3802,9,80,1,60,4,6,16,167,mid_value,5,1,2,2,10,web,False,False,False,True,0,0,0,0,0,1,1,0.16666666666666666,9,0
5247,69,Phd,4,Married,38725.0,1,1,3,2014-05-10,3523,52,31,0,6,2,1,5,45,low_value,1,0,4,2,7,store,False,False,True,False,0,0,0,0,0,0,0,0.0,4,0
5883,52,Graduation,2,Married,77981.0,1,0,2,2013-05-26,3872,78,138,120,204,16,126,60,664,mid_value,7,4,7,3,21,web,False,False,False,True,0,0,0,0,0,0,0,0.0,5,0
2118,60,2N Cycle,1,Married,62905.0,0,1,2,2013-09-10,3765,68,166,75,96,119,107,59,622,mid_value,7,2,8,3,20,store,False,False,True,False,0,0,0,0,0,0,0,0.0,4,0
8812,45,2N Cycle,1,Divorced,13533.0,1,0,2,2013-03-10,3949,45,12,3,8,8,0,17,48,low_value,2,0,3,2,7,store,False,False,True,False,0,0,0,0,0,0,0,0.0,7,0
6616,49,Graduation,2,Together,59481.0,0,1,2,2013-10-23,3722,47,178,3,85,71,66,58,461,mid_value,3,3,8,2,16,store,False,False,True,False,0,0,0,0,0,0,0,0.0,2,0
2797,47,Graduation,2,Married,72117.0,0,1,2,2013-08-20,3786,34,707,20,171,65,60,50,1073,high_value,9,7,9,1,26,web,False,False,False,True,0,0,0,0,0,0,0,0.0,5,0
4328,38,2N Cycle,1,Married,21955.0,1,0,2,2013-09-07,3768,81,5,1,7,17,14,11,55,low_value,2,1,3,2,8,store,False,False,True,False,0,0,0,0,0,0,0,0.0,6,0
9167,68,Graduation,2,Married,67131.0,0,1,2,2013-03-26,3933,72,465,71,250,93,35,62,976,high_value,9,2,12,3,26,store,False,False,True,False,0,0,0,0,0,0,0,0.0,6,0
10560,44,Phd,4,Single,36802.0,1,0,2,2014-06-16,3486,23,16,1,2,0,0,1,20,low_value,1,0,3,1,5,store,False,False,True,False,0,0,0,0,0,0,0,0.0,5,0
2631,42,Graduation,2,Together,71853.0,0,0,1,2013-05-08,3890,29,358,108,413,141,97,32,1149,high_value,2,8,6,1,17,catalog,True,False,False,False,0,0,0,0,0,0,0,0.0,1,0
8312,63,Basic,0,Married,28249.0,0,0,1,2014-06-15,3487,80,1,9,7,2,14,10,43,low_value,2,0,3,1,6,store,False,False,True,False,0,0,0,0,0,0,0,0.0,6,0
5534,49,Master,3,Married,47808.0,0,1,2,2013-10-20,3725,30,123,1,26,2,0,72,224,mid_value,3,2,3,2,10,web,False,False,False,True,0,0,1,0,0,0,1,0.16666666666666666,7,0
5093,50,Phd,4,Divorced,25509.0,1,0,2,2012-09-18,4122,15,40,3,30,10,7,11,101,low_value,3,0,3,3,9,web,False,False,False,True,0,0,0,0,0,1,1,0.16666666666666666,9,0
7592,78,Phd,4,Married,51012.0,0,0,1,2013-04-18,3910,86,102,9,63,2,9,24,209,mid_value,4,1,4,1,10,web,False,False,False,True,0,0,0,0,0,0,0,0.0,6,0
8895,39,Graduation,2,Single,70596.0,0,0,1,2012-10-05,4105,68,347,44,534,17,0,26,968,high_value,3,5,12,1,21,store,False,False,True,False,0,0,0,0,0,0,0,0.0,2,0
8584,72,Phd,4,Together,85431.0,0,0,1,2013-06-08,3859,54,376,53,462,168,53,53,1165,high_value,2,7,7,1,17,catalog,True,False,False,False,0,0,0,0,0,0,0,0.0,0,0
2694,57,Graduation,2,Married,42664.0,0,1,2,2014-03-18,3576,44,21,0,3,0,0,0,24,low_value,1,0,3,1,5,store,False,False,True,False,0,0,0,0,0,0,0,0.0,6,0
8910,69,Graduation,2,Together,42586.0,1,1,3,2012-10-29,4081,7,194,2,56,0,0,0,252,mid_value,4,1,6,5,16,store,False,False,True,False,0,0,0,0,0,1,1,0.16666666666666666,8,0
7433,39,Graduation,2,Single,29760.0,1,0,2,2012-08-29,4142,87,64,4,68,7,5,17,165,mid_value,3,1,4,4,12,store,False,False,True,False,0,0,0,0,0,0,0,0.0,8,0
164,47,Phd,4,Married,28973.0,0,0,1,2012-10-13,4097,59,206,0,46,3,2,12,269,mid_value,5,1,5,2,13,web,False,False,False,True,0,0,0,0,0,0,0,0.0,8,0
10477,51,Phd,4,Together,39435.0,1,0,2,2013-08-06,3800,16,71,0,18,0,0,13,102,low_value,3,1,2,1,7,web,False,False,False,True,0,0,0,0,0,0,0,0.0,7,0
2681,40,2N Cycle,1,Married,65370.0,0,0,1,2013-08-01,3805,1,71,22,112,138,89,29,461,mid_value,2,3,13,1,19,store,False,False,True,False,0,0,0,0,0,0,0,0.0,1,0
5150,45,Basic,0,Single,20194.0,1,0,2,2012-12-17,4032,64,0,4,7,11,10,15,47,low_value,2,0,3,2,7,store,False,False,True,False,0,0,0,0,0,0,0,0.0,6,0
5283,48,Phd,4,Single,42473.0,1,1,3,2014-02-17,3605,72,93,1,21,0,4,25,144,mid_value,2,1,4,3,10,store,False,False,True,False,0,0,0,0,0,0,0,0.0,5,0
9645,56,Graduation,2,Married,64590.0,0,0,1,2012-10-14,4096,98,920,138,168,36,46,30,1338,high_value,9,4,10,1,24,store,False,False,True,False,0,0,0,0,0,0,0,0.0,6,0
10678,65,Graduation,2,Together,71232.0,0,1,2,2013-11-28,3686,91,653,17,170,34,26,17,917,high_value,11,2,10,2,25,web,False,False,False,True,0,0,0,0,0,0,0,0.0,7,0
7261,53,Graduation,2,Together,34600.0,1,1,3,2013-01-01,4017,8,199,33,60,8,3,15,318,mid_value,5,2,5,5,17,web,False,False,False,True,0,0,0,0,0,1,1,0.16666666666666666,8,0
9648,57,Graduation,2,Single,46904.0,1,1,3,2012-11-03,4076,20,153,4,56,0,9,31,253,mid_value,5,1,4,4,14,web,False,False,False,True,0,0,0,0,0,0,0,0.0,8,0
2870,51,Graduation,2,Married,49094.0,0,1,2,2012-09-21,4119,6,376,0,38,11,8,69,502,mid_value,6,3,6,5,20,web,False,False,False,True,0,0,0,0,0,0,0,0.0,6,0
8008,41,Graduation,2,Together,36075.0,1,0,2,2013-12-09,3675,54,46,0,30,12,1,30,119,mid_value,2,0,4,1,7,store,False,False,True,False,0,0,0,0,0,0,0,0.0,6,0
1513,45,2N Cycle,1,Together,60839.0,1,1,3,2012-08-28,4143,72,600,21,128,223,150,128,1250,high_value,2,2,12,13,29,deals,False,True,False,False,0,0,0,0,0,0,0,0.0,8,0
6173,45,Graduation,2,Together,77298.0,0,1,2,2013-11-02,3712,46,425,115,292,23,35,79,969,high_value,6,6,11,1,24,store,False,False,True,False,0,0,0,0,0,0,0,0.0,3,0
1419,74,Graduation,2,Together,34026.0,1,1,3,2013-08-05,3801,11,18,6,15,12,8,17,76,low_value,2,1,3,3,9,store,False,False,True,False,0,0,0,0,0,0,0,0.0,5,0
9150,61,Phd,4,Single,48918.0,1,1,3,2014-04-12,3551,21,52,0,9,0,0,1,62,low_value,1,0,4,2,7,store,False,False,True,False,0,0,0,0,0,0,0,0.0,4,0
7960,62,2N Cycle,1,Together,82122.0,0,0,1,2013-08-15,3791,89,734,22,350,151,25,100,1382,high_value,3,9,13,1,26,store,False,False,True,False,0,0,0,0,1,0,1,0.16666666666666666,1,0
1250,48,Graduation,2,Single,37697.0,1,0,2,2014-02-07,3615,82,34,6,21,11,4,8,84,low_value,2,1,3,1,7,store,False,False,True,False,0,0,0,0,0,0,0,0.0,6,0
9905,72,Graduation,2,Together,34074.0,1,1,3,2013-07-13,3824,69,135,1,41,10,1,67,255,mid_value,3,3,3,5,14,deals,False,True,False,False,0,0,1,0,0,0,1,0.16666666666666666,6,0
10691,64,Master,3,Married,28520.0,1,1,3,2013-06-14,3853,55,11,0,10,0,2,20,43,low_value,1,1,2,1,5,store,False,False,True,False,0,0,0,0,0,0,0,0.0,6,0
7002,69,Graduation,2,Single,62535.0,0,1,2,2013-10-03,3742,13,163,48,90,0,45,52,398,mid_value,3,2,8,1,14,store,False,False,True,False,0,0,0,0,0,0,0,0.0,3,0
2952,47,Master,3,Single,36273.0,1,0,2,2014-04-16,3547,80,29,3,30,3,2,9,76,low_value,3,0,3,2,8,web,False,False,False,True,0,0,0,0,0,0,0,0.0,6,0
8439,60,Graduation,2,Together,63404.0,0,2,3,2014-06-06,3496,97,734,26,70,11,44,17,902,high_value,6,3,4,2,15,web,False,False,False,True,1,0,0,0,0,0,1,0.16666666666666666,4,0
762,43,2N Cycle,1,Together,75774.0,1,0,2,2014-05-02,3531,27,340,21,134,258,14,56,823,mid_value,7,5,8,1,21,store,False,False,True,False,0,0,0,0,0,0,0,0.0,4,0
2831,48,Graduation,2,Together,78416.0,0,1,2,2014-06-27,3475,99,453,38,279,188,38,183,1179,high_value,7,7,10,2,26,store,False,False,True,False,0,0,0,0,0,0,0,0.0,3,0
6977,50,Graduation,2,Together,75702.0,0,1,2,2012-10-14,4096,87,1073,0,629,145,37,37,1921,high_value,10,5,13,1,29,store,False,False,True,False,0,0,0,0,1,0,1,0.16666666666666666,6,0
6289,73,Master,3,Together,59385.0,1,1,3,2013-04-28,3900,85,135,0,10,0,4,36,185,mid_value,3,1,4,2,10,store,False,False,True,False,0,0,0,0,0,0,0,0.0,5,0
4168,58,Graduation,2,Single,37070.0,1,1,3,2013-03-20,3939,30,231,7,137,4,15,39,433,mid_value,5,1,8,9,23,deals,False,True,False,False,0,0,0,0,0,1,1,0.16666666666666666,7,0
8397,73,Graduation,2,Married,44689.0,1,1,3,2014-01-10,3643,82,18,0,5,0,0,11,34,low_value,1,1,2,2,6,store,False,False,True,False,0,0,1,0,0,0,1,0.16666666666666666,7,0
9284,66,Graduation,2,Together,53977.0,0,1,2,2013-06-08,3859,21,620,16,165,0,24,82,907,high_value,5,5,12,5,27,store,False,False,True,False,0,0,0,0,0,0,0,0.0,5,0
6237,58,Phd,4,Single,7144.0,0,2,3,2013-12-07,3677,92,81,4,33,5,2,291,416,mid_value,23,1,1,0,25,web,False,False,False,True,0,0,0,0,0,0,0,0.0,0,0
3130,60,Graduation,2,Single,18701.0,1,1,3,2013-06-04,3863,95,12,4,2,10,6,10,44,low_value,2,0,4,4,10,store,False,False,True,False,0,0,0,0,0,0,0,0.0,5,0
1619,68,Graduation,2,Married,90369.0,0,0,1,2014-04-28,3535,2,292,51,981,224,23,17,1588,high_value,4,6,6,1,17,catalog,True,False,False,False,0,0,0,0,0,1,1,0.16666666666666666,1,0
1990,50,Phd,4,Single,63159.0,0,0,1,2012-11-05,4074,74,965,34,586,89,86,37,1797,high_value,3,5,8,1,17,store,False,False,True,False,0,0,1,0,0,0,1,0.16666666666666666,3,0
5513,58,Graduation,2,Together,37758.0,1,1,3,2012-10-04,4106,49,27,2,10,0,0,1,40,low_value,1,0,3,2,6,store,False,False,True,False,0,0,0,0,0,0,0,0.0,8,0
269,61,Phd,4,Single,46757.0,0,1,2,2012-11-16,4063,71,777,30,163,0,51,122,1143,high_value,4,4,7,6,21,store,False,False,True,False,0,0,0,0,0,0,0,0.0,9,0
8093,55,Master,3,Married,79734.0,0,0,1,2014-06-28,3474,72,572,8,232,23,62,17,914,high_value,4,3,6,1,14,store,False,False,True,False,1,0,0,0,0,0,1,0.16666666666666666,1,0
10513,32,Graduation,2,Together,63207.0,0,0,1,2013-01-20,3998,68,438,169,565,91,169,70,1502,high_value,2,3,6,1,12,store,False,False,True,False,1,0,0,0,0,0,1,0.16666666666666666,7,0
10177,70,Graduation,2,Divorced,72071.0,0,1,2,2013-02-14,3973,4,531,69,300,150,138,150,1338,high_value,5,4,8,3,20,store,False,False,True,False,0,0,0,0,0,0,0,0.0,2,0
2549,41,Phd,4,Together,21840.0,1,0,2,2013-07-21,3816,80,17,0,9,0,0,1,27,low_value,1,0,3,1,5,store,False,False,True,False,0,0,0,0,0,0,0,0.0,9,0
5782,42,2N Cycle,1,Together,58582.0,0,1,2,2013-09-28,3747,15,402,35,106,101,77,42,763,mid_value,9,2,9,2,22,web,False,False,False,True,0,0,0,1,0,0,1,0.16666666666666666,5,0
10057,73,Graduation,2,Single,72282.0,0,0,1,2013-07-19,3818,70,503,27,419,90,139,153,1331,high_value,5,7,9,1,22,store,False,False,True,False,0,0,0,0,0,1,1,0.16666666666666666,7,0
10307,68,Graduation,2,Married,50387.0,0,2,3,2013-08-31,3775,91,369,9,87,12,14,34,525,mid_value,6,2,8,3,19,store,False,False,True,False,0,0,0,0,0,0,0,0.0,5,0
8566,63,Phd,4,Together,32583.0,1,1,3,2014-06-15,3487,10,5,0,3,0,0,1,9,low_value,1,0,2,1,4,store,False,False,True,False,0,0,0,0,0,0,0,0.0,7,0
2415,62,Graduation,2,Together,62568.0,0,1,2,2014-04-07,3556,99,362,17,398,80,35,61,953,high_value,5,3,5,3,16,web,False,False,False,True,1,0,0,0,0,0,1,0.16666666666666666,4,0
5684,53,Master,3,Divorced,44635.0,1,1,3,2013-10-11,3734,25,56,0,9,0,0,3,68,low_value,2,0,3,2,7,store,False,False,True,False,0,0,0,0,0,0,0,0.0,7,0
8334,53,Master,3,Single,33316.0,1,1,3,2013-10-04,3741,34,79,1,31,4,4,12,131,mid_value,2,1,4,3,10,store,False,False,True,False,0,0,0,0,0,0,0,0.0,6,0
9166,56,Graduation,2,Married,63967.0,0,1,2,2013-08-09,3797,57,387,84,141,73,35,162,882,high_value,4,4,12,3,23,store,False,False,True,False,0,0,0,0,0,0,0,0.0,2,0
1440,46,2N Cycle,1,Together,52513.0,0,0,1,2012-09-04,4136,84,367,17,241,104,188,232,1149,high_value,9,5,9,2,25,web,False,False,False,True,0,0,0,0,0,0,0,0.0,7,0
78,55,Graduation,2,Married,25293.0,1,0,2,2013-09-15,3760,51,15,0,11,0,2,9,37,low_value,1,1,2,1,5,store,False,False,True,False,0,0,0,0,0,0,0,0.0,8,0
5441,59,Phd,4,Widow,54111.0,0,1,2,2013-08-25,3781,97,267,6,54,8,3,50,388,mid_value,5,2,6,2,15,store,False,False,True,False,0,0,0,0,0,0,0,0.0,5,0
5302,38,Graduation,2,Together,78394.0,0,0,1,2013-02-15,3972,13,298,27,697,216,24,166,1428,high_value,4,6,5,1,16,catalog,True,False,False,False,0,0,0,0,0,1,1,0.16666666666666666,2,0
4687,66,Master,3,Married,80739.0,0,0,1,2013-05-23,3875,92,674,92,736,39,0,92,1633,high_value,3,11,9,1,24,catalog,True,False,False,False,0,0,0,0,0,0,0,0.0,1,0
1087,49,Master,3,Together,22669.0,1,0,2,2013-05-22,3876,30,16,14,36,37,22,48,173,mid_value,4,1,2,3,10,web,False,False,False,True,0,0,0,0,0,1,1,0.16666666666666666,9,0
6859,37,Graduation,2,Single,29236.0,1,0,2,2013-10-08,3737,30,37,4,24,16,9,9,99,low_value,4,0,3,2,9,web,False,False,False,True,0,0,0,0,0,0,0,0.0,9,0
9860,65,Graduation,2,Together,44911.0,0,1,2,2013-03-15,3944,11,159,0,22,2,1,31,215,mid_value,4,1,4,3,12,web,False,False,False,True,0,0,0,0,0,0,0,0.0,7,0
7129,62,Phd,4,Married,54693.0,0,1,2,2013-02-17,3970,72,686,17,142,23,26,35,929,high_value,6,4,13,8,31,store,False,False,True,False,0,0,0,0,0,0,0,0.0,6,0
5866,50,Graduation,2,Together,48186.0,1,0,2,2014-03-20,3574,39,97,3,66,12,7,34,219,mid_value,4,1,4,3,12,web,False,False,False,True,0,0,0,0,0,0,0,0.0,7,0
10521,47,Graduation,2,Married,54809.0,1,1,3,2013-09-11,3764,0,63,6,57,13,13,22,174,mid_value,2,1,5,4,12,store,False,False,True,False,0,0,0,0,0,1,1,0.16666666666666666,4,0
7393,46,Graduation,2,Together,41580.0,1,1,3,2012-12-10,4039,15,56,5,24,4,0,3,92,low_value,2,1,3,3,9,store,False,False,True,False,0,0,0,0,0,0,0,0.0,5,0
7849,54,Phd,4,Married,80336.0,0,0,1,2013-09-09,3766,12,209,19,456,160,142,66,1052,high_value,2,9,13,1,25,store,False,False,True,False,0,0,0,0,0,0,0,0.0,1,0
332,67,Graduation,2,Married,47743.0,0,1,2,2013-03-22,3937,56,198,2,43,0,12,20,275,mid_value,4,1,6,3,14,store,False,False,True,False,0,0,0,1,0,0,1,0.16666666666666666,6,0
9847,69,2N Cycle,1,Married,62972.0,0,1,2,2012-08-03,4168,39,313,15,47,20,0,192,587,mid_value,7,4,3,2,16,web,False,False,False,True,0,0,0,0,0,0,0,0.0,6,0
531,70,Phd,4,Divorced,57333.0,0,1,2,2012-09-22,4118,55,941,14,397,76,58,176,1662,high_value,8,5,9,11,33,deals,False,True,False,False,0,0,0,0,0,1,1,0.16666666666666666,6,0
9576,42,Phd,4,Together,32313.0,1,0,2,2013-02-11,3976,60,86,4,56,2,4,7,159,mid_value,4,0,4,3,11,web,False,False,False,True,0,0,0,0,0,0,0,0.0,9,0
6906,71,Master,3,Widow,84953.0,0,0,1,2013-06-03,3864,73,167,48,602,63,72,72,1024,high_value,3,10,4,1,18,catalog,True,False,False,False,1,0,0,1,1,1,4,0.6666666666666666,2,0
7419,56,Master,3,Divorced,27071.0,1,0,2,2014-04-23,3540,90,8,3,19,0,2,3,35,low_value,2,0,3,2,7,store,False,False,True,False,0,0,0,0,0,0,0,0.0,6,0
3170,67,Master,3,Together,68148.0,0,0,1,2013-08-31,3775,86,389,66,408,37,57,85,1042,high_value,4,4,6,1,15,store,False,False,True,False,0,0,0,0,0,0,0,0.0,2,0
8527,59,Master,3,Together,65735.0,1,1,3,2013-12-07,3677,37,239,7,119,4,15,11,395,mid_value,6,2,6,5,19,web,False,False,False,True,0,0,0,0,0,0,0,0.0,7,0
7872,49,Phd,4,Married,86836.0,0,0,1,2012-09-12,4128,7,179,21,273,0,21,63,557,mid_value,6,10,6,1,23,catalog,True,False,False,False,1,0,1,0,1,1,4,0.6666666666666666,5,0
9931,61,Phd,4,Married,4023.0,1,1,3,2014-06-23,3479,29,5,0,1,1,1,1,9,low_value,0,0,0,15,15,deals,False,True,False,False,0,0,0,0,0,0,0,0.0,19,0
10595,34,Graduation,2,Married,30093.0,0,0,1,2013-07-08,3829,19,2,6,28,13,4,16,69,low_value,2,0,3,1,6,store,False,False,True,False,0,0,0,0,0,0,0,0.0,7,0
4609,58,Phd,4,Married,57705.0,0,1,2,2014-01-11,3642,14,383,0,53,6,4,40,486,mid_value,8,1,6,3,18,web,False,False,False,True,0,0,0,0,0,0,0,0.0,6,0
5010,36,Graduation,2,Single,25008.0,1,0,2,2014-02-02,3620,72,2,8,8,6,1,9,34,low_value,1,0,3,2,6,store,False,False,True,False,0,0,0,0,0,0,0,0.0,8,0
4427,29,2N Cycle,1,Single,83257.0,0,0,1,2012-09-18,4122,56,536,27,590,38,107,67,1365,high_value,5,10,12,1,28,store,False,False,True,False,0,0,1,0,1,1,3,0.5,6,1
11148,49,Graduation,2,Together,22280.0,1,0,2,2013-05-19,3879,85,2,1,4,3,1,2,13,low_value,1,0,2,1,4,store,False,False,True,False,0,0,0,0,0,0,0,0.0,8,0
1168,46,Phd,4,Married,72159.0,0,0,1,2012-10-29,4081,62,322,53,899,34,40,53,1401,high_value,4,6,10,1,21,store,False,False,True,False,0,0,0,0,0,0,0,0.0,2,0
9595,63,Graduation,2,Together,64260.0,0,0,1,2013-01-11,4007,1,539,169,816,20,0,30,1574,high_value,4,5,4,1,14,catalog,True,False,False,False,0,0,0,0,0,1,1,0.16666666666666666,3,0
10163,40,Phd,4,Single,82733.0,0,0,1,2013-09-10,3765,28,712,50,420,65,38,38,1323,high_value,8,4,7,1,20,web,False,False,False,True,0,0,0,0,0,1,1,0.16666666666666666,4,0
2886,53,Master,3,Divorced,74290.0,0,1,2,2013-08-12,3794,70,1121,0,72,0,12,12,1217,high_value,10,8,10,4,32,web,False,False,False,True,1,0,0,1,0,0,2,0.3333333333333333,6,0
6710,73,Master,3,Single,58217.0,2,1,4,2012-11-17,4062,84,68,1,13,3,5,13,103,low_value,2,0,4,1,7,store,False,False,True,False,0,0,0,0,0,0,0,0.0,6,0
5316,48,Master,3,Together,21024.0,0,0,1,2013-07-04,3833,89,36,4,18,6,2,18,84,low_value,2,0,4,1,7,store,False,False,True,False,0,0,0,0,0,0,0,0.0,7,0
9029,52,Phd,4,Married,70116.0,0,0,1,2013-01-26,3992,73,707,44,603,95,58,29,1536,high_value,2,8,12,1,23,store,False,False,True,False,0,0,0,0,0,0,0,0.0,1,0
521,39,Graduation,2,Together,54006.0,1,0,2,2012-09-18,4122,42,174,77,203,6,24,97,581,mid_value,8,1,7,2,18,web,False,False,False,True,0,0,0,0,0,0,0,0.0,7,0
1459,58,Phd,4,Married,69063.0,0,1,2,2012-11-07,4072,16,666,35,124,69,8,26,928,high_value,5,3,5,1,14,web,False,False,False,True,0,0,0,0,0,0,0,0.0,3,0
10241,49,2N Cycle,1,Divorced,11448.0,0,0,1,2013-12-15,3669,16,0,0,0,6,2,6,14,low_value,1,0,2,1,4,store,False,False,True,False,0,0,0,0,0,0,0,0.0,6,0
1630,45,Graduation,2,Single,61825.0,0,1,2,2013-08-07,3799,56,162,50,100,55,30,27,424,mid_value,4,2,8,1,15,store,False,False,True,False,0,0,0,0,0,0,0,0.0,4,0
3254,53,Graduation,2,Married,70886.0,1,0,2,2013-10-14,3731,65,407,70,239,103,88,53,960,high_value,5,4,4,1,14,web,False,False,False,True,0,0,0,0,0,0,0,0.0,2,0
9064,42,Graduation,2,Married,69109.0,0,0,1,2012-11-09,4070,10,823,25,459,124,29,95,1555,high_value,6,6,7,1,20,store,False,False,True,False,0,0,0,0,1,1,2,0.3333333333333333,4,0
3678,51,Graduation,2,Widow,60208.0,1,1,3,2012-10-07,4103,13,488,23,71,15,0,59,656,mid_value,8,3,7,11,29,deals,False,True,False,False,0,0,0,1,0,1,2,0.3333333333333333,7,0
4227,56,Master,3,Together,32889.0,1,1,3,2013-09-06,3769,78,28,0,13,4,2,8,55,low_value,2,1,3,3,9,store,False,False,True,False,0,0,0,0,0,0,0,0.0,5,0
9467,40,Graduation,2,Single,34738.0,1,0,2,2014-05-11,3522,51,3,2,10,3,0,2,20,low_value,1,0,3,1,5,store,False,False,True,False,0,0,0,0,0,0,0,0.0,6,0
8486,53,Master,3,Together,30538.0,1,0,2,2012-10-01,4109,27,284,0,52,8,3,20,367,mid_value,9,0,4,4,17,web,False,False,False,True,0,0,0,0,0,0,0,0.0,10,0
2186,47,2N Cycle,1,Together,82326.0,0,0,1,2014-03-10,3584,30,938,142,754,159,81,183,2257,high_value,5,10,6,1,22,catalog,True,False,False,False,1,0,0,1,1,1,4,0.6666666666666666,2,0
3286,57,Phd,4,Divorced,26642.0,1,0,2,2014-03-01,3593,71,13,2,15,2,2,8,42,low_value,2,0,3,2,7,store,False,False,True,False,0,0,0,0,0,0,0,0.0,6,0
8602,60,Graduation,2,Divorced,69932.0,0,1,2,2013-06-12,3855,97,412,172,153,150,105,57,1049,high_value,7,6,11,2,26,store,False,False,True,False,0,0,0,0,0,0,0,0.0,4,0
3722,52,Graduation,2,Single,44503.0,1,1,3,2014-04-16,3547,83,31,1,8,0,0,8,48,low_value,2,0,3,2,7,store,False,False,True,False,0,0,0,0,0,0,0,0.0,6,0
6715,76,Phd,4,Single,60200.0,0,1,2,2013-01-02,4016,3,502,19,132,0,6,26,685,mid_value,6,2,11,6,25,store,False,False,True,False,0,0,0,0,0,0,0,0.0,6,0
4796,72,Graduation,2,Divorced,49638.0,0,1,2,2014-04-19,3544,71,18,10,3,3,5,0,39,low_value,1,0,3,1,5,store,False,False,True,False,0,0,0,0,0,0,0,0.0,2,0
9612,37,2N Cycle,1,Single,23830.0,0,0,1,2014-02-07,3615,3,1,8,6,4,8,16,43,low_value,1,0,3,1,5,store,False,False,True,False,0,0,0,0,0,0,0,0.0,7,0
3766,65,Master,3,Widow,33051.0,0,0,1,2012-08-16,4155,15,100,71,243,108,94,219,835,high_value,9,1,8,3,21,web,False,False,False,True,0,0,0,0,0,1,1,0.16666666666666666,9,0
1399,66,Graduation,2,Married,72905.0,0,0,1,2014-01-21,3632,52,407,114,445,181,165,203,1515,high_value,3,7,9,1,20,store,False,False,True,False,1,0,0,0,0,0,1,0.16666666666666666,1,0
1570,73,Phd,4,Together,69702.0,0,1,2,2013-02-19,3968,8,664,9,240,50,19,57,1039,high_value,7,7,10,2,26,store,False,False,True,False,0,0,0,0,0,0,0,0.0,4,0
3426,49,Graduation,2,Divorced,70300.0,1,0,2,2013-07-15,3822,89,1045,61,338,60,46,46,1596,high_value,5,5,13,3,26,store,False,False,True,False,0,0,0,0,0,0,0,0.0,8,0
3074,40,Phd,4,Married,70643.0,0,0,1,2012-10-15,4095,66,1218,107,304,23,143,33,1828,high_value,5,8,4,1,18,catalog,True,False,False,False,0,0,0,0,0,1,1,0.16666666666666666,6,0
8341,55,Phd,4,Married,30396.0,1,0,2,2014-04-30,3533,22,15,0,6,0,1,12,34,low_value,1,1,2,2,6,store,False,False,True,False,0,0,1,0,0,1,2,0.3333333333333333,7,0
5180,56,Phd,4,Divorced,50616.0,0,1,2,2014-04-18,3545,56,128,0,16,0,1,4,149,mid_value,4,0,4,2,10,web,False,False,False,True,0,0,0,0,0,0,0,0.0,7,0
6461,55,Master,3,Single,62772.0,0,1,2,2013-05-19,3879,74,581,49,157,43,8,108,946,high_value,5,6,11,1,23,store,False,False,True,False,0,0,0,1,0,0,1,0.16666666666666666,2,0
7679,39,Phd,4,Single,30298.0,0,0,1,2014-05-19,3514,48,6,3,12,6,1,0,28,low_value,1,1,3,1,6,store,False,False,True,False,0,0,0,0,0,0,0,0.0,3,0
10702,40,Graduation,2,Single,52413.0,1,0,2,2012-11-03,4076,67,185,8,133,56,56,12,450,mid_value,7,1,7,2,17,web,False,False,False,True,0,0,0,0,0,0,0,0.0,7,0
7505,67,Phd,4,Married,44155.0,1,1,3,2014-01-19,3634,24,22,1,9,0,0,14,46,low_value,1,1,2,1,5,store,False,False,True,False,0,0,0,0,0,0,0,0.0,4,0
5113,53,Phd,4,Divorced,86979.0,0,0,1,2013-11-07,3707,67,584,100,835,65,83,35,1702,high_value,5,5,5,1,16,web,False,False,False,True,0,0,1,0,0,1,2,0.3333333333333333,2,0
10858,49,Graduation,2,Together,76532.0,1,1,3,2013-09-09,3766,38,355,30,177,90,138,30,820,mid_value,9,5,7,4,25,web,False,False,False,True,0,0,0,0,0,0,0,0.0,5,0
2961,42,Graduation,2,Married,42081.0,1,0,2,2013-02-26,3961,86,175,10,110,54,6,27,382,mid_value,6,3,4,2,15,web,False,False,False,True,0,0,1,0,0,0,1,0.16666666666666666,6,0
2747,36,Phd,4,Married,67546.0,0,0,1,2012-08-31,4140,90,864,134,768,150,38,172,2126,high_value,4,10,5,1,20,catalog,True,False,False,False,0,0,0,0,0,0,0,0.0,3,0
3010,35,Master,3,Together,88420.0,0,0,1,2014-05-02,3531,87,957,153,612,99,95,153,2069,high_value,4,7,8,1,20,store,False,False,True,False,1,0,1,0,1,0,3,0.5,1,0
5790,39,Graduation,2,Married,31158.0,1,0,2,2013-01-27,3991,62,25,6,16,20,0,5,72,low_value,2,0,3,2,7,store,False,False,True,False,0,0,0,0,0,0,0,0.0,8,0
6892,56,Graduation,2,Divorced,61671.0,0,1,2,2014-06-03,3499,23,641,7,56,0,0,28,732,mid_value,10,4,6,8,28,web,False,False,False,True,1,0,0,1,0,0,2,0.3333333333333333,8,0
1743,50,Graduation,2,Single,69719.0,0,0,1,2014-05-26,3507,99,273,86,208,177,14,43,801,mid_value,2,3,5,1,11,store,False,False,True,False,0,0,0,0,0,0,0,0.0,1,0
3578,75,Graduation,2,Divorced,49160.0,0,1,2,2013-10-20,3725,29,122,21,43,25,10,15,236,mid_value,3,1,6,2,12,store,False,False,True,False,0,0,0,0,0,0,0,0.0,6,0
8462,46,Basic,0,Together,24882.0,1,0,2,2012-09-09,4131,52,1,4,10,29,0,36,80,low_value,1,1,2,1,5,store,False,False,True,False,0,0,1,0,0,0,1,0.16666666666666666,6,0
5558,70,Phd,4,Single,90933.0,0,0,1,2014-03-31,3563,90,1020,31,430,62,63,79,1685,high_value,4,6,4,1,15,catalog,True,False,False,False,0,0,0,0,1,0,1,0.16666666666666666,1,0
4619,79,Phd,4,Single,113734.0,0,0,1,2014-05-28,3505,9,6,2,3,1,262,3,277,mid_value,27,0,0,0,27,web,False,False,False,True,0,0,0,0,0,0,0,0.0,1,0
8780,74,Phd,4,Together,59292.0,0,1,2,2013-06-13,3854,71,378,14,68,19,14,14,507,mid_value,3,5,8,2,18,store,False,False,True,False,0,0,0,0,0,0,0,0.0,3,0
10789,60,Phd,4,Married,45759.0,1,1,3,2013-02-23,3964,13,42,1,18,3,0,4,68,low_value,2,0,3,2,7,store,False,False,True,False,0,0,0,0,0,0,0,0.0,7,0
10779,41,Graduation,2,Single,22148.0,0,0,1,2014-04-13,3550,16,15,5,14,0,4,11,49,low_value,1,0,3,1,5,store,False,False,True,False,0,0,0,0,0,0,0,0.0,7,0
5896,37,Master,3,Married,73395.0,0,0,1,2014-03-18,3576,94,272,7,80,20,7,11,397,mid_value,4,4,6,1,15,store,False,False,True,False,0,0,0,0,0,0,0,0.0,2,0
2337,53,Graduation,2,Divorced,29819.0,1,0,2,2013-10-24,3721,77,9,1,24,2,1,2,39,low_value,3,0,3,3,9,web,False,False,False,True,0,0,0,0,0,0,0,0.0,6,0
10951,56,Graduation,2,Married,45688.0,0,1,2,2014-01-25,3628,20,279,0,18,0,0,9,306,mid_value,3,1,8,2,14,store,False,False,True,False,0,0,0,1,0,0,1,0.16666666666666666,4,0
544,70,Graduation,2,Married,62820.0,0,0,1,2013-05-11,3887,51,398,61,265,138,61,53,976,high_value,3,4,6,1,14,store,False,False,True,False,0,0,0,0,0,0,0,0.0,1,0
17,53,Phd,4,Married,60491.0,0,1,2,2013-09-06,3769,81,637,47,237,12,19,76,1028,high_value,6,11,7,4,28,catalog,True,False,False,False,0,0,0,0,0,0,0,0.0,5,0
10680,38,Graduation,2,Together,33235.0,1,0,2,2014-02-05,3617,71,45,0,16,2,1,6,70,low_value,3,0,3,1,7,web,False,False,False,True,0,0,0,0,0,0,0,0.0,7,0
3265,65,Graduation,2,Married,35701.0,0,0,1,2013-03-19,3940,36,21,1,9,7,3,5,46,low_value,1,0,3,1,5,store,False,False,True,False,0,0,0,0,0,0,0,0.0,6,0
5623,44,Master,3,Married,31535.0,1,0,2,2013-09-26,3749,95,15,4,13,0,0,19,51,low_value,1,1,2,1,5,store,False,False,True,False,0,0,1,0,0,0,1,0.16666666666666666,7,0
5832,64,2N Cycle,1,Together,92556.0,0,0,1,2014-04-20,3543,32,493,183,352,184,23,28,1263,high_value,3,5,13,0,21,store,False,False,True,False,0,0,0,0,0,0,0,0.0,0,0
5544,54,Graduation,2,Single,67384.0,0,1,2,2012-11-10,4069,32,957,40,175,158,53,107,1490,high_value,7,8,5,2,22,catalog,True,False,False,False,0,0,0,1,0,0,1,0.16666666666666666,5,0
6417,53,Master,3,Together,80573.0,0,0,1,2012-10-14,4096,85,829,138,430,60,92,15,1564,high_value,4,6,13,1,24,store,False,False,True,False,0,0,0,0,0,0,0,0.0,2,0
5831,57,Graduation,2,Married,77870.0,0,1,2,2012-08-22,4149,93,1017,50,500,65,50,133,1815,high_value,5,5,5,3,18,web,False,False,False,True,1,0,0,1,0,1,3,0.5,8,0
7101,61,Phd,4,Widow,52278.0,0,1,2,2013-01-25,3993,24,953,0,71,0,0,174,1198,high_value,10,5,10,6,31,web,False,False,False,True,0,0,0,0,0,0,0,0.0,8,0
10176,56,Graduation,2,Single,57107.0,0,1,2,2012-08-24,4147,44,159,0,120,0,0,137,416,mid_value,4,4,8,7,23,store,False,False,True,False,0,1,0,1,0,1,3,0.5,8,0
2326,34,Graduation,2,Married,18929.0,0,0,1,2013-02-16,3971,15,32,0,8,23,4,18,85,low_value,1,0,4,1,6,store,False,False,True,False,0,0,0,0,0,0,0,0.0,6,0
4385,43,Phd,4,Single,36038.0,1,0,2,2013-05-31,3867,82,23,0,15,0,2,7,47,low_value,3,0,3,2,8,web,False,False,False,True,0,0,0,0,0,0,0,0.0,6,0
2929,48,Graduation,2,Single,20180.0,0,0,1,2013-02-20,3967,27,18,42,24,15,20,18,137,mid_value,2,1,4,1,8,store,False,False,True,False,0,0,0,0,0,0,0,0.0,7,0
10686,59,Phd,4,Together,34230.0,1,1,3,2012-12-26,4023,72,15,0,4,0,0,2,21,low_value,1,0,2,1,4,store,False,False,True,False,0,0,0,0,0,0,0,0.0,7,0
2546,47,2N Cycle,1,Single,31878.0,0,1,2,2014-06-22,3480,7,23,4,5,10,5,23,70,low_value,1,0,4,1,6,store,False,False,True,False,0,0,0,0,0,0,0,0.0,3,0
3283,52,2N Cycle,1,Married,70932.0,0,1,2,2014-01-19,3634,57,200,193,100,46,185,185,909,high_value,6,2,12,2,22,store,False,False,True,False,0,0,0,0,0,0,0,0.0,3,0
3138,68,Graduation,2,Single,91249.0,0,0,1,2012-10-20,4090,84,1324,27,119,71,108,27,1676,high_value,7,9,6,0,22,catalog,True,False,False,False,1,1,0,1,1,1,5,0.8333333333333334,4,0
4994,81,Master,3,Single,77598.0,0,0,1,2013-10-01,3744,53,1193,33,281,129,66,33,1735,high_value,7,5,13,1,26,store,False,False,True,False,0,0,0,0,1,0,1,0.16666666666666666,3,0
7966,65,Graduation,2,Single,80982.0,1,1,3,2013-01-08,4010,48,505,137,401,104,22,22,1191,high_value,11,5,11,3,30,web,False,False,False,True,0,0,0,0,0,0,0,0.0,5,1
3112,47,Master,3,Married,22701.0,1,0,2,2013-09-05,3770,2,2,4,9,0,4,5,24,low_value,1,0,3,1,5,store,False,False,True,False,0,0,0,0,0,0,0,0.0,5,0
10872,55,Phd,4,Married,55212.0,0,1,2,2012-11-23,4056,65,1103,0,45,0,0,34,1182,high_value,4,2,11,3,20,store,False,False,True,False,0,1,0,1,0,0,2,0.3333333333333333,8,0
2181,54,Graduation,2,Married,70617.0,0,0,1,2013-06-23,3844,45,353,61,753,40,46,27,1280,high_value,3,3,7,1,14,store,False,False,True,False,0,0,0,0,0,0,0,0.0,2,0
1867,67,Graduation,2,Single,64849.0,0,0,1,2012-11-13,4066,42,652,48,350,94,84,108,1336,high_value,9,3,6,1,19,web,False,False,False,True,0,0,0,0,0,1,1,0.16666666666666666,5,0
1518,59,Master,3,Married,62694.0,1,1,3,2013-06-17,3850,29,379,6,157,25,91,91,749,mid_value,9,3,7,5,24,web,False,False,False,True,0,0,0,0,0,0,0,0.0,7,0
5734,50,Phd,4,Married,61917.0,1,1,3,2013-11-20,3694,83,46,4,36,2,2,1,91,low_value,2,0,4,1,7,store,False,False,True,False,0,0,0,0,0,0,0,0.0,5,0
2878,77,Phd,4,Married,67472.0,0,1,2,2013-09-28,3747,93,162,31,127,8,17,69,414,mid_value,4,2,7,2,15,store,False,False,True,False,0,0,0,0,0,0,0,0.0,3,0
1458,42,Master,3,Married,21059.0,1,0,2,2014-01-07,3646,40,8,3,19,3,3,8,44,low_value,3,0,3,3,9,web,False,False,False,True,0,0,0,0,0,0,0,0.0,6,0
7007,56,Master,3,Married,29543.0,2,0,3,2014-04-01,3562,47,17,3,18,3,4,18,63,low_value,3,1,2,2,8,web,False,False,False,True,0,0,0,0,0,0,0,0.0,7,0
6200,73,Graduation,2,Married,75903.0,0,1,2,2013-04-08,3920,50,340,108,185,130,38,100,901,high_value,6,6,9,2,23,store,False,False,True,False,0,0,0,0,0,0,0,0.0,3,0
1403,49,2N Cycle,1,Together,34984.0,1,1,3,2012-09-06,4134,40,8,4,15,3,5,3,38,low_value,1,0,3,2,6,store,False,False,True,False,0,0,0,0,0,0,0,0.0,7,0
4827,68,Phd,4,Single,54998.0,0,1,2,2013-03-10,3949,3,154,22,202,39,30,8,455,mid_value,4,2,9,5,20,store,False,False,True,False,0,0,0,0,0,1,1,0.16666666666666666,4,0
6250,75,Phd,4,Widow,54356.0,0,1,2,2012-11-19,4060,62,710,15,30,20,0,0,775,mid_value,11,2,8,3,24,web,False,False,False,True,0,0,0,0,0,1,1,0.16666666666666666,8,0
9291,65,Master,3,Married,34242.0,0,1,2,2014-03-23,3571,25,8,2,4,0,0,1,15,low_value,0,0,3,1,4,store,False,False,True,False,0,0,0,0,0,0,0,0.0,5,0
2478,51,Graduation,2,Married,25410.0,1,0,2,2013-08-31,3775,48,2,2,4,13,13,4,38,low_value,1,0,4,1,6,store,False,False,True,False,0,0,0,0,0,0,0,0.0,4,0
1139,40,Phd,4,Married,73356.0,0,0,1,2014-02-06,3616,56,1050,14,322,0,14,112,1512,high_value,5,11,5,1,22,catalog,True,False,False,False,1,0,1,0,1,1,4,0.6666666666666666,2,0
5138,74,Graduation,2,Together,28320.0,0,1,2,2013-01-14,4004,68,19,1,14,3,2,4,43,low_value,1,0,3,1,5,store,False,False,True,False,0,0,0,0,0,0,0,0.0,8,0
5393,47,Graduation,2,Single,23763.0,1,0,2,2012-08-07,4164,64,22,0,6,6,2,6,42,low_value,1,0,3,1,5,store,False,False,True,False,0,0,0,0,0,0,0,0.0,7,0
10413,40,Graduation,2,Married,72570.0,0,0,1,2014-04-25,3538,67,274,83,216,151,141,224,1089,high_value,4,6,12,1,23,store,False,False,True,False,0,0,0,0,0,0,0,0.0,1,0
5015,48,Master,3,Married,34529.0,1,0,2,2012-09-14,4126,94,68,6,38,3,6,41,162,mid_value,2,2,3,2,9,store,False,False,True,False,0,0,0,0,0,0,0,0.0,7,0
10868,73,Graduation,2,Widow,70792.0,0,0,1,2013-02-06,3981,82,344,45,654,104,11,114,1272,high_value,3,4,10,2,19,store,False,False,True,False,0,0,0,0,0,0,0,0.0,3,0
10676,42,Graduation,2,Married,63211.0,0,0,1,2012-11-02,4077,3,145,193,459,205,26,145,1173,high_value,3,8,7,2,20,catalog,True,False,False,False,0,0,0,0,0,1,1,0.16666666666666666,2,0
2495,50,Master,3,Married,83891.0,0,1,2,2014-06-20,3482,24,217,38,350,111,85,15,816,mid_value,4,7,10,1,22,store,False,False,True,False,0,0,0,0,0,0,0,0.0,1,0
7842,56,Graduation,2,Single,36065.0,1,1,3,2013-03-31,3928,54,18,7,34,10,2,3,74,low_value,3,0,3,3,9,web,False,False,False,True,0,0,0,0,0,0,0,0.0,8,0
9955,70,Graduation,2,Together,39898.0,0,1,2,2013-02-12,3975,20,69,8,26,12,7,12,134,mid_value,3,0,4,2,9,store,False,False,True,False,0,0,0,0,0,0,0,0.0,7,0
6663,84,Phd,4,Single,51141.0,0,0,1,2013-07-08,3829,96,144,0,7,0,0,6,157,mid_value,3,1,4,1,9,store,False,False,True,False,0,0,0,0,0,0,0,0.0,5,0
2162,48,Graduation,2,Married,56939.0,0,1,2,2013-09-18,3757,19,256,34,103,90,29,49,561,mid_value,3,3,10,2,18,store,False,False,True,False,0,0,0,0,0,0,0,0.0,3,0
3434,73,Graduation,2,Single,80872.0,0,0,1,2014-05-12,3521,60,483,72,567,94,12,108,1336,high_value,4,4,10,1,19,store,False,False,True,False,0,0,0,0,0,0,0,0.0,1,0
7919,48,Phd,4,Together,72335.0,0,0,1,2012-08-13,4158,2,1285,105,653,28,21,0,2092,high_value,10,4,8,1,23,web,False,False,False,True,0,0,0,0,0,1,1,0.16666666666666666,8,0
5626,60,Phd,4,Single,61798.0,0,0,1,2013-11-23,3691,13,338,4,89,11,8,13,463,mid_value,4,2,9,1,16,store,False,False,True,False,0,0,0,0,0,0,0,0.0,4,0
6428,74,Phd,4,Widow,76842.0,0,0,1,2014-05-03,3530,37,605,10,345,84,54,32,1130,high_value,1,8,7,1,17,catalog,True,False,False,False,0,0,0,0,0,0,0,0.0,0,0
8514,48,Graduation,2,Together,29478.0,1,0,2,2014-01-17,3636,59,8,0,7,3,1,1,20,low_value,1,0,3,1,5,store,False,False,True,False,0,0,0,0,0,0,0,0.0,6,0
10448,68,Graduation,2,Single,46998.0,0,1,2,2012-10-22,4088,55,172,41,86,45,6,27,377,mid_value,5,3,5,5,18,web,False,False,False,True,0,0,1,0,0,0,1,0.16666666666666666,7,0
2109,34,Graduation,2,Single,96843.0,0,0,1,2013-04-23,3905,60,448,71,951,40,17,17,1544,high_value,6,11,10,1,28,catalog,True,False,False,False,0,0,0,0,1,1,2,0.3333333333333333,2,0
7530,74,Phd,4,Widow,56551.0,1,1,3,2014-05-07,3526,48,67,4,32,17,2,16,138,mid_value,2,1,4,3,10,store,False,False,True,False,0,0,0,0,0,0,0,0.0,4,0
8925,59,Master,3,Married,70053.0,0,1,2,2013-07-03,3834,38,512,53,98,81,179,89,1012,high_value,8,5,10,3,26,store,False,False,True,False,0,0,0,0,0,0,0,0.0,5,0
3009,62,Phd,4,Widow,71670.0,0,0,1,2013-07-09,3828,8,1462,16,128,0,0,160,1766,high_value,5,3,6,1,15,store,False,False,True,False,0,1,0,1,1,1,4,0.6666666666666666,6,0
6355,46,Graduation,2,Married,44359.0,1,1,3,2014-06-17,3485,19,20,0,14,7,3,1,45,low_value,2,0,4,3,9,store,False,False,True,False,0,0,0,0,0,0,0,0.0,3,0
3517,72,Graduation,2,Single,40887.0,1,1,3,2013-05-06,3892,32,50,4,44,10,10,43,161,mid_value,3,1,3,3,10,web,False,False,False,True,0,0,0,0,0,1,1,0.16666666666666666,9,0
1158,58,Graduation,2,Divorced,48877.0,0,1,2,2014-01-05,3648,27,102,1,15,2,0,24,144,mid_value,3,0,4,1,8,store,False,False,True,False,0,0,0,0,0,0,0,0.0,7,0
6203,77,Graduation,2,Together,74485.0,0,0,1,2013-08-24,3782,58,499,149,815,173,49,49,1734,high_value,6,7,12,1,26,store,False,False,True,False,0,0,0,0,0,0,0,0.0,3,0
7165,52,Graduation,2,Together,64474.0,0,1,2,2013-10-22,3723,59,381,35,172,56,86,93,823,mid_value,8,2,10,2,22,store,False,False,True,False,0,0,0,0,0,0,0,0.0,5,0
3595,61,Graduation,2,Together,77226.0,0,1,2,2014-02-28,3594,29,631,43,239,128,76,21,1138,high_value,6,8,12,2,28,store,False,False,True,False,0,0,0,0,0,0,0,0.0,3,0
8537,75,Graduation,2,Widow,72643.0,0,0,1,2013-02-27,3960,60,526,80,553,123,94,53,1429,high_value,3,10,7,1,21,catalog,True,False,False,False,1,0,0,0,0,1,2,0.3333333333333333,2,0
4331,46,Master,3,Together,85738.0,0,0,1,2014-01-23,3630,41,913,26,376,17,26,13,1371,high_value,3,6,11,1,21,store,False,False,True,False,0,0,0,1,1,0,2,0.3333333333333333,1,0
6281,58,Graduation,2,Divorced,55686.0,0,1,2,2013-02-14,3973,27,673,0,199,37,47,26,982,high_value,6,3,5,2,16,web,False,False,False,True,0,0,1,0,0,0,1,0.16666666666666666,4,0
4338,41,Graduation,2,Single,39062.0,1,0,2,2014-03-25,3569,28,23,0,9,0,0,12,44,low_value,1,0,3,1,5,store,False,False,True,False,0,0,1,0,0,0,1,0.16666666666666666,4,0
2452,53,Graduation,2,Together,34600.0,1,1,3,2013-01-01,4017,8,199,33,60,8,3,15,318,mid_value,5,2,5,5,17,web,False,False,False,True,0,0,0,0,0,1,1,0.16666666666666666,8,0
9507,49,Graduation,2,Married,40794.0,0,1,2,2013-04-07,3921,18,261,23,73,4,23,50,434,mid_value,6,3,5,2,16,web,False,False,False,True,0,0,0,0,0,0,0,0.0,7,0
8360,53,2N Cycle,1,Married,54690.0,1,1,3,2013-11-07,3707,76,111,16,37,7,9,18,198,mid_value,3,1,5,3,12,store,False,False,True,False,0,0,0,0,0,0,0,0.0,3,0
10311,55,Graduation,2,Married,4428.0,0,1,2,2013-10-05,3740,0,16,4,12,2,4,321,359,mid_value,25,0,0,0,25,web,False,False,False,True,0,0,0,0,0,0,0,0.0,1,0
5117,61,2N Cycle,1,Married,32632.0,0,0,1,2012-08-02,4169,32,63,151,137,153,19,53,576,mid_value,4,4,8,2,18,store,False,False,True,False,0,0,0,0,0,0,0,0.0,5,0
4867,56,Phd,4,Single,38236.0,1,1,3,2013-09-20,3755,2,58,0,18,2,0,10,88,low_value,3,0,4,4,11,store,False,False,True,False,0,0,0,0,0,0,0,0.0,7,0
9289,45,Graduation,2,Married,36781.0,1,0,2,2014-04-10,3553,16,29,1,17,0,3,13,63,low_value,2,1,2,1,6,web,False,False,False,True,0,0,0,0,0,1,1,0.16666666666666666,8,0
10913,40,Master,3,Single,31385.0,1,0,2,2012-12-05,4044,56,3,2,12,0,1,9,27,low_value,1,0,2,1,4,store,False,False,True,False,0,0,1,0,0,1,2,0.3333333333333333,8,0
3032,40,Graduation,2,Married,24570.0,1,0,2,2013-02-27,3960,97,28,34,62,11,14,44,193,mid_value,4,0,4,3,11,web,False,False,False,True,0,0,0,0,0,0,0,0.0,9,0
8524,50,Phd,4,Divorced,25509.0,1,0,2,2012-09-18,4122,15,40,3,30,10,7,11,101,low_value,3,0,3,3,9,web,False,False,False,True,0,0,0,0,0,1,1,0.16666666666666666,9,0
3334,73,Graduation,2,Married,94642.0,0,0,1,2014-02-12,3610,35,879,143,797,106,143,143,2211,high_value,5,7,9,0,21,store,False,False,True,False,1,0,0,0,1,0,2,0.3333333333333333,1,0
4470,62,Master,3,Married,58646.0,0,1,2,2013-06-10,3857,3,62,1,44,6,5,22,140,mid_value,2,1,4,1,8,store,False,False,True,False,0,0,0,0,0,0,0,0.0,4,0
1406,49,Graduation,2,Single,53201.0,1,1,3,2013-02-12,3975,49,280,7,81,20,0,27,415,mid_value,6,3,5,8,22,deals,False,True,False,False,0,0,0,0,0,0,0,0.0,7,0
8619,67,Graduation,2,Together,21994.0,0,1,2,2012-12-24,4025,4,9,0,6,3,1,3,22,low_value,0,0,3,1,4,store,False,False,True,False,0,0,0,0,0,0,0,0.0,5,0
10821,46,Graduation,2,Married,57113.0,1,1,3,2013-02-06,3981,45,182,4,33,0,2,42,263,mid_value,4,1,5,6,16,deals,False,True,False,False,0,0,0,0,0,0,0,0.0,7,0
4552,33,Graduation,2,Married,51373.0,0,0,1,2013-06-22,3845,37,83,2,101,64,26,117,393,mid_value,3,5,3,1,12,catalog,True,False,False,False,0,0,0,0,0,0,0,0.0,4,0
898,38,Graduation,2,Married,23477.0,1,0,2,2013-10-21,3724,39,38,15,54,3,8,29,147,mid_value,3,0,4,3,10,store,False,False,True,False,0,0,0,0,0,0,0,0.0,8,0
9797,68,Graduation,2,Married,58116.0,0,1,2,2014-04-13,3550,38,228,19,130,4,11,51,443,mid_value,3,3,8,2,16,store,False,False,True,False,0,0,0,0,0,0,0,0.0,2,0
10949,61,Phd,4,Divorced,72968.0,0,0,1,2013-12-16,3668,8,1092,37,592,145,37,55,1958,high_value,5,5,8,1,19,store,False,False,True,False,1,0,0,0,0,1,2,0.3333333333333333,3,0
8212,53,Master,3,Married,39791.0,0,1,2,2013-03-28,3931,89,85,15,27,13,13,21,174,mid_value,3,1,4,2,10,store,False,False,True,False,0,0,0,0,0,0,0,0.0,7,0
6248,77,Master,3,Single,91712.0,0,0,1,2013-10-17,3728,47,1276,24,746,94,29,48,2217,high_value,9,7,11,0,27,store,False,False,True,False,0,0,0,0,1,1,2,0.3333333333333333,3,0
10164,66,Graduation,2,Single,94472.0,0,1,2,2014-04-03,3560,75,1017,33,417,108,100,16,1691,high_value,5,5,5,1,16,web,False,False,False,True,0,0,0,1,1,0,2,0.3333333333333333,5,0
4547,64,Graduation,2,Together,13672.0,1,1,3,2013-04-17,3911,86,6,2,9,2,1,5,25,low_value,1,0,3,2,6,store,False,False,True,False,0,0,0,0,0,0,0,0.0,8,0
6815,44,2N Cycle,1,Married,96547.0,0,0,1,2014-05-23,3510,4,448,21,125,52,101,62,809,mid_value,7,6,8,0,21,store,False,False,True,False,1,0,1,0,1,1,4,0.6666666666666666,2,0
4122,49,Graduation,2,Married,79205.0,0,0,1,2012-08-29,4142,73,504,23,117,179,28,44,895,high_value,6,5,4,1,16,web,False,False,False,True,1,0,0,0,0,1,2,0.3333333333333333,4,0
10841,49,Phd,4,Together,56559.0,0,1,2,2012-12-25,4024,46,226,22,133,41,31,31,484,mid_value,4,3,8,3,18,store,False,False,True,False,0,0,0,0,0,0,0,0.0,4,0
5370,51,Phd,4,Married,32644.0,1,0,2,2013-01-16,4002,38,239,3,141,0,7,23,413,mid_value,7,1,6,4,18,web,False,False,False,True,0,0,1,0,0,0,1,0.16666666666666666,8,0
176,44,2N Cycle,1,Single,67506.0,0,1,2,2014-01-02,3651,73,90,38,67,33,36,67,331,mid_value,4,1,6,1,12,store,False,False,True,False,0,0,0,0,0,0,0,0.0,3,0
4860,54,Graduation,2,Single,24206.0,1,0,2,2013-03-08,3951,66,7,2,8,3,2,3,25,low_value,1,0,3,1,5,store,False,False,True,False,0,0,0,0,0,0,0,0.0,6,0
10757,57,Phd,4,Divorced,28420.0,1,0,2,2013-12-24,3660,36,4,2,5,2,0,0,13,low_value,1,0,2,1,4,store,False,False,True,False,0,0,0,0,0,0,0,0.0,6,0
4023,54,Graduation,2,Married,22979.0,1,0,2,2012-09-06,4134,29,16,17,19,20,21,22,115,low_value,3,2,2,3,10,web,False,False,False,True,0,0,0,0,0,1,1,0.16666666666666666,8,0
6679,58,Graduation,2,Single,33279.0,0,0,1,2014-06-12,3490,29,10,3,3,0,0,0,16,low_value,0,0,3,1,4,store,False,False,True,False,0,0,0,0,0,0,0,0.0,3,0
9923,52,Master,3,Single,46423.0,1,1,3,2013-09-18,3757,6,68,0,16,0,0,8,92,low_value,2,0,4,3,9,store,False,False,True,False,0,0,0,0,0,0,0,0.0,7,0
7181,47,Graduation,2,Married,30368.0,0,1,2,2013-11-07,3707,97,35,0,13,2,0,2,52,low_value,2,0,3,2,7,store,False,False,True,False,0,0,0,0,0,0,0,0.0,8,0
3599,54,Graduation,2,Married,63684.0,0,1,2,2012-11-26,4053,61,575,80,428,208,93,80,1464,high_value,8,4,8,3,23,web,False,False,False,True,0,0,0,0,0,0,0,0.0,5,0
405,60,Graduation,2,Divorced,41638.0,0,1,2,2013-02-13,3974,68,315,0,31,4,0,91,441,mid_value,5,5,3,4,17,web,False,False,False,True,0,0,1,0,0,0,1,0.16666666666666666,8,0
6870,65,Phd,4,Divorced,68805.0,0,1,2,2013-09-17,3758,73,182,2,49,17,13,20,283,mid_value,3,1,7,1,12,store,False,False,True,False,0,0,0,0,0,0,0,0.0,2,0
832,58,Phd,4,Together,65814.0,0,1,2,2014-03-02,3592,90,561,14,113,10,14,35,747,mid_value,8,2,10,3,23,store,False,False,True,False,0,0,0,0,0,0,0,0.0,5,0
2002,66,Graduation,2,Divorced,71964.0,0,0,1,2013-05-20,3878,81,587,51,932,180,34,86,1870,high_value,5,6,5,1,17,catalog,True,False,False,False,0,0,0,0,0,0,0,0.0,3,0
3657,38,Graduation,2,Single,39146.0,1,0,2,2013-02-14,3973,1,94,1,33,13,12,12,165,mid_value,4,0,4,3,11,web,False,False,False,True,0,0,0,0,0,0,0,0.0,8,0
500,47,Graduation,2,Together,96876.0,0,0,1,2013-08-06,3800,79,908,43,735,40,194,21,1941,high_value,7,7,9,1,24,store,False,False,True,False,1,0,0,1,1,1,4,0.6666666666666666,2,0
1951,43,Basic,0,Married,34445.0,0,0,1,2013-01-27,3991,92,228,122,122,208,129,30,839,high_value,11,2,8,6,27,web,False,False,False,True,0,0,0,0,0,0,0,0.0,9,0
3262,66,Graduation,2,Single,68281.0,0,0,1,2012-08-07,4164,31,995,112,417,42,48,41,1655,high_value,2,9,13,1,25,store,False,False,True,False,0,0,0,0,0,1,1,0.16666666666666666,5,0
4102,49,2N Cycle,1,Married,37284.0,1,1,3,2013-03-29,3930,46,11,1,2,2,1,6,23,low_value,0,0,3,1,4,store,False,False,True,False,0,0,0,0,0,0,0,0.0,6,0
7042,41,Graduation,2,Married,36790.0,0,0,1,2013-03-01,3958,14,3,3,14,15,21,10,66,low_value,2,1,2,1,6,web,False,False,False,True,0,0,0,0,0,1,1,0.16666666666666666,9,0
10598,57,Graduation,2,Together,27943.0,1,1,3,2013-04-15,3913,89,12,1,16,4,1,3,37,low_value,2,0,3,3,8,store,False,False,True,False,0,0,0,0,0,0,0,0.0,8,0
255,73,Graduation,2,Divorced,22263.0,1,1,3,2014-03-30,3564,31,17,0,2,0,0,2,21,low_value,1,0,3,2,6,store,False,False,True,False,0,0,0,0,0,0,0,0.0,6,1
2375,52,Graduation,2,Together,30261.0,1,2,4,2012-09-25,4115,75,8,0,5,0,3,6,22,low_value,0,0,3,1,4,store,False,False,True,False,0,0,0,0,0,0,0,0.0,8,0
9829,46,Graduation,2,Together,28587.0,1,0,2,2014-02-12,3610,42,22,4,17,12,10,13,78,low_value,2,0,4,3,9,store,False,False,True,False,0,0,0,0,0,0,0,0.0,6,0
6214,42,Master,3,Married,43815.0,1,0,2,2013-04-05,3923,53,14,10,29,4,7,15,79,low_value,2,0,3,1,6,store,False,False,True,False,0,0,0,0,0,0,0,0.0,6,0
4954,68,Graduation,2,Married,48195.0,1,1,3,2014-01-21,3632,53,106,27,68,52,7,5,265,mid_value,4,2,5,6,17,deals,False,True,False,False,0,0,0,0,0,0,0,0.0,6,0
7861,72,Master,3,Married,77027.0,0,1,2,2014-02-05,3617,23,820,57,242,45,0,11,1175,high_value,8,3,6,2,19,web,False,False,False,True,0,0,0,0,0,0,0,0.0,4,0
4837,59,Phd,4,Married,71322.0,0,1,2,2013-02-16,3971,57,753,43,226,69,10,204,1305,high_value,8,5,13,2,28,store,False,False,True,False,0,0,0,0,0,0,0,0.0,4,0
9423,45,Master,3,Married,32765.0,1,0,2,2014-02-23,3599,49,13,3,17,7,3,3,46,low_value,2,0,4,2,8,store,False,False,True,False,0,0,0,0,0,0,0,0.0,5,0
4198,59,Graduation,2,Together,29672.0,1,1,3,2013-03-12,3947,6,9,1,3,0,4,8,25,low_value,0,0,3,1,4,store,False,False,True,False,0,0,0,0,0,0,0,0.0,6,0
153,71,Graduation,2,Divorced,23272.0,0,0,1,2013-10-17,3728,29,19,3,6,4,2,12,46,low_value,1,0,3,1,5,store,False,False,True,False,0,0,0,0,0,0,0,0.0,4,0
9323,75,Master,3,Together,49912.0,0,1,2,2012-09-07,4133,5,520,8,223,32,49,42,874,high_value,10,5,7,4,26,web,False,False,False,True,0,0,1,0,0,1,2,0.3333333333333333,8,0
10001,39,2N Cycle,1,Together,7500.0,1,0,2,2012-08-01,4170,98,5,17,17,13,14,34,100,low_value,2,1,3,4,10,deals,False,True,False,False,0,0,0,0,0,0,0,0.0,9,0
3945,77,Phd,4,Widow,68117.0,0,1,2,2013-03-10,3949,80,618,44,215,0,17,36,930,high_value,11,8,4,2,25,web,False,False,False,True,0,0,1,0,0,1,2,0.3333333333333333,6,0
3799,69,Graduation,2,Married,67225.0,0,1,2,2013-11-26,3688,4,315,35,322,46,7,143,868,high_value,7,2,11,3,23,store,False,False,True,False,0,0,0,0,0,0,0,0.0,5,0
8625,48,Graduation,2,Married,17649.0,1,0,2,2013-11-12,3702,70,15,1,23,0,5,1,45,low_value,3,0,3,3,9,web,False,False,False,True,0,0,0,0,0,0,0,0.0,8,0
3491,49,Graduation,2,Together,55914.0,0,1,2,2013-04-29,3899,32,384,60,364,119,101,232,1260,high_value,11,6,8,4,29,web,False,False,False,True,0,0,0,0,0,0,0,0.0,7,0
983,40,Graduation,2,Married,40059.0,1,0,2,2013-09-28,3747,82,110,29,92,28,10,145,414,mid_value,6,2,3,1,12,web,False,False,False,True,0,0,1,0,0,0,1,0.16666666666666666,8,0
9119,74,Graduation,2,Together,60905.0,0,1,2,2013-12-05,3679,27,208,17,76,36,17,38,392,mid_value,3,3,7,2,15,store,False,False,True,False,0,0,0,0,0,0,0,0.0,2,0
4786,47,Graduation,2,Married,75330.0,1,1,3,2012-10-04,4106,94,555,82,257,93,61,61,1109,high_value,10,3,12,4,29,store,False,False,True,False,0,0,0,0,0,0,0,0.0,6,0
5872,73,Graduation,2,Single,60689.0,0,1,2,2013-06-01,3866,23,240,90,216,63,6,24,639,mid_value,4,4,10,4,22,store,False,False,True,False,0,0,0,0,0,0,0,0.0,3,0
6568,40,Graduation,2,Married,38680.0,1,0,2,2013-03-28,3931,97,11,0,36,15,5,12,79,low_value,2,0,3,1,6,store,False,False,True,False,0,0,0,0,0,0,0,0.0,7,0
5628,42,Graduation,2,Together,61416.0,0,0,1,2013-02-08,3979,25,848,154,323,201,61,78,1665,high_value,10,3,10,1,24,web,False,False,False,True,0,0,1,0,0,0,1,0.16666666666666666,6,0
5631,33,Graduation,2,Single,49767.0,0,0,1,2013-05-02,3896,92,202,47,197,55,42,149,692,mid_value,5,4,8,1,18,store,False,False,True,False,0,0,0,0,0,0,0,0.0,4,0
4974,54,Graduation,2,Single,83273.0,1,2,4,2012-09-25,4115,98,433,89,650,16,102,102,1392,high_value,4,6,9,10,29,deals,False,True,False,False,0,0,0,0,0,0,0,0.0,7,0
8416,43,Graduation,2,Married,29009.0,1,0,2,2013-11-29,3685,19,6,6,15,10,5,2,44,low_value,2,0,3,2,7,store,False,False,True,False,0,0,0,0,0,0,0,0.0,6,0
5454,45,Master,3,Married,45057.0,1,0,2,2013-12-01,3683,80,37,0,7,3,0,3,50,low_value,2,0,3,1,6,store,False,False,True,False,0,0,0,0,0,0,0,0.0,5,0
4095,53,Graduation,2,Married,37150.0,1,0,2,2012-09-11,4129,80,167,37,64,49,34,116,467,mid_value,4,3,6,8,21,deals,False,True,False,False,0,0,0,0,0,0,0,0.0,7,0
5474,54,Graduation,2,Single,43020.0,1,0,2,2013-11-30,3684,79,45,7,99,4,25,43,223,mid_value,4,1,4,3,12,web,False,False,False,True,0,0,0,0,0,0,0,0.0,6,0
4268,65,Graduation,2,Married,53154.0,0,1,2,2014-06-09,3493,50,129,0,21,0,1,7,158,mid_value,3,1,4,1,9,store,False,False,True,False,0,0,0,0,0,0,0,0.0,4,0
10701,51,Graduation,2,Married,65308.0,0,0,1,2013-09-11,3764,60,713,0,264,120,80,34,1211,high_value,7,8,12,1,28,store,False,False,True,False,1,0,0,0,1,0,2,0.3333333333333333,4,0
3507,54,Graduation,2,Single,76467.0,1,0,2,2012-08-17,4154,44,676,161,426,210,44,58,1575,high_value,2,5,5,2,14,catalog,True,False,False,False,0,0,0,0,0,1,1,0.16666666666666666,6,0
2079,77,2N Cycle,1,Married,81044.0,0,0,1,2013-12-27,3657,0,450,26,535,73,98,26,1208,high_value,5,6,10,1,22,store,False,False,True,False,0,0,0,0,0,0,0,0.0,1,0
626,73,Graduation,2,Married,32871.0,1,1,3,2013-03-09,3950,28,22,2,12,0,2,5,43,low_value,1,0,3,1,5,store,False,False,True,False,0,0,0,0,0,0,0,0.0,4,0
4426,49,Graduation,2,Single,55801.0,1,1,3,2013-09-22,3753,35,367,4,51,6,4,95,527,mid_value,7,2,6,6,21,web,False,False,False,True,1,0,0,0,0,0,1,0.16666666666666666,7,0
2591,65,Graduation,2,Widow,76320.0,0,1,2,2014-06-22,3480,49,526,35,214,69,53,35,932,high_value,6,3,4,2,15,web,False,False,False,True,0,0,0,0,0,0,0,0.0,2,0
10509,69,Master,3,Single,36927.0,1,1,3,2014-06-02,3500,46,51,0,16,0,0,4,71,low_value,3,0,3,2,8,web,False,False,False,True,0,0,0,0,0,0,0,0.0,8,0
6382,71,Graduation,2,Together,48794.0,1,1,3,2014-06-26,3476,97,25,0,11,3,0,15,54,low_value,1,0,3,1,5,store,False,False,True,False,0,0,0,0,0,0,0,0.0,4,0
6673,59,Graduation,2,Single,23478.0,0,0,1,2013-03-19,3940,51,28,6,27,12,17,39,129,mid_value,3,0,3,1,7,web,False,False,False,True,0,0,0,0,0,0,0,0.0,8,0
7441,51,Graduation,2,Divorced,71128.0,1,0,2,2012-10-06,4104,80,958,159,447,20,0,31,1615,high_value,2,10,12,3,27,store,False,False,True,False,0,0,0,0,0,0,0,0.0,7,0
1071,48,Phd,4,Divorced,70179.0,0,1,2,2013-07-21,3816,10,532,88,168,69,44,133,1034,high_value,7,3,13,3,26,store,False,False,True,False,0,0,0,0,0,0,0,0.0,5,0
10061,74,Graduation,2,Married,59462.0,0,1,2,2013-01-05,4013,29,724,17,143,0,8,196,1088,high_value,9,2,12,2,25,store,False,False,True,False,0,0,0,0,0,0,0,0.0,7,0
8775,55,Graduation,2,Together,38361.0,1,0,2,2013-12-27,3657,74,39,0,56,20,8,14,137,mid_value,3,1,3,3,10,web,False,False,False,True,0,0,0,0,0,0,0,0.0,7,0
2345,42,Phd,4,Together,70038.0,0,0,1,2013-10-25,3720,54,587,54,348,71,54,130,1244,high_value,4,4,8,1,17,store,False,False,True,False,0,0,0,0,0,0,0,0.0,2,0
322,46,Graduation,2,Together,42554.0,1,1,3,2013-01-12,4006,93,29,1,11,0,0,0,41,low_value,2,0,3,2,7,store,False,False,True,False,0,0,0,0,0,0,0,0.0,4,0
10897,50,Graduation,2,Married,67445.0,0,1,2,2012-08-12,4159,63,757,80,217,29,80,11,1174,high_value,9,6,12,5,32,store,False,False,True,False,0,0,0,0,0,0,0,0.0,6,0
123,73,Graduation,2,Widow,67046.0,0,1,2,2013-01-06,4012,92,544,35,133,23,151,107,993,high_value,4,5,4,2,15,catalog,True,False,False,False,0,0,0,0,0,0,0,0.0,2,0
6103,76,Graduation,2,Married,42192.0,0,0,1,2013-09-06,3769,40,40,15,15,17,6,7,100,low_value,2,1,3,1,7,store,False,False,True,False,0,0,0,0,0,0,0,0.0,4,0
7899,72,Phd,4,Married,77610.0,0,1,2,2012-10-29,4081,70,1245,33,332,21,33,16,1680,high_value,4,7,4,2,17,catalog,True,False,False,False,0,0,0,0,0,0,0,0.0,7,0
10500,40,Graduation,2,Married,31761.0,1,0,2,2014-04-05,3558,96,19,1,20,16,14,28,98,low_value,3,0,4,2,9,store,False,False,True,False,0,0,0,0,0,0,0,0.0,5,0
1655,45,Graduation,2,Together,34350.0,1,0,2,2013-10-19,3726,81,16,3,15,2,1,11,48,low_value,1,0,3,1,5,store,False,False,True,False,0,0,0,0,0,0,0,0.0,7,0
2406,75,Graduation,2,Together,54591.0,0,1,2,2013-08-05,3801,63,376,4,94,12,9,24,519,mid_value,6,2,8,3,19,store,False,False,True,False,0,0,0,0,0,0,0,0.0,5,0
2712,68,Graduation,2,Married,71866.0,0,1,2,2013-12-25,3659,85,184,178,178,103,39,33,715,mid_value,6,3,10,1,20,store,False,False,True,False,0,0,0,0,0,0,0,0.0,3,0
5517,55,Graduation,2,Married,25293.0,1,0,2,2013-09-15,3760,51,15,0,11,0,2,9,37,low_value,1,1,2,1,5,store,False,False,True,False,0,0,0,0,0,0,0,0.0,8,0
10643,37,Phd,4,Single,42000.0,0,0,1,2013-01-10,4008,23,124,83,267,85,59,35,653,mid_value,5,2,11,2,20,store,False,False,True,False,0,0,0,0,0,1,1,0.16666666666666666,5,0
2254,41,Graduation,2,Married,69520.0,0,0,1,2013-07-07,3830,95,627,120,414,121,80,93,1455,high_value,9,6,5,1,21,web,False,False,False,True,0,0,0,0,0,0,0,0.0,5,0
10281,54,Graduation,2,Divorced,64713.0,1,0,2,2014-02-07,3615,11,180,60,241,13,54,54,602,mid_value,5,5,7,2,19,store,False,False,True,False,0,0,0,0,0,1,1,0.16666666666666666,4,0
6958,47,Master,3,Married,27889.0,1,0,2,2013-07-05,3832,42,14,0,4,0,0,8,26,low_value,1,1,2,1,5,store,False,False,True,False,0,0,0,0,0,0,0,0.0,6,0
954,64,Basic,0,Widow,22123.0,0,0,1,2014-03-27,3567,77,3,3,24,34,7,31,102,low_value,2,1,3,1,7,store,False,False,True,False,0,0,0,0,0,0,0,0.0,5,0
4643,51,Graduation,2,Married,27803.0,1,0,2,2012-08-26,4145,40,8,26,46,38,9,49,176,mid_value,3,0,4,2,9,store,False,False,True,False,0,0,0,0,0,0,0,0.0,8,0
6497,64,Graduation,2,Married,51651.0,0,1,2,2012-11-07,4072,32,293,6,23,13,6,92,433,mid_value,6,2,5,4,17,web,False,False,False,True,0,0,0,0,0,0,0,0.0,8,0
5396,36,Graduation,2,Married,68487.0,0,0,1,2013-01-13,4005,48,758,12,385,33,89,89,1366,high_value,9,7,13,1,30,store,False,False,True,False,0,0,0,0,0,0,0,0.0,4,0
1052,55,Graduation,2,Married,56796.0,0,1,2,2013-02-16,3971,24,656,38,161,62,47,37,1001,high_value,8,9,7,3,27,catalog,True,False,False,False,0,0,0,0,0,0,0,0.0,7,0
2802,32,2N Cycle,1,Married,87000.0,0,0,1,2012-12-15,4034,61,196,25,607,67,17,49,961,high_value,4,6,7,1,18,store,False,False,True,False,0,0,0,0,0,0,0,0.0,2,0
6343,65,Graduation,2,Married,79823.0,0,1,2,2014-03-31,3563,6,835,73,380,114,73,43,1518,high_value,6,9,7,1,23,catalog,True,False,False,False,0,0,0,1,0,0,1,0.16666666666666666,2,0
6507,44,Graduation,2,Single,30828.0,1,0,2,2013-10-04,3741,16,16,11,15,2,0,12,56,low_value,1,1,4,2,8,store,False,False,True,False,0,0,0,0,0,0,0,0.0,3,0
7901,53,Master,3,Married,34109.0,0,1,2,2013-11-06,3708,39,9,1,5,2,1,4,22,low_value,0,0,3,1,4,store,False,False,True,False,0,0,0,0,0,0,0,0.0,4,0
4865,50,Master,3,Divorced,53367.0,1,1,3,2013-08-31,3775,2,229,7,140,10,3,11,400,mid_value,5,1,8,7,21,store,False,False,True,False,0,0,0,0,0,1,1,0.16666666666666666,7,0
2686,55,Basic,0,Together,22390.0,0,0,1,2013-10-21,3724,49,0,1,4,15,1,5,26,low_value,1,0,2,1,4,store,False,False,True,False,0,0,0,0,0,0,0,0.0,7,0
3107,48,Graduation,2,Together,71322.0,0,1,2,2014-05-02,3531,31,121,24,124,24,15,42,350,mid_value,4,1,7,1,13,store,False,False,True,False,0,0,0,0,0,0,0,0.0,2,0
7734,31,Graduation,2,Single,79244.0,0,0,1,2012-12-19,4030,58,471,102,125,212,61,245,1216,high_value,4,10,7,1,22,catalog,True,False,False,False,1,0,0,0,1,1,3,0.5,1,0
1146,75,Master,3,Together,49912.0,0,1,2,2012-09-07,4133,5,520,8,223,32,49,42,874,high_value,10,5,7,4,26,web,False,False,False,True,0,0,1,0,0,1,2,0.3333333333333333,8,0
11031,74,Phd,4,Married,48699.0,1,1,3,2013-05-21,3877,90,26,1,10,2,0,1,40,low_value,1,0,3,1,5,store,False,False,True,False,0,0,0,0,0,0,0,0.0,5,0
7428,49,Graduation,2,Together,80144.0,0,0,1,2013-09-30,3745,47,240,132,445,250,192,108,1367,high_value,3,7,8,1,19,store,False,False,True,False,0,0,0,0,0,0,0,0.0,1,0
975,68,Graduation,2,Single,54252.0,1,1,3,2013-05-28,3870,25,178,4,26,8,4,44,264,mid_value,4,1,5,5,15,store,False,False,True,False,0,0,0,0,0,0,0,0.0,6,0
1103,48,Master,3,Married,81929.0,1,0,2,2012-09-29,4111,60,1486,55,278,49,0,185,2053,high_value,4,4,10,2,20,store,False,False,True,False,0,0,1,0,1,1,3,0.5,6,0
3422,49,Graduation,2,Married,76068.0,0,1,2,2012-11-29,4050,67,1115,12,128,33,12,76,1376,high_value,2,3,4,1,10,store,False,False,True,False,0,1,0,1,0,0,2,0.3333333333333333,6,0
1055,48,Master,3,Married,53204.0,1,1,3,2014-03-20,3574,40,29,0,8,2,0,6,45,low_value,1,0,3,1,5,store,False,False,True,False,0,0,0,0,0,0,0,0.0,4,0
6544,75,Phd,4,Together,67911.0,0,1,2,2014-05-22,3511,63,529,0,356,63,28,0,976,high_value,6,7,11,3,27,store,False,False,True,False,0,0,0,0,0,0,0,0.0,3,0
1241,40,2N Cycle,1,Married,14796.0,1,0,2,2012-09-17,4123,1,13,3,8,7,4,16,51,low_value,1,0,3,2,6,store,False,False,True,False,0,0,0,0,0,1,1,0.16666666666666666,9,0
2909,50,Phd,4,Married,78128.0,0,1,2,2014-02-19,3603,89,934,24,230,16,24,36,1264,high_value,8,4,6,2,20,web,False,False,False,True,0,0,0,1,1,0,2,0.3333333333333333,3,0
5802,52,Basic,0,Married,14188.0,0,0,1,2013-02-28,3959,40,2,7,11,16,12,27,75,low_value,2,0,4,1,7,store,False,False,True,False,0,0,0,0,0,0,0,0.0,6,0
1407,38,Basic,0,Married,20425.0,1,0,2,2012-10-29,4081,5,4,12,5,3,16,17,57,low_value,2,0,3,2,7,store,False,False,True,False,0,0,0,0,0,0,0,0.0,7,0
6183,62,Master,3,Married,58646.0,0,1,2,2013-06-10,3857,3,62,1,44,6,5,22,140,mid_value,2,1,4,1,8,store,False,False,True,False,0,0,0,0,0,0,0,0.0,4,0
340,54,Graduation,2,Divorced,72967.0,0,1,2,2012-12-15,4034,1,158,35,179,0,0,125,497,mid_value,7,2,8,2,19,store,False,False,True,False,0,0,1,0,0,1,2,0.3333333333333333,5,0
5991,75,Master,3,Married,48150.0,0,1,2,2013-06-08,3859,24,173,2,39,3,2,47,266,mid_value,5,1,4,3,13,web,False,False,False,True,0,0,0,0,0,0,0,0.0,7,0
3104,63,Graduation,2,Single,82332.0,0,0,1,2012-09-17,4123,89,830,59,968,51,79,19,2006,high_value,5,3,12,1,21,store,False,False,True,False,0,0,0,0,1,1,2,0.3333333333333333,2,0
9729,69,Graduation,2,Widow,58275.0,1,1,3,2013-06-02,3865,48,189,10,253,56,43,64,615,mid_value,8,2,7,6,23,web,False,False,False,True,0,0,0,0,0,0,0,0.0,7,0
1008,43,Phd,4,Together,44953.0,0,0,1,2012-12-21,4028,31,728,17,133,11,8,124,1021,high_value,7,3,13,1,24,store,False,False,True,False,0,0,1,0,0,0,1,0.16666666666666666,6,0
11091,71,Graduation,2,Together,34587.0,1,1,3,2014-05-16,3517,68,7,2,9,2,0,2,22,low_value,1,0,3,2,6,store,False,False,True,False,0,0,0,0,0,0,0,0.0,4,0
3969,50,Master,3,Together,43018.0,0,1,2,2013-11-01,3713,46,35,4,17,7,6,64,133,mid_value,2,2,2,1,7,web,False,False,False,True,0,0,0,0,0,0,0,0.0,5,0
1916,70,Master,3,Married,45736.0,0,1,2,2013-07-24,3813,92,188,3,180,20,3,43,437,mid_value,7,1,6,5,19,web,False,False,False,True,0,0,0,0,0,0,0,0.0,7,0
9907,55,Master,3,Together,66476.0,0,1,2,2013-12-04,3680,80,742,28,152,25,9,57,1013,high_value,6,8,10,2,26,store,False,False,True,False,0,0,0,0,0,0,0,0.0,4,0
87,43,2N Cycle,1,Married,27733.0,1,0,2,2013-08-26,3780,16,0,7,5,26,2,17,57,low_value,2,0,3,2,7,store,False,False,True,False,0,0,0,0,0,0,0,0.0,7,0
8659,72,Phd,4,Together,69805.0,0,1,2,2014-01-21,3632,50,750,71,174,13,10,20,1038,high_value,6,8,11,2,27,store,False,False,True,False,0,0,0,0,0,0,0,0.0,2,0
6262,62,Master,3,Single,72217.0,0,0,1,2013-04-10,3918,93,816,42,450,55,56,154,1573,high_value,3,10,8,1,22,catalog,True,False,False,False,0,0,0,0,0,0,0,0.0,2,0
6147,53,Graduation,2,Divorced,25818.0,1,0,2,2012-10-18,4092,51,5,2,8,2,2,9,28,low_value,0,1,2,1,4,store,False,False,True,False,0,0,0,0,0,0,0,0.0,7,0
8832,48,Master,3,Together,37509.0,1,0,2,2012-09-12,4128,24,37,5,56,12,8,5,123,mid_value,3,0,4,2,9,store,False,False,True,False,0,0,0,0,0,0,0,0.0,7,0
10067,48,2N Cycle,1,Together,25176.0,1,1,3,2013-08-10,3796,79,4,0,4,0,0,5,13,low_value,1,0,2,1,4,store,False,False,True,False,0,0,0,0,0,0,0,0.0,7,0
7532,44,Graduation,2,Married,43586.0,0,1,2,2012-08-30,4141,26,99,2,11,4,0,16,132,mid_value,3,0,4,3,10,store,False,False,True,False,0,0,0,0,0,0,0,0.0,8,0
4915,68,2N Cycle,1,Married,53230.0,0,1,2,2012-08-03,4168,86,176,72,98,136,21,229,732,mid_value,5,2,12,4,23,store,False,False,True,False,0,0,0,0,0,0,0,0.0,5,0
2115,67,Graduation,2,Together,50116.0,1,1,3,2014-06-20,3482,68,54,0,10,0,0,2,66,low_value,1,0,4,2,7,store,False,False,True,False,0,0,0,1,0,0,1,0.16666666666666666,5,0
2088,52,Graduation,2,Together,84906.0,0,0,1,2013-10-04,3741,98,997,15,414,99,30,76,1631,high_value,5,6,12,1,24,store,False,False,True,False,0,1,0,1,1,0,3,0.5,2,0
2493,58,Graduation,2,Married,61286.0,0,1,2,2013-08-02,3804,34,356,0,107,19,9,117,608,mid_value,7,1,8,2,18,store,False,False,True,False,0,0,0,0,0,0,0,0.0,5,0
6292,38,Phd,4,Married,82333.0,0,0,1,2013-03-30,3929,60,1311,0,359,46,89,17,1822,high_value,4,3,10,1,18,store,False,False,True,False,0,0,0,0,1,1,2,0.3333333333333333,2,0
1631,59,Phd,4,Together,65220.0,0,0,1,2012-09-03,4137,3,890,63,292,0,25,12,1282,high_value,8,4,7,4,23,web,False,False,False,True,0,0,0,0,0,1,1,0.16666666666666666,6,0
10104,50,Graduation,2,Together,33590.0,2,1,4,2013-11-03,3711,65,4,0,2,0,0,2,8,low_value,1,0,2,1,4,store,False,False,True,False,0,0,0,0,0,0,0,0.0,7,0
3006,48,Graduation,2,Divorced,30992.0,1,0,2,2013-04-22,3906,83,17,0,14,7,3,2,43,low_value,1,0,3,1,5,store,False,False,True,False,0,0,0,0,0,0,0,0.0,7,0
3919,48,Master,3,Single,72309.0,0,0,1,2013-03-11,3948,64,960,0,883,50,38,0,1931,high_value,5,6,8,1,20,store,False,False,True,False,1,0,0,0,0,1,2,0.3333333333333333,3,0
11181,75,Phd,4,Married,156924.0,0,0,1,2013-08-29,3777,85,2,1,2,1,1,1,8,low_value,0,0,0,0,0,web,False,False,False,True,0,0,0,0,0,0,0,0.0,0,0
642,44,Basic,0,Married,16005.0,1,0,2,2012-08-14,4157,69,1,3,2,20,30,47,103,low_value,2,1,2,3,8,deals,False,True,False,False,0,0,0,0,0,0,0,0.0,8,0
4369,67,Master,3,Single,65487.0,0,0,1,2014-01-10,3643,48,240,67,500,199,0,163,1169,high_value,3,5,6,3,17,store,False,False,True,False,0,0,0,0,0,0,0,0.0,2,0
10127,59,Graduation,2,Married,58692.0,0,1,2,2014-04-06,3557,21,301,11,61,4,7,11,395,mid_value,8,2,4,1,15,web,False,False,False,True,0,0,0,0,0,0,0,0.0,7,0
271,55,Graduation,2,Widow,40590.0,1,1,3,2013-10-02,3743,30,154,0,50,6,11,37,258,mid_value,3,4,3,5,15,deals,False,True,False,False,0,0,1,0,0,0,1,0.16666666666666666,6,0
4973,54,Graduation,2,Single,20587.0,1,0,2,2014-05-11,3522,39,2,3,6,4,1,9,25,low_value,1,1,2,1,5,store,False,False,True,False,0,0,0,0,0,0,0,0.0,7,0
2948,70,Master,3,Divorced,62637.0,0,1,2,2014-03-01,3593,76,104,12,48,4,12,5,185,mid_value,2,2,5,1,10,store,False,False,True,False,0,0,0,0,0,0,0,0.0,2,0
2715,58,Master,3,Divorced,29435.0,1,1,3,2012-08-06,4165,11,70,3,37,4,2,64,180,mid_value,3,2,2,4,11,deals,False,True,False,False,0,0,0,0,0,1,1,0.16666666666666666,9,0
10432,50,Graduation,2,Divorced,19346.0,1,0,2,2014-01-30,3623,26,2,0,9,3,6,2,22,low_value,1,0,3,1,5,store,False,False,True,False,0,0,0,0,0,0,0,0.0,8,0
9216,53,Graduation,2,Married,35788.0,1,1,3,2014-01-23,3630,34,23,2,11,3,1,4,44,low_value,2,0,3,2,7,store,False,False,True,False,0,0,0,0,0,0,0,0.0,6,0
7124,56,Graduation,2,Divorced,36997.0,1,1,3,2013-02-01,3986,72,43,4,12,8,0,27,94,low_value,2,1,4,5,12,deals,False,True,False,False,0,0,0,0,0,0,0,0.0,5,0
9727,67,Graduation,2,Married,23539.0,0,0,1,2014-02-28,3594,13,4,24,11,16,1,25,81,low_value,2,0,4,1,7,store,False,False,True,False,0,0,0,0,0,0,0,0.0,6,0
5136,51,Graduation,2,Single,65333.0,0,1,2,2014-01-17,3636,58,654,7,92,0,15,30,798,mid_value,9,4,8,7,28,web,False,False,False,True,0,0,0,1,1,0,2,0.3333333333333333,6,0
9790,67,Graduation,2,Single,78499.0,0,0,1,2013-11-23,3691,12,912,72,170,47,36,97,1334,high_value,11,3,4,1,19,web,False,False,False,True,0,0,0,0,1,1,2,0.3333333333333333,4,0
1818,53,Phd,4,Together,29732.0,1,0,2,2014-03-25,3569,23,25,0,8,0,1,4,38,low_value,2,0,2,1,5,web,False,False,False,True,0,0,0,0,0,0,0,0.0,9,0
1100,64,Master,3,Together,41275.0,1,2,4,2014-03-24,3570,33,24,4,22,0,2,9,61,low_value,3,1,3,4,11,deals,False,True,False,False,0,0,0,0,0,0,0,0.0,5,0
7873,51,Phd,4,Together,63516.0,1,1,3,2013-07-06,3831,30,141,11,114,15,14,5,300,mid_value,4,1,7,4,16,store,False,False,True,False,0,0,0,0,0,0,0,0.0,5,0
10609,62,Phd,4,Married,42769.0,0,1,2,2013-10-12,3733,15,71,0,13,3,1,0,88,low_value,1,1,4,2,8,store,False,False,True,False,0,0,0,0,0,0,0,0.0,4,0
6950,66,Master,3,Married,49572.0,1,1,3,2013-12-15,3669,25,35,1,16,0,1,1,54,low_value,2,0,3,2,7,store,False,False,True,False,0,0,0,0,0,0,0,0.0,7,0
7233,52,Graduation,2,Married,69209.0,0,0,1,2012-09-17,4123,4,496,32,849,229,48,128,1782,high_value,5,3,6,2,16,store,False,False,True,False,1,0,0,0,0,0,1,0.16666666666666666,4,0
9481,48,Graduation,2,Married,17148.0,1,0,2,2014-01-28,3625,80,9,9,11,13,10,16,68,low_value,3,1,3,4,11,deals,False,True,False,False,0,0,0,0,0,0,0,0.0,8,0
7699,55,Graduation,2,Widow,40590.0,1,1,3,2013-10-02,3743,30,154,0,50,6,11,37,258,mid_value,3,4,3,5,15,deals,False,True,False,False,0,0,1,0,0,0,1,0.16666666666666666,6,0
2711,48,Master,3,Together,30560.0,1,0,2,2013-06-27,3840,6,9,1,5,4,5,7,31,low_value,1,0,3,1,5,store,False,False,True,False,0,0,0,0,0,0,0,0.0,7,0
8933,41,2N Cycle,1,Married,32146.0,1,0,2,2014-05-12,3521,16,26,3,23,4,7,3,66,low_value,2,0,4,2,8,store,False,False,True,False,0,0,0,0,0,0,0,0.0,6,0
8726,60,2N Cycle,1,Divorced,41713.0,1,1,3,2014-04-29,3534,57,77,8,44,10,10,25,174,mid_value,3,1,4,5,13,deals,False,True,False,False,0,0,0,0,0,0,0,0.0,6,0
1515,49,Master,3,Together,34176.0,0,1,2,2014-01-22,3631,9,11,2,7,4,2,2,28,low_value,1,0,3,1,5,store,False,False,True,False,0,0,0,0,0,0,0,0.0,3,0
5186,69,Phd,4,Married,58482.0,0,1,2,2014-03-12,3582,59,576,7,115,19,7,7,731,mid_value,7,4,9,2,22,store,False,False,True,False,0,0,0,1,0,0,1,0.16666666666666666,6,0
10157,59,Graduation,2,Single,59686.0,0,1,2,2014-01-25,3628,78,89,15,89,34,42,5,274,mid_value,4,1,6,1,12,store,False,False,True,False,0,0,0,0,0,0,0,0.0,4,0
5667,60,Phd,4,Married,60896.0,0,1,2,2012-10-11,4099,90,1013,30,399,60,46,153,1701,high_value,9,10,4,3,26,catalog,True,False,False,False,0,0,0,0,0,1,1,0.16666666666666666,6,0
902,44,Graduation,2,Together,62994.0,1,0,2,2014-03-04,3590,74,224,12,48,4,12,12,312,mid_value,6,2,4,1,13,web,False,False,False,True,0,0,0,0,0,0,0,0.0,6,0
977,67,Graduation,2,Together,47320.0,0,1,2,2013-08-01,3805,10,200,19,111,50,15,19,414,mid_value,5,1,8,6,20,store,False,False,True,False,0,0,0,0,0,0,0,0.0,6,0
7313,75,2N Cycle,1,Widow,74859.0,0,0,1,2013-06-03,3864,63,570,73,614,133,102,73,1565,high_value,6,5,11,1,23,store,False,False,True,False,1,0,0,0,0,0,1,0.16666666666666666,3,0
7600,32,Basic,0,Single,15253.0,1,0,2,2013-10-28,3717,13,1,3,3,8,1,13,29,low_value,1,0,3,2,6,store,False,False,True,False,0,0,0,0,0,0,0,0.0,7,0
9706,50,Phd,4,Single,31560.0,1,0,2,2013-06-24,3843,98,62,1,20,4,0,7,94,low_value,2,1,3,2,8,store,False,False,True,False,0,0,0,0,0,0,0,0.0,8,0
2429,70,Graduation,2,Divorced,72071.0,0,1,2,2013-02-14,3973,4,531,69,300,150,138,150,1338,high_value,5,4,8,3,20,store,False,False,True,False,0,0,0,0,0,0,0,0.0,2,0
3520,34,Master,3,Single,91172.0,0,0,1,2013-03-27,3932,94,162,28,818,0,28,56,1092,high_value,4,3,7,0,14,store,False,False,True,False,1,1,1,0,1,1,5,0.8333333333333334,3,0
10394,40,Graduation,2,Married,90000.0,0,0,1,2013-12-23,3661,91,675,144,133,94,192,241,1479,high_value,4,8,5,1,18,catalog,True,False,False,False,1,0,1,0,1,0,3,0.5,1,0
4548,43,Graduation,2,Single,41967.0,1,1,3,2013-11-23,3691,66,23,4,10,0,2,15,54,low_value,1,0,3,1,5,store,False,False,True,False,0,0,0,0,0,0,0,0.0,4,0
9362,59,Graduation,2,Single,69263.0,0,1,2,2014-03-05,3589,14,492,5,32,13,5,21,568,mid_value,9,1,7,1,18,web,False,False,False,True,0,0,0,1,0,0,1,0.16666666666666666,6,0
3968,54,2N Cycle,1,Divorced,65706.0,0,0,1,2013-06-28,3839,77,918,10,129,13,0,129,1199,high_value,11,3,12,1,27,store,False,False,True,False,0,1,0,1,1,1,4,0.6666666666666666,7,0
4084,49,Graduation,2,Together,60934.0,0,1,2,2014-01-17,3636,41,224,155,155,192,93,54,873,high_value,6,4,11,2,23,store,False,False,True,False,0,0,0,0,0,0,0,0.0,4,0
6721,73,Graduation,2,Married,71965.0,0,1,2,2013-07-29,3808,21,572,19,286,50,38,248,1213,high_value,6,3,5,3,17,web,False,False,False,True,0,0,0,0,0,0,0,0.0,3,0
2829,69,Graduation,2,Married,65210.0,0,1,2,2014-03-10,3584,25,626,0,70,0,7,28,731,mid_value,9,3,8,2,22,web,False,False,False,True,1,0,0,1,0,0,2,0.3333333333333333,6,0
1772,49,Phd,4,Married,79174.0,0,0,1,2013-01-11,4007,2,1074,37,518,193,92,129,2043,high_value,5,6,7,1,19,store,False,False,True,False,1,0,0,0,1,1,3,0.5,2,0
1544,57,Master,3,Divorced,81380.0,0,0,1,2012-12-22,4027,51,741,68,689,224,68,103,1893,high_value,4,2,10,1,17,store,False,False,True,False,0,0,0,0,0,0,0,0.0,2,0
492,51,Phd,4,Single,48432.0,0,1,2,2012-10-18,4092,3,322,3,50,4,3,42,424,mid_value,7,1,6,5,19,web,False,False,False,True,0,0,0,0,0,0,0,0.0,8,0
4377,53,Graduation,2,Married,52914.0,0,1,2,2013-01-07,4011,32,254,10,44,30,10,227,575,mid_value,7,3,3,2,15,web,False,False,False,True,0,0,1,0,0,0,1,0.16666666666666666,7,0
4541,69,Graduation,2,Together,38946.0,0,1,2,2013-10-24,3721,84,116,6,82,6,6,41,257,mid_value,3,1,6,2,12,store,False,False,True,False,0,0,0,0,0,0,0,0.0,5,0
1321,50,Graduation,2,Married,26067.0,1,0,2,2013-11-04,3710,49,22,2,18,0,2,12,56,low_value,3,0,3,3,9,web,False,False,False,True,0,0,0,0,0,0,0,0.0,8,0
8858,52,Phd,4,Married,44325.0,0,1,2,2013-03-07,3952,69,516,0,21,0,0,5,542,mid_value,8,2,7,4,21,web,False,False,False,True,0,0,0,1,0,0,1,0.16666666666666666,8,0
3266,60,Graduation,2,Married,42523.0,0,0,1,2014-04-23,3540,96,14,36,11,3,26,35,125,mid_value,1,1,4,1,7,store,False,False,True,False,0,0,0,0,0,0,0,0.0,2,0
11187,46,Basic,0,Single,26487.0,1,0,2,2013-05-20,3878,23,2,8,10,12,14,23,69,low_value,2,1,3,3,9,store,False,False,True,False,0,0,0,0,0,0,0,0.0,5,0
8207,67,2N Cycle,1,Married,53233.0,0,1,2,2014-03-18,3576,18,28,0,9,3,0,0,40,low_value,1,0,3,1,5,store,False,False,True,False,0,0,0,0,0,0,0,0.0,4,0
9723,64,Graduation,2,Married,67716.0,0,1,2,2013-01-10,4008,8,530,142,217,62,9,56,1016,high_value,7,4,13,4,28,store,False,False,True,False,0,0,0,1,0,0,1,0.16666666666666666,5,0
2666,52,Master,3,Married,76234.0,0,1,2,2014-02-06,3616,21,519,50,167,130,0,41,907,high_value,8,3,11,1,23,store,False,False,True,False,0,0,0,1,0,0,1,0.16666666666666666,3,0
5721,68,Phd,4,Married,84117.0,0,0,1,2014-05-11,3522,60,611,76,749,59,45,26,1566,high_value,7,10,6,1,24,catalog,True,False,False,False,0,0,0,0,1,0,1,0.16666666666666666,2,0
10652,67,Master,3,Together,65487.0,0,0,1,2014-01-10,3643,48,240,67,500,199,0,163,1169,high_value,3,5,6,3,17,store,False,False,True,False,0,0,0,0,0,0,0,0.0,2,0
1646,52,Basic,0,Married,25224.0,1,0,2,2014-03-16,3578,36,4,9,12,11,2,8,46,low_value,1,1,3,2,7,store,False,False,True,False,0,0,0,0,0,0,0,0.0,3,0
4418,41,Master,3,Single,89616.0,0,0,1,2013-02-25,3962,36,671,47,655,145,111,15,1644,high_value,7,5,12,1,25,store,False,False,True,False,0,0,0,0,0,1,1,0.16666666666666666,2,0
2656,53,Graduation,2,Divorced,40851.0,1,1,3,2013-02-21,3966,63,23,1,7,0,4,24,59,low_value,1,1,2,1,5,store,False,False,True,False,0,0,0,0,0,0,0,0.0,7,0
7990,77,Graduation,2,Married,27469.0,0,0,1,2012-08-02,4169,2,9,1,2,3,2,0,17,low_value,0,0,3,1,4,store,False,False,True,False,0,0,0,0,0,0,0,0.0,6,0
8722,67,2N Cycle,1,Married,82347.0,0,0,1,2012-11-06,4073,38,556,54,845,202,133,63,1853,high_value,7,7,10,1,25,store,False,False,True,False,1,0,1,0,0,1,3,0.5,3,0
7118,67,Graduation,2,Married,73803.0,0,1,2,2012-08-01,4170,61,833,80,363,52,26,174,1528,high_value,9,5,6,2,22,web,False,False,False,True,0,0,1,0,0,1,2,0.3333333333333333,6,0
2980,72,Master,3,Single,8820.0,1,1,3,2013-03-22,3937,52,12,0,13,4,2,4,35,low_value,3,0,3,4,10,deals,False,True,False,False,0,0,0,0,0,0,0,0.0,8,0
1839,50,Graduation,2,Single,43322.0,0,0,1,2014-04-21,3542,25,56,7,48,10,2,18,141,mid_value,3,0,4,1,8,store,False,False,True,False,0,0,0,0,0,0,0,0.0,7,0
10722,51,Graduation,2,Together,55593.0,0,1,2,2013-08-21,3785,63,293,8,124,11,4,106,546,mid_value,6,6,3,2,17,web,False,False,False,True,0,0,1,0,0,0,1,0.16666666666666666,6,0
2632,70,Graduation,2,Married,50501.0,1,1,3,2013-06-18,3849,10,297,0,38,13,0,152,500,mid_value,5,4,4,7,20,deals,False,True,False,False,0,0,1,0,0,1,2,0.3333333333333333,6,0
9014,49,Graduation,2,Married,37085.0,1,1,3,2014-06-26,3476,65,39,1,16,2,0,3,61,low_value,3,0,3,4,10,deals,False,True,False,False,0,0,0,0,0,0,0,0.0,8,0
7620,34,Basic,0,Single,16185.0,1,0,2,2013-08-05,3801,71,5,11,16,21,8,45,106,low_value,2,2,2,2,8,web,False,False,False,True,0,0,0,0,0,0,0,0.0,8,0
10968,55,Graduation,2,Single,57731.0,0,1,2,2012-11-23,4056,0,266,21,300,65,8,44,704,mid_value,8,8,6,4,26,web,False,False,False,True,0,0,0,0,0,0,0,0.0,6,0
11133,51,Phd,4,Single,48432.0,0,1,2,2012-10-18,4092,3,322,3,50,4,3,42,424,mid_value,7,1,6,5,19,web,False,False,False,True,0,0,0,0,0,1,1,0.16666666666666666,8,0
2736,46,Graduation,2,Married,73807.0,0,1,2,2013-01-02,4016,88,366,124,156,71,78,54,849,high_value,5,5,11,2,23,store,False,False,True,False,0,0,0,0,0,0,0,0.0,2,0
1876,34,Graduation,2,Married,18929.0,0,0,1,2013-02-16,3971,15,32,0,8,23,4,18,85,low_value,1,0,4,1,6,store,False,False,True,False,0,0,0,0,0,0,0,0.0,6,0
5959,56,Graduation,2,Single,35893.0,1,1,3,2012-10-15,4095,80,158,0,23,0,0,18,199,mid_value,3,1,5,6,15,deals,False,True,False,False,0,0,0,0,0,0,0,0.0,8,0
1092,44,Graduation,2,Married,61014.0,0,1,2,2012-08-11,4160,17,269,129,495,182,43,29,1147,high_value,9,3,4,4,20,web,False,False,False,True,0,0,0,0,0,0,0,0.0,7,0
4333,70,Graduation,2,Together,32144.0,1,1,3,2014-03-23,3571,76,41,0,10,0,0,3,54,low_value,2,1,3,4,10,deals,False,True,False,False,0,0,0,1,0,0,1,0.16666666666666666,7,0
3850,61,Basic,0,Together,14918.0,0,1,2,2012-12-07,4042,52,3,3,3,15,4,15,43,low_value,1,0,3,1,5,store,False,False,True,False,0,0,0,0,0,0,0,0.0,6,0
6168,61,Graduation,2,Divorced,45146.0,1,1,3,2013-07-15,3822,28,33,0,5,0,0,15,53,low_value,1,1,2,2,6,store,False,False,True,False,0,0,0,0,0,0,0,0.0,4,0
607,69,2N Cycle,1,Divorced,41769.0,0,1,2,2013-02-13,3974,31,302,29,131,32,0,27,521,mid_value,8,1,7,6,22,web,False,False,False,True,0,0,0,0,0,0,0,0.0,8,0
10469,43,Graduation,2,Together,88325.0,0,0,1,2014-02-05,3617,42,519,71,860,93,27,53,1623,high_value,6,2,9,1,18,store,False,False,True,False,0,0,0,0,0,0,0,0.0,2,0
6983,74,Master,3,Divorced,38054.0,1,1,3,2014-05-01,3532,24,23,2,17,2,1,0,45,low_value,2,0,3,2,7,store,False,False,True,False,0,0,0,0,0,0,0,0.0,7,0
3661,29,2N Cycle,1,Single,80617.0,0,0,1,2012-10-12,4098,42,594,51,631,72,55,32,1435,high_value,4,6,8,1,19,store,False,False,True,False,0,0,0,0,0,0,0,0.0,2,0
9303,48,Graduation,2,Married,5305.0,0,1,2,2013-07-30,3807,12,12,4,7,1,3,5,32,low_value,1,0,0,0,1,web,False,False,False,True,0,0,0,0,0,0,0,0.0,13,0
692,70,Graduation,2,Together,36807.0,1,1,3,2012-12-20,4029,88,4,2,5,0,0,5,16,low_value,1,0,2,1,4,store,False,False,True,False,0,0,0,0,0,0,0,0.0,6,0
736,41,Graduation,2,Together,28427.0,1,0,2,2013-03-21,3938,67,18,3,19,3,3,6,52,low_value,2,0,3,2,7,store,False,False,True,False,0,0,0,0,0,0,0,0.0,8,0
9589,76,Phd,4,Widow,82032.0,0,0,1,2014-04-05,3558,54,332,194,377,149,125,57,1234,high_value,4,6,7,0,17,store,False,False,True,False,0,0,0,0,0,0,0,0.0,1,0
4838,46,Graduation,2,Together,22775.0,1,0,2,2013-06-19,3848,40,5,1,8,0,0,1,15,low_value,1,0,2,1,4,store,False,False,True,False,0,0,0,0,0,0,0,0.0,8,0
9246,39,Master,3,Together,40101.0,1,0,2,2012-10-14,4096,73,171,3,129,26,24,62,415,mid_value,6,1,6,4,17,web,False,False,False,True,0,0,0,0,0,0,0,0.0,7,0
6261,45,Graduation,2,Married,58025.0,0,1,2,2013-11-26,3688,81,270,31,88,11,48,22,470,mid_value,3,2,10,3,18,store,False,False,True,False,0,0,0,0,0,0,0,0.0,4,0
7366,42,Master,3,Single,75777.0,0,0,1,2013-07-04,3833,12,712,26,538,69,13,80,1438,high_value,3,6,11,1,21,store,False,False,True,False,0,0,0,1,1,1,3,0.5,1,0
10659,45,2N Cycle,1,Together,7500.0,1,0,2,2013-05-07,3891,7,2,8,11,3,8,21,53,low_value,3,2,2,4,11,deals,False,True,False,False,0,0,0,0,0,0,0,0.0,7,0
1448,61,Master,3,Married,33562.0,1,2,4,2014-06-25,3477,33,21,12,12,0,3,3,51,low_value,2,0,4,3,9,store,False,False,True,False,0,0,0,0,0,0,0,0.0,4,0
4286,54,Phd,4,Single,57642.0,0,1,2,2014-01-09,3644,24,580,6,58,8,0,27,679,mid_value,7,6,6,3,22,web,False,False,False,True,0,0,1,0,0,0,1,0.16666666666666666,4,0
4749,56,Graduation,2,Together,58554.0,1,1,3,2012-09-26,4114,55,368,24,68,38,0,88,586,mid_value,8,2,6,6,22,web,False,False,False,True,0,0,0,0,0,0,0,0.0,7,0
4478,45,Graduation,2,Married,63777.0,1,1,3,2013-03-24,3935,87,457,5,106,15,17,53,653,mid_value,11,1,6,8,26,web,False,False,False,True,0,0,0,0,0,0,0,0.0,8,0
4201,62,Graduation,2,Single,57967.0,0,1,2,2013-03-03,3956,39,229,7,137,4,0,91,468,mid_value,4,2,8,5,19,store,False,False,True,False,0,0,0,0,0,0,0,0.0,5,0
10084,52,Graduation,2,Married,24434.0,2,0,3,2014-05-18,3515,9,3,2,8,20,0,17,50,low_value,2,1,2,2,7,web,False,False,False,True,0,0,0,0,0,0,0,0.0,7,0
7004,40,Graduation,2,Single,11012.0,1,0,2,2013-03-16,3943,82,24,3,26,7,1,23,84,low_value,3,1,2,3,9,web,False,False,False,True,0,0,1,0,0,0,1,0.16666666666666666,9,0
9817,54,Master,3,Single,44802.0,0,0,1,2012-08-21,4150,71,853,10,143,13,10,20,1049,high_value,9,4,12,2,27,store,False,False,True,False,0,0,0,0,0,0,0,0.0,8,0
8080,38,Graduation,2,Single,26816.0,0,0,1,2012-08-17,4154,50,5,1,6,3,4,3,22,low_value,0,0,3,1,4,store,False,False,True,False,0,0,0,0,0,0,0,0.0,4,0
9432,47,Graduation,2,Together,666666.0,1,0,2,2013-06-02,3865,23,9,14,18,8,1,12,62,low_value,3,1,3,4,11,deals,False,True,False,False,0,0,0,0,0,0,0,0.0,6,0
8372,50,Graduation,2,Married,34421.0,1,0,2,2013-07-01,3836,81,3,3,7,6,2,9,30,low_value,1,0,2,1,4,store,False,False,True,False,0,0,0,0,0,0,0,0.0,7,0
10870,57,Graduation,2,Married,61223.0,0,1,2,2013-06-13,3854,46,709,43,182,42,118,247,1341,high_value,9,3,4,2,18,web,False,False,False,True,0,0,0,0,0,0,0,0.0,5,0
4001,78,Phd,4,Together,64014.0,2,1,4,2014-06-10,3492,56,406,0,30,0,0,8,444,mid_value,8,2,5,7,22,web,False,False,False,True,1,0,0,0,0,0,1,0.16666666666666666,7,0
7270,43,Graduation,2,Divorced,56981.0,0,0,1,2014-01-25,3628,91,908,48,217,32,12,24,1241,high_value,2,3,13,1,19,store,False,False,True,False,0,0,0,1,0,0,1,0.16666666666666666,6,0
8235,68,Master,3,Together,69245.0,0,1,2,2014-01-24,3629,8,428,30,214,80,30,61,843,high_value,6,5,10,2,23,store,False,False,True,False,0,0,0,0,0,0,0,0.0,3,0
9405,70,Phd,4,Married,52869.0,1,1,3,2012-10-15,4095,40,84,3,61,2,1,21,172,mid_value,3,1,4,3,11,store,False,False,True,False,0,0,0,0,0,1,1,0.16666666666666666,7,0
